uid,gid,player,pa,pc,py,ints,tdp,ra,sra,ry,tdr,trg,rec,recy,tdrec,ret,rety,tdret,fuml,peny,conv,snp,fp,fp2,fp3,game,seas,year,team,posd,jnum,dcp
88591,4257,TS-1450,26,18,178,2,1,5,3,20,0,0,0,0,0,0,0,0,0,0,0,58,9.12,11.12,9.12,1,2,2016,DEN,QB,13,1
88592,4257,DT-0900,0,0,0,0,0,0,0,0,0,6,4,48,0,0,0,0,0,0,0,44,4.8,6.8,8.8,1,7,2016,DEN,LWR,88,1
88593,4257,CA-0750,0,0,0,0,0,20,8,92,1,5,4,47,1,0,0,0,0,0,0,48,25.9,27.9,29.9,1,4,2016,DEN,RB,22,1
88594,4257,ES-0200,0,0,0,0,0,0,0,0,0,8,5,49,0,0,0,0,0,0,0,50,4.9,7.4,9.9,1,7,2016,DEN,RWR,10,1
88595,4257,VG-0300,0,0,0,0,0,0,0,0,0,5,4,28,0,0,0,0,0,0,0,41,2.8,4.8,6.8,1,6,2016,DEN,TE,85,1
88596,4257,DB-2950,0,0,0,0,0,3,1,8,0,0,0,0,0,0,0,0,1,0,0,6,-1.2,-1.2,-0.2,1,1,2016,DEN,RB,20,2
88597,4257,JS-6700,0,0,0,0,0,15,9,64,0,1,0,0,0,0,0,0,0,0,0,42,6.4,6.4,6.4,1,9,2016,CAR,RB,28,1
88598,4257,MT-1300,0,0,0,0,0,2,1,6,0,1,1,1,0,0,0,0,0,0,0,31,0.7,1.2,1.7,1,9,2016,CAR,FB,35,1
88599,4257,CN-0500,33,18,194,1,1,11,8,54,1,0,0,0,0,0,0,0,0,0,0,73,21.16,22.16,21.16,1,6,2016,CAR,QB,1,1
88600,4257,GO-0100,0,0,0,0,0,0,0,0,0,9,7,73,0,0,0,0,0,0,0,73,7.3,10.8,14.3,1,10,2016,CAR,TE,88,1
88601,4257,KB-0950,0,0,0,0,0,0,0,0,0,12,6,91,1,0,0,0,0,0,0,52,15.1,18.1,21.1,1,3,2016,CAR,LWR,13,1
88602,4257,TG-0900,0,0,0,0,0,1,1,20,0,1,1,5,0,3,21,0,0,0,0,45,2.5,3,3.5,1,10,2016,CAR,RWR,19,1
88603,4257,AJ-0375,0,0,0,0,0,1,1,28,1,0,0,0,0,0,0,0,0,0,0,29,8.8,8.8,8.8,1,1,2016,DEN,FB,32,1
88604,4257,FW-0750,0,0,0,0,0,3,3,13,0,1,1,4,0,0,0,0,0,0,0,13,1.7,2.2,2.7,1,5,2016,CAR,RB,43,2
88605,4257,DF-2200,0,0,0,0,0,0,0,0,0,4,1,9,0,0,0,0,0,5,0,39,0.9,1.4,1.9,1,2,2016,CAR,LWR,17,2
88606,4257,JN-1900,0,0,0,0,0,0,0,0,0,1,0,0,0,2,26,0,0,0,0,30,0,0,0,1,8,2016,DEN,RWR,11,3
88607,4257,CB-3850,0,0,0,0,0,0,0,0,0,2,1,11,0,0,0,0,0,0,0,39,1.1,1.6,2.1,1,3,2016,CAR,RWR,10,2
88608,4257,KB-1050,0,0,0,0,0,0,0,0,0,1,1,6,0,0,0,0,0,0,0,2,0.6,1.1,1.6,1,3,2016,DEN,RB,35,3
88609,4258,DH-2700,0,0,0,0,0,0,0,0,0,0,0,0,0,5,38,0,0,0,0,2,0,0,0,1,11,2016,BAL,LWR,14,3
88610,4258,JF-2800,0,0,0,0,0,10,7,41,0,3,3,15,0,0,0,0,0,0,0,34,5.6,7.1,8.6,1,9,2016,BAL,RB,29,1
88611,4258,JF-1900,34,23,258,0,1,4,0,-3,0,0,0,0,0,0,0,0,1,5,0,68,12.02,12.02,13.02,1,9,2016,BAL,QB,5,1
88612,4258,KJ-1400,0,0,0,0,0,1,0,2,0,3,2,21,0,0,0,0,0,0,0,21,2.3,3.3,4.3,1,4,2016,BAL,FB,44,1
88613,4258,TW-1350,0,0,0,0,0,12,3,32,0,2,2,6,0,0,0,0,0,0,0,30,3.8,4.8,5.8,1,3,2016,BAL,RB,28,2
88614,4258,TT-0500,22,15,111,0,0,5,2,11,0,0,0,0,0,0,0,0,0,5,0,49,5.54,5.54,5.54,1,6,2016,BUF,QB,5,1
88615,4258,LM-1000,0,0,0,0,0,16,8,58,1,4,4,12,0,0,0,0,0,0,0,42,13,15,17,1,8,2016,BUF,RB,25,1
88616,4258,MG-0650,0,0,0,0,0,0,0,0,0,1,1,-4,0,0,0,0,0,0,0,3,-0.4,0.1,0.6,1,4,2016,BUF,RB,35,2
88617,4258,SS-2100,0,0,0,0,0,0,0,0,0,9,5,19,0,0,0,0,0,5,0,45,1.9,4.4,6.9,1,16,2016,BAL,LWR,89,1
88618,4258,MW-0500,0,0,0,0,0,1,1,11,0,6,3,91,1,0,0,0,0,0,0,44,16.2,17.7,19.2,1,8,2016,BAL,RWR,12,1
88619,4258,CC-2100,0,0,0,0,0,0,0,0,0,3,2,40,0,0,0,0,0,0,0,48,4,5,6,1,6,2016,BUF,TE,85,1
88620,4258,BP-0450,0,0,0,0,0,0,0,0,0,2,1,35,0,0,0,0,0,0,0,21,3.5,4,4.5,1,2,2016,BAL,RWR,18,2
88621,4258,CG-1030,0,0,0,0,0,0,0,0,0,1,1,5,0,0,0,0,0,0,0,30,0.5,1,1.5,1,3,2016,BAL,TE,80,2
88622,4258,KA-0400,0,0,0,0,0,0,0,0,0,2,2,14,0,0,0,0,0,0,0,35,1.4,2.4,3.4,1,6,2016,BAL,LWR,11,2
88623,4258,SW-0450,0,0,0,0,0,0,0,0,0,6,4,43,0,0,0,0,0,0,0,42,4.3,6.3,8.3,1,3,2016,BUF,LWR,14,1
88624,4258,GS-0100,0,0,0,0,0,0,0,0,0,1,0,0,0,0,0,0,0,0,0,21,0,0,0,1,6,2016,BUF,RWR,11,2
88625,4258,GG-0487,0,0,0,0,0,0,0,0,0,0,0,0,0,0,0,0,0,10,0,8,0,0,0,1,1,2016,BUF,FB,48,1
88626,4258,RW-4050,0,0,0,0,0,0,0,0,0,5,4,20,0,0,0,0,0,0,0,41,2,4,6,1,4,2016,BUF,RWR,10,1
88627,4258,RB-4900,0,0,0,0,0,3,1,-4,0,1,0,0,0,1,0,0,0,0,0,4,-0.4,-0.4,-0.4,1,11,2016,BUF,RB,22,3
88628,4258,DP-1300,0,0,0,0,0,0,0,0,0,4,3,39,0,0,0,0,0,0,0,56,3.9,5.4,6.9,1,7,2016,BAL,TE,88,1
88629,4258,CM-2675,0,0,0,0,0,0,0,0,0,2,1,13,0,0,0,0,0,0,0,14,1.3,1.8,2.3,1,1,2016,BAL,RWR,10,3
88630,4258,BT-0300,0,0,0,0,0,0,0,0,0,0,0,0,0,1,21,0,0,0,0,2,0,0,0,1,8,2016,BUF,RWR,15,3
88631,4258,NO-0150,0,0,0,0,0,0,0,0,0,1,0,0,0,0,0,0,0,0,0,3,0,0,0,1,2,2016,BUF,TE,84,3
88632,4259,TE-0350,0,0,0,0,0,1,0,3,0,2,1,5,0,10,102,0,0,0,0,11,0.8,1.3,1.8,1,1,2016,HOU,RB,34,4
88633,4259,LM-1150,0,0,0,0,0,28,10,106,0,4,4,11,0,0,0,0,0,0,0,60,11.7,13.7,18.7,1,5,2016,HOU,RB,26,1
88634,4259,BO-0650,35,22,231,1,2,4,2,14,0,0,0,0,0,0,0,0,0,0,0,75,16.64,17.64,16.64,1,5,2016,HOU,QB,17,1
88635,4259,CF-0375,0,0,0,0,0,0,0,0,0,2,1,6,0,0,0,0,0,0,0,38,0.6,1.1,1.6,1,3,2016,HOU,TE,87,1
88636,4259,DH-3950,0,0,0,0,0,0,0,0,0,8,5,54,1,0,0,0,0,10,0,73,11.4,13.9,16.4,1,4,2016,HOU,LWR,10,1
88637,4259,JL-0280,0,0,0,0,0,17,10,57,1,4,2,6,0,0,0,0,0,0,0,54,12.3,13.3,14.3,1,2,2016,CHI,RB,33,1
88638,4259,JC-6200,29,16,216,1,1,2,1,12,0,0,0,0,0,0,0,0,0,0,0,56,11.84,12.84,11.84,1,11,2016,CHI,QB,6,1
88639,4259,AJ-0430,0,0,0,0,0,0,0,0,0,6,4,105,0,0,0,0,0,0,0,53,10.5,12.5,17.5,1,5,2016,CHI,LWR,17,1
88640,4259,ER-0500,0,0,0,0,0,0,0,0,0,6,4,57,1,5,40,0,0,0,0,36,11.7,13.7,15.7,1,9,2016,CHI,RWR,19,2
88641,4259,KW-0887,0,0,0,0,0,0,0,0,0,7,3,34,0,0,0,0,0,5,0,55,3.4,4.9,6.4,1,2,2016,CHI,RWR,13,1
88642,4259,LP-0200,0,0,0,0,0,0,0,0,0,1,0,0,0,0,0,0,0,0,0,20,0,0,0,1,7,2016,CHI,TE,82,3
88643,4259,WF-0300,0,0,0,0,0,0,0,0,0,11,5,107,1,0,0,0,0,0,0,54,16.7,19.2,24.7,1,1,2016,HOU,RWR,15,1
88644,4259,RG-1870,0,0,0,0,0,0,0,0,0,2,2,17,0,0,0,0,0,0,0,35,1.7,2.7,3.7,1,4,2016,HOU,TE,84,2
88645,4259,SA-0850,0,0,0,0,0,0,0,0,0,3,3,25,0,0,0,0,0,0,0,24,2.5,4,5.5,1,1,2016,HOU,TE,89,3
88646,4259,DT-1250,0,0,0,0,0,0,0,0,0,0,0,0,0,5,103,0,0,0,0,2,0,0,0,1,5,2016,CHI,LWR,14,2
88647,4259,ZM-0250,0,0,0,0,0,0,0,0,0,4,3,14,0,0,0,0,0,10,0,43,1.4,2.9,4.4,1,8,2016,CHI,TE,86,1
88648,4259,KC-0250,0,0,0,0,0,1,1,4,0,0,0,0,0,0,0,0,0,0,0,2,0.4,0.4,0.4,1,3,2016,CHI,RB,25,2
88649,4259,BM-2350,0,0,0,0,0,0,0,0,0,3,1,6,0,0,0,0,0,0,0,52,0.6,1.1,1.6,1,1,2016,HOU,RWR,13,2
88650,4259,JP-4187,0,0,0,0,0,1,1,2,0,0,0,0,0,0,0,0,0,15,0,10,0.2,0.2,0.2,1,3,2016,HOU,FB,45,1
88651,4259,AB-1975,0,0,0,0,0,1,1,4,0,0,0,0,0,0,0,0,0,0,0,3,0.4,0.4,0.4,1,3,2016,HOU,RB,28,2
88652,4260,JH-4025,0,0,0,0,0,9,4,31,1,0,0,0,0,0,0,0,0,0,0,29,9.1,9.1,9.1,1,3,2016,CIN,RB,32,1
88653,4260,AD-0100,30,23,366,1,1,3,1,7,0,0,0,0,0,0,0,0,0,0,0,57,17.34,18.34,20.34,1,6,2016,CIN,QB,14,1
88654,4260,AG-1500,0,0,0,0,0,0,0,0,0,13,12,180,1,0,0,0,0,0,0,54,24,30,39,1,6,2016,CIN,LWR,18,1
88655,4260,JM-0887,0,0,0,0,0,0,0,0,0,0,0,0,0,5,121,0,0,0,0,15,0,0,0,1,1,2016,NYJ,LWR,89,2
88656,4260,RF-0500,35,19,189,1,2,4,3,15,0,0,0,0,0,0,0,0,0,0,0,71,15.06,16.06,15.06,1,12,2016,NYJ,QB,14,1
88657,4260,QE-0100,0,0,0,0,0,0,0,0,0,8,7,54,1,0,0,0,0,0,0,63,11.4,14.9,18.4,1,3,2016,NYJ,RWR,81,2
88658,4260,MF-1300,0,0,0,0,0,22,9,96,0,7,5,59,0,0,0,0,0,0,0,54,15.5,18,20.5,1,9,2016,NYJ,RB,22,1
88659,4260,BM-0300,0,0,0,0,0,0,0,0,0,8,3,32,0,0,0,0,0,10,0,68,3.2,4.7,6.2,1,11,2016,NYJ,LWR,15,1
88660,4260,AE-1037,0,0,0,0,0,0,0,0,0,0,0,0,0,3,30,0,0,0,0,0,0,0,0,1,1,2016,CIN,RWR,12,3
88661,4260,CU-0150,0,0,0,0,0,0,0,0,0,5,2,59,0,0,0,0,0,0,0,53,5.9,6.9,7.9,1,2,2016,CIN,TE,87,2
88662,4260,TB-2075,0,0,0,0,0,0,0,0,0,3,2,24,0,0,0,0,0,0,0,44,2.4,3.4,4.4,1,1,2016,CIN,RWR,83,2
88663,4260,BP-1200,0,0,0,0,0,4,3,41,0,4,2,7,0,0,0,0,0,0,0,17,4.8,5.8,6.8,1,6,2016,NYJ,RB,29,2
88664,4260,GB-0350,0,0,0,0,0,5,2,25,0,4,2,5,0,0,0,0,0,0,0,28,3,4,5,1,4,2016,CIN,RB,25,2
88665,4260,BL-0100,0,0,0,0,0,0,0,0,0,4,4,91,0,0,0,0,0,0,0,55,9.1,11.1,13.1,1,7,2016,CIN,RWR,11,1
88666,4260,ED-0200,0,0,0,0,0,0,0,0,0,7,2,37,1,0,0,0,0,15,0,70,9.7,10.7,11.7,1,7,2016,NYJ,RWR,87,1
88667,4260,JW-6545,0,0,0,0,0,2,1,-6,0,1,1,7,0,0,0,0,0,0,0,5,0.1,0.6,1.1,1,3,2016,CIN,LWR,86,2
88668,4261,RM-1200,0,0,0,0,0,22,14,77,1,0,0,0,0,0,0,0,0,0,0,37,13.7,13.7,13.7,1,7,2016,PHI,RB,24,1
88669,4261,KB-0350,0,0,0,0,0,4,3,42,0,0,0,0,0,0,0,0,0,0,0,6,4.2,4.2,4.2,1,4,2016,PHI,RB,34,3
88670,4261,CW-1425,37,22,278,0,2,2,0,1,0,0,0,0,0,0,0,0,0,5,0,77,19.22,19.22,19.22,1,1,2016,PHI,QB,11,1
88671,4261,JM-1550,0,0,0,0,0,0,0,0,0,14,7,114,1,0,0,0,0,0,0,71,17.4,20.9,27.4,1,3,2016,PHI,SWR,81,1
88672,4261,ZE-0100,0,0,0,0,0,0,0,0,0,7,6,58,0,0,0,0,0,0,0,60,5.8,8.8,11.8,1,4,2016,PHI,TE,86,2
88673,4261,BC-0700,0,0,0,0,0,0,0,0,0,1,1,11,0,0,0,0,0,10,0,38,1.1,1.6,2.1,1,10,2016,PHI,TE,87,1
88674,4261,RG-1850,26,12,190,1,0,5,1,37,0,0,0,0,0,0,0,0,0,0,0,51,9.3,10.3,9.3,1,5,2016,CLE,QB,10,1
88675,4261,GB-0200,0,0,0,0,0,0,0,0,0,2,0,0,0,0,0,0,0,0,0,51,0,0,0,1,9,2016,CLE,TE,82,1
88676,4261,IC-0300,0,0,0,0,0,12,6,62,1,2,2,16,0,0,0,0,0,0,0,30,13.8,14.8,15.8,1,3,2016,CLE,RB,34,1
88677,4261,DS-3300,0,0,0,0,0,5,2,12,0,5,2,24,0,6,78,0,0,0,0,38,3.6,4.6,5.6,1,12,2016,PHI,RB,43,2
88678,4261,JH-5750,0,0,0,0,0,0,0,0,0,3,0,0,0,0,0,0,0,0,0,29,0,0,0,1,3,2016,PHI,LWR,13,1
88679,4261,DJ-1850,0,0,0,0,0,3,1,22,0,5,3,28,0,0,0,0,0,0,0,23,5,6.5,8,1,2,2016,CLE,RB,29,2
88680,4261,MJ-1175,0,0,0,0,0,0,0,0,0,2,2,9,0,0,0,0,0,0,0,10,0.9,1.9,2.9,1,2,2016,CLE,FB,42,1
88681,4261,AH-1900,0,0,0,0,0,1,0,-1,0,3,0,0,0,0,0,0,0,0,0,33,-0.1,-0.1,-0.1,1,6,2016,CLE,LWR,16,2
88682,4261,TP-2400,0,0,0,0,0,0,0,0,0,7,3,68,0,0,0,0,0,5,0,46,6.8,8.3,9.8,1,6,2016,CLE,RWR,11,1
88683,4261,CC-3650,0,0,0,0,0,0,0,0,0,5,2,69,0,0,0,0,0,0,0,47,6.9,7.9,8.9,1,1,2016,CLE,LWR,19,1
88684,4261,WS-0650,0,0,0,0,0,1,0,1,0,0,0,0,0,1,23,0,0,0,0,2,0.1,0.1,0.1,1,1,2016,PHI,RB,28,4
88685,4261,NA-0050,0,0,0,0,0,0,0,0,0,5,4,57,1,0,0,0,0,0,0,67,11.7,13.7,15.7,1,2,2016,PHI,RWR,17,1
88686,4261,DG-2650,0,0,0,0,0,0,0,0,0,2,2,14,0,0,0,0,0,0,0,25,1.4,2.4,3.4,1,2,2016,PHI,LWR,18,2
88687,4262,CG-1950,0,0,0,0,0,0,0,0,0,0,0,0,0,2,51,0,0,0,0,0,0,0,0,1,2,2016,JAC,RB,33,4
88688,4262,TY-0150,0,0,0,0,0,21,9,39,1,6,4,30,0,0,0,0,0,0,0,63,12.9,14.9,16.9,1,2,2016,JAC,RB,24,1
88689,4262,BB-2425,39,24,320,1,1,2,0,2,0,0,0,0,0,0,0,0,0,5,0,72,15,16,18,1,3,2016,JAC,QB,5,1
88690,4262,AR-1250,0,0,0,0,0,0,0,0,0,15,6,72,0,0,0,0,0,0,0,69,7.2,10.2,13.2,1,3,2016,JAC,LWR,15,1
88691,4262,ML-0650,0,0,0,0,0,0,0,0,0,4,2,22,0,0,0,0,0,0,0,36,2.2,3.2,4.2,1,3,2016,JAC,RWR,11,2
88692,4262,EL-0010,0,0,0,0,0,14,6,61,0,2,1,17,0,0,0,0,0,0,0,36,7.8,8.3,8.8,1,4,2016,GB,RB,27,1
88693,4262,AR-1300,34,20,199,0,2,4,3,16,1,0,0,0,0,0,0,0,0,10,0,64,23.56,23.56,23.56,1,12,2016,GB,QB,12,1
88694,4262,RC-1500,0,0,0,0,0,3,2,11,0,8,6,57,0,0,0,0,0,0,0,62,6.8,9.8,12.8,1,6,2016,GB,RWR,18,1
88695,4262,JT-2000,0,0,0,0,0,0,0,0,0,5,5,64,1,0,0,0,0,0,0,56,12.4,14.9,17.4,1,6,2016,JAC,TE,80,1
88696,4262,RR-1050,0,0,0,0,0,0,0,0,0,3,1,22,0,0,0,0,0,0,0,25,2.2,2.7,3.2,1,3,2016,GB,TE,82,1
88697,4262,DA-0212,0,0,0,0,0,0,0,0,0,7,3,50,1,0,0,0,0,0,0,59,11,12.5,14,1,3,2016,GB,LWR,17,2
88698,4262,RG-1812,0,0,0,0,0,0,0,0,0,2,1,9,0,2,14,0,0,0,0,24,0.9,1.4,1.9,1,2,2016,JAC,LWR,13,2
88699,4262,ML-1500,0,0,0,0,0,0,0,0,0,2,2,48,0,0,0,0,0,0,0,37,4.8,5.8,6.8,1,11,2016,JAC,TE,89,1
88700,4262,JS-6200,0,0,0,0,0,4,0,7,0,1,1,6,0,0,0,0,0,0,0,18,1.3,1.8,2.3,1,7,2016,GB,RB,44,2
88701,4262,JN-0900,0,0,0,0,0,0,0,0,0,9,6,32,1,0,0,0,0,0,0,54,9.2,12.2,15.2,1,9,2016,GB,LWR,87,1
88702,4262,AH-3900,0,0,0,0,0,0,0,0,0,5,4,75,0,0,0,0,0,5,0,62,7.5,9.5,11.5,1,3,2016,JAC,RWR,88,1
88703,4262,DR-2250,0,0,0,0,0,3,1,7,0,0,0,0,0,0,0,0,0,0,0,8,0.7,0.7,0.7,1,4,2016,JAC,RB,16,3
88704,4262,JC-4300,0,0,0,0,0,0,0,0,0,2,1,7,0,0,0,0,0,0,0,33,0.7,1.2,1.7,1,8,2016,GB,TE,89,2
88705,4262,JA-0050,0,0,0,0,0,0,0,0,0,1,1,8,0,0,0,0,0,0,0,14,0.8,1.3,1.8,1,3,2016,GB,RWR,84,2
88706,4262,TM-3150,0,0,0,0,0,0,0,0,0,0,0,0,0,1,14,0,0,0,0,11,0,0,0,1,2,2016,GB,RWR,88,3
88707,4263,MM-0900,0,0,0,0,0,0,0,0,0,0,0,0,0,8,132,0,0,0,0,0,0,0,0,1,7,2016,TEN,RWR,87,3
88708,4263,DM-4300,0,0,0,0,0,13,6,42,0,7,5,35,2,0,0,0,1,0,1,50,19.7,22.2,25.7,1,6,2016,TEN,RB,29,1
88709,4263,DH-2450,0,0,0,0,0,5,2,3,0,2,2,41,0,0,0,0,0,0,0,21,4.4,5.4,6.4,1,1,2016,TEN,RB,22,2
88710,4263,MM-0912,41,25,271,1,2,4,3,19,0,0,0,0,0,0,0,0,1,0,1,66,18.74,19.74,19.74,1,2,2016,TEN,QB,8,1
88711,4263,TS-1262,0,0,0,0,0,0,0,0,0,11,7,76,0,0,0,0,0,0,0,64,7.6,11.1,14.6,1,1,2016,TEN,RWR,19,1
88712,4263,DW-0500,0,0,0,0,0,0,0,0,0,5,3,42,0,0,0,0,0,0,0,54,4.2,5.7,7.2,1,11,2016,TEN,TE,82,1
88713,4263,AJ-0900,0,0,0,0,0,0,0,0,0,7,3,30,0,0,0,0,0,0,0,24,3,4.5,6,1,14,2016,TEN,LWR,81,2
88714,4263,AP-0700,0,0,0,0,0,19,6,31,0,2,0,0,0,0,0,0,0,0,0,38,3.1,3.1,3.1,1,10,2016,MIN,RB,28,1
88715,4263,SH-1100,33,18,236,0,0,2,0,8,0,0,0,0,0,0,0,0,0,0,0,63,10.24,10.24,10.24,1,15,2016,MIN,QB,13,1
88716,4263,CJ-1450,0,0,0,0,0,0,0,0,0,6,1,5,0,0,0,0,0,0,0,49,0.5,1,1.5,1,4,2016,MIN,RWR,12,1
88717,4263,SD-0537,0,0,0,0,0,1,0,-1,0,9,7,103,0,0,0,0,0,0,0,55,10.2,13.7,20.2,1,2,2016,MIN,LWR,14,1
88718,4263,RM-1500,0,0,0,0,0,0,0,0,0,4,3,26,0,0,0,0,0,0,0,35,2.6,4.1,5.6,1,5,2016,TEN,LWR,18,1
88719,4263,KR-1200,0,0,0,0,0,0,0,0,0,8,4,65,0,0,0,0,0,0,0,58,6.5,8.5,10.5,1,6,2016,MIN,TE,82,1
88720,4263,JM-3450,0,0,0,0,0,1,0,6,0,2,1,3,0,0,0,0,0,0,0,16,0.9,1.4,1.9,1,3,2016,MIN,RB,21,2
88721,4263,RE-0400,0,0,0,0,0,0,0,0,0,0,0,0,0,0,0,0,0,14,0,13,0,0,0,1,5,2016,MIN,TE,85,2
88722,4263,AT-0350,0,0,0,0,0,0,0,0,0,5,4,54,0,0,0,0,0,0,0,35,5.4,7.4,9.4,1,4,2016,MIN,LWR,19,2
88723,4263,HD-0300,0,0,0,0,0,0,0,0,0,5,2,21,0,0,0,0,0,0,0,36,2.1,3.1,4.1,1,9,2016,TEN,LWR,83,3
88724,4263,CP-0750,0,0,0,0,0,1,1,8,0,1,1,6,0,1,61,0,0,0,0,5,1.4,1.9,2.4,1,4,2016,MIN,LWR,84,3
88725,4263,MA-1150,0,0,0,0,0,4,2,13,0,0,0,0,0,0,0,0,0,0,0,9,1.3,1.3,1.3,1,6,2016,MIN,RB,44,3
88726,4264,DB-3800,42,28,423,0,4,2,1,5,0,0,0,0,0,0,0,0,1,13,0,69,31.42,31.42,35.42,1,16,2016,NO,QB,9,1
88727,4264,CF-0650,0,0,0,0,0,0,0,0,0,4,1,6,0,0,0,0,0,0,0,56,0.6,1.1,1.6,1,5,2016,NO,TE,82,1
88728,4264,BC-2325,0,0,0,0,0,1,1,11,0,9,6,143,2,0,0,0,0,0,0,62,27.4,30.4,36.4,1,3,2016,NO,RWR,10,1
88729,4264,MC-2900,0,0,0,0,0,0,0,0,0,9,7,87,0,0,0,0,0,35,2,67,12.7,16.2,19.7,1,8,2016,OAK,LWR,15,1
88730,4264,DC-0725,38,24,319,0,1,2,1,16,0,0,0,0,0,0,0,0,0,0,3,73,24.36,24.36,27.36,1,3,2016,OAK,QB,4,1
88731,4264,TJ-2400,0,0,0,0,0,1,0,-8,0,2,2,17,0,3,57,0,0,0,0,6,0.9,1.9,2.9,1,6,2016,OAK,RB,22,2
88732,4264,LM-1850,0,0,0,0,0,14,9,59,1,2,1,13,0,0,0,0,0,0,0,45,13.2,13.7,14.2,1,4,2016,OAK,RB,28,1
88733,4264,AC-2350,0,0,0,0,0,0,0,0,0,11,6,137,0,0,0,0,0,0,1,72,15.7,18.7,24.7,1,2,2016,OAK,RWR,89,1
88734,4264,MM-5750,0,0,0,0,0,0,0,0,0,0,0,0,0,7,103,0,0,0,0,0,0,0,0,1,2,2016,NO,RB,23,5
88735,4264,MI-0100,0,0,0,0,0,12,7,58,0,2,2,29,0,0,0,0,0,0,0,29,8.7,9.7,10.7,1,6,2016,NO,RB,22,1
88736,4264,JK-2200,0,0,0,0,0,2,1,4,0,1,0,0,0,0,0,0,0,0,0,20,0.4,0.4,0.4,1,12,2016,NO,FB,29,1
88737,4264,WS-0925,0,0,0,0,0,0,0,0,0,9,9,172,1,0,0,0,0,0,0,52,23.2,27.7,35.2,1,3,2016,NO,RWR,83,2
88738,4264,TC-0050,0,0,0,0,0,1,0,1,0,7,3,14,1,0,0,0,0,0,0,26,7.5,9,10.5,1,5,2016,NO,RB,38,5
88739,4264,LS-1550,0,0,0,0,0,0,0,0,0,0,0,0,0,0,0,0,0,5,0,41,0,0,0,1,6,2016,OAK,TE,86,1
88740,4264,JR-2075,0,0,0,0,0,3,2,84,1,2,2,11,0,1,26,0,0,0,0,12,15.5,16.5,17.5,1,1,2016,OAK,RB,46,4
88741,4264,DW-1350,0,0,0,0,0,5,2,14,0,1,1,10,0,0,0,0,0,0,0,8,2.4,2.9,3.4,1,1,2016,OAK,RB,33,3
88742,4264,TH-1600,0,0,0,0,0,4,2,9,0,1,1,1,0,0,0,0,0,0,0,12,1,1.5,2,1,9,2016,NO,RB,34,2
88743,4264,MT-0875,0,0,0,0,0,0,0,0,0,6,6,58,0,0,0,0,0,0,0,54,5.8,8.8,11.8,1,1,2016,NO,LWR,13,2
88744,4264,CW-0225,0,0,0,0,0,0,0,0,0,5,3,25,0,0,0,0,0,10,0,37,2.5,4,5.5,1,2,2016,OAK,TE,88,2
88745,4264,SR-0750,0,0,0,0,0,0,0,0,0,4,2,19,1,0,0,0,0,0,0,60,7.9,8.9,9.9,1,3,2016,OAK,LWR,10,2
88746,4264,JO-0550,0,0,0,0,0,1,1,2,1,0,0,0,0,0,0,0,0,0,0,12,6.2,6.2,6.2,1,5,2016,OAK,FB,49,1
88747,4264,AH-3600,0,0,0,0,0,0,0,0,0,1,0,0,0,0,0,0,0,0,0,4,0,0,0,1,6,2016,OAK,RWR,18,2
88748,4265,AS-1600,48,34,363,1,2,4,3,15,1,0,0,0,0,0,0,0,0,0,0,71,28.02,29.02,31.02,1,12,2016,KC,QB,11,1
88749,4265,JM-0200,0,0,0,0,0,1,0,-1,0,7,5,63,1,0,0,0,0,0,0,65,12.2,14.7,17.2,1,8,2016,KC,LWR,19,1
88750,4265,SW-0350,0,0,0,0,0,11,7,70,1,8,7,129,0,0,0,0,0,0,0,34,25.9,29.4,35.9,1,4,2016,KC,FB,32,2
88751,4265,PR-0300,36,25,243,0,1,2,1,9,0,0,0,0,0,0,0,0,0,0,0,73,14.62,14.62,14.62,1,13,2016,SD,QB,17,1
88752,4265,KA-0650,0,0,0,0,0,0,0,0,0,7,6,63,0,0,0,0,0,0,0,27,6.3,9.3,12.3,1,4,2016,SD,RWR,13,1
88753,4265,MG-1150,0,0,0,0,0,14,8,57,2,0,0,0,0,0,0,0,0,0,0,22,17.7,17.7,17.7,1,2,2016,SD,RB,28,1
88754,4265,DW-4300,0,0,0,0,0,16,10,89,0,7,5,31,1,0,0,0,0,0,0,50,18,20.5,23,1,9,2016,SD,RB,39,2
88755,4265,TW-2875,0,0,0,0,0,0,0,0,0,5,2,71,0,0,0,0,0,0,0,44,7.1,8.1,9.1,1,2,2016,SD,LWR,16,2
88756,4265,CC-3950,0,0,0,0,0,0,0,0,0,7,4,43,0,0,0,0,0,0,0,61,4.3,6.3,8.3,1,2,2016,KC,RWR,17,1
88757,4265,AW-1650,0,0,0,0,0,0,0,0,0,5,3,1,0,0,0,0,0,0,0,49,0.1,1.6,3.1,1,3,2016,KC,RWR,12,2
88758,4265,RT-1550,0,0,0,0,0,0,0,0,0,1,0,0,0,0,0,0,0,0,0,11,0,0,0,1,2,2016,KC,TE,88,3
88759,4265,TB-1060,0,0,0,0,0,0,0,0,0,8,7,32,0,2,8,0,0,0,0,55,3.2,6.7,10.2,1,5,2016,SD,LWR,12,1
88760,4265,AG-0500,0,0,0,0,0,0,0,0,0,4,3,20,0,0,0,0,0,0,0,48,2,3.5,5,1,14,2016,SD,TE,85,1
88761,4265,HH-0225,0,0,0,0,0,0,0,0,0,2,1,20,0,0,0,0,0,0,0,30,2,2.5,3,1,1,2016,SD,TE,86,3
88762,4265,TH-1750,0,0,0,0,0,0,0,0,0,1,1,9,1,3,46,0,0,5,0,10,6.9,7.4,7.9,1,1,2016,KC,LWR,81,2
88763,4265,DW-1750,0,0,0,0,0,0,0,0,0,0,0,0,0,0,0,0,0,10,0,11,0,0,0,1,1,2016,SD,FB,34,1
88764,4265,CW-1450,0,0,0,0,0,3,1,-1,0,6,6,24,0,0,0,0,0,0,0,34,2.3,5.3,8.3,1,3,2016,KC,RB,35,2
88765,4265,TK-0150,0,0,0,0,0,0,0,0,0,7,6,74,0,0,0,0,0,0,0,62,7.4,10.4,13.4,1,4,2016,KC,TE,87,1
88766,4265,DI-0075,0,0,0,0,0,0,0,0,0,3,1,6,0,0,0,0,0,0,0,58,0.6,1.1,1.6,1,6,2016,SD,RWR,15,2
88767,4265,JO-0150,0,0,0,0,0,0,0,0,0,0,0,0,0,0,0,0,0,10,0,0,0,0,0,1,2,2016,KC,TE,80,4
88768,4265,DH-1450,0,0,0,0,0,0,0,0,0,3,2,20,0,0,0,0,0,0,0,28,2,3,4,1,4,2016,KC,TE,84,2
88769,4266,EW-0500,0,0,0,0,0,0,0,0,0,0,0,0,0,8,107,0,0,0,0,0,0,0,0,1,10,2016,ATL,LWR,14,3
88770,4266,DF-1875,0,0,0,0,0,11,4,20,0,4,4,20,0,0,0,0,0,0,0,36,4,6,8,1,3,2016,ATL,RB,24,1
88771,4266,MR-2500,39,27,334,0,2,3,1,10,0,0,0,0,0,0,0,0,0,0,1,65,24.36,24.36,27.36,1,9,2016,ATL,QB,2,1
88772,4266,PD-0700,0,0,0,0,0,0,0,0,0,1,1,8,0,0,0,0,0,0,0,13,0.8,1.3,1.8,1,6,2016,ATL,FB,42,1
88773,4266,DM-0450,0,0,0,0,0,18,6,62,0,5,5,34,0,0,0,0,0,0,0,44,9.6,12.1,14.6,1,5,2016,TB,RB,22,1
88774,4266,JW-5650,33,23,281,1,4,4,0,3,0,0,0,0,0,0,0,0,0,3,0,64,25.54,26.54,25.54,1,2,2016,TB,QB,3,1
88775,4266,AH-3862,0,0,0,0,0,1,1,7,0,5,3,34,0,5,12,0,0,0,0,49,4.1,5.6,7.1,1,2,2016,TB,LWR,11,2
88776,4266,ME-0600,0,0,0,0,0,0,0,0,0,7,5,99,1,0,0,0,0,0,0,55,15.9,18.4,20.9,1,3,2016,TB,RWR,13,1
88777,4266,MS-0150,0,0,0,0,0,0,0,0,0,8,5,80,1,0,0,0,0,0,1,56,16,18.5,21,1,5,2016,ATL,RWR,12,1
88778,4266,JH-1350,0,0,0,0,0,0,0,0,0,2,1,0,0,0,0,0,0,0,0,37,0,0.5,1,1,2,2016,ATL,LWR,16,2
88779,4266,VJ-0100,0,0,0,0,0,0,0,0,0,7,2,18,0,0,0,0,0,0,0,51,1.8,2.8,3.8,1,12,2016,TB,LWR,83,1
88780,4266,TC-2050,0,0,0,0,0,8,1,22,0,6,5,95,0,0,0,0,0,0,0,32,11.7,14.2,16.7,1,2,2016,ATL,RB,26,2
88781,4266,CS-1950,0,0,0,0,0,4,1,9,0,3,3,32,1,0,0,0,0,0,0,20,10.1,11.6,13.1,1,3,2016,TB,RB,34,2
88782,4266,JT-0300,0,0,0,0,0,0,0,0,0,8,6,51,0,0,0,0,0,5,0,50,5.1,8.1,11.1,1,9,2016,ATL,TE,83,1
88783,4266,AH-3650,0,0,0,0,0,0,0,0,0,1,1,14,0,0,0,0,0,4,0,9,1.4,1.9,2.4,1,1,2016,ATL,TE,81,2
88784,4266,BM-3800,0,0,0,0,0,0,0,0,0,1,1,4,1,0,0,0,0,0,0,13,6.4,6.9,7.4,1,8,2016,TB,TE,82,2
88785,4266,JJ-4700,0,0,0,0,0,0,0,0,0,8,4,66,1,0,0,0,0,0,0,55,12.6,14.6,16.6,1,6,2016,ATL,LWR,11,1
88786,4266,CB-2775,0,0,0,0,0,0,0,0,0,4,3,30,0,0,0,0,0,0,0,25,3,4.5,6,1,3,2016,TB,TE,84,1
88787,4266,AS-0550,0,0,0,0,0,0,0,0,0,1,1,30,1,0,0,0,0,0,0,18,9,9.5,10,1,3,2016,TB,TE,87,2
88788,4266,RS-0975,0,0,0,0,0,1,1,9,0,0,0,0,0,0,0,0,0,0,0,6,0.9,0.9,0.9,1,4,2016,TB,RWR,89,2
88789,4267,RW-3850,43,27,258,1,1,4,2,16,0,0,0,0,0,0,0,0,1,0,0,82,11.92,12.92,12.92,1,5,2016,SEA,QB,3,1
88790,4267,DB-0500,0,0,0,0,0,0,0,0,0,11,9,92,1,0,0,0,0,0,0,71,15.2,19.7,24.2,1,6,2016,SEA,LWR,89,1
88791,4267,TL-1025,0,0,0,0,0,0,0,0,0,8,3,17,0,6,55,0,0,0,0,62,1.7,3.2,4.7,1,2,2016,SEA,LWR,16,2
88792,4267,JL-0215,0,0,0,0,0,0,0,0,0,10,7,59,0,3,16,0,0,0,0,51,5.9,9.4,12.9,1,3,2016,MIA,SWR,14,1
88793,4267,RT-0150,29,16,186,0,0,5,3,17,1,0,0,0,0,0,0,0,0,0,0,53,15.14,15.14,15.14,1,5,2016,MIA,QB,17,1
88794,4267,AF-0900,0,0,0,0,0,13,3,38,0,5,3,62,0,0,0,0,0,0,0,46,10,11.5,13,1,8,2016,MIA,RB,34,1
88795,4267,CM-2280,0,0,0,0,0,15,8,66,0,4,2,5,0,0,0,0,0,0,0,52,7.1,8.1,9.1,1,4,2016,SEA,RB,32,1
88796,4267,CP-2550,0,0,0,0,0,1,0,-2,0,1,1,13,0,0,0,0,0,0,0,9,1.1,1.6,2.1,1,1,2016,SEA,RB,22,3
88797,4267,JK-0250,0,0,0,0,0,0,0,0,0,7,5,57,0,0,0,0,0,0,0,70,5.7,8.2,10.7,1,5,2016,SEA,RWR,15,1
88798,4267,LW-1450,0,0,0,0,0,0,0,0,0,4,2,26,0,0,0,0,0,0,0,64,2.6,3.6,4.6,1,4,2016,SEA,TE,82,1
88799,4267,TR-0112,0,0,0,0,0,12,6,32,0,3,3,26,0,0,0,0,0,0,0,22,5.8,7.3,8.8,1,2,2016,SEA,RB,34,2
88800,4267,DW-3125,0,0,0,0,0,2,1,9,0,2,1,29,0,1,17,0,0,10,0,6,3.8,4.3,4.8,1,3,2016,MIA,RB,26,3
88801,4267,LC-0150,0,0,0,0,0,0,0,0,0,2,2,14,0,0,0,0,0,0,0,47,1.4,2.4,3.4,1,1,2016,MIA,LWR,88,2
88802,4267,JC-0400,0,0,0,0,0,0,0,0,0,3,2,6,0,0,0,0,0,0,0,51,0.6,1.6,2.6,1,6,2016,MIA,TE,84,1
88803,4267,JG-2950,0,0,0,0,0,0,0,0,0,0,0,0,0,5,95,0,0,0,0,0,0,0,0,1,1,2016,MIA,SWR,19,2
88804,4267,KS-2350,0,0,0,0,0,0,0,0,0,5,1,16,0,0,0,0,0,0,0,53,1.6,2.1,2.6,1,4,2016,MIA,RWR,10,1
88805,4267,BW-2030,0,0,0,0,0,0,0,0,0,0,0,0,0,0,0,0,0,10,0,11,0,0,0,1,4,2016,SEA,TE,86,2
88806,4267,PR-0150,0,0,0,0,0,0,0,0,0,2,1,11,0,0,0,0,0,0,0,17,1.1,1.6,2.1,1,3,2016,SEA,RWR,10,2
88807,4267,JG-2900,0,0,0,0,0,0,0,0,0,1,1,11,0,0,0,0,0,0,0,17,1.1,1.6,2.1,1,7,2016,SEA,TE,88,1
88808,4268,AL-1100,47,31,385,0,4,3,3,21,0,0,0,0,0,0,0,0,0,0,1,70,35.5,35.5,38.5,1,5,2016,IND,QB,12,1
88809,4268,FG-0200,0,0,0,0,0,14,10,59,0,6,4,19,0,0,0,0,0,0,0,47,7.8,9.8,11.8,1,12,2016,IND,RB,23,1
88810,4268,TH-1850,0,0,0,0,0,0,0,0,0,12,6,79,0,0,0,0,0,0,0,67,7.9,10.9,13.9,1,5,2016,IND,RWR,13,1
88811,4268,RT-1950,0,0,0,0,0,1,1,4,0,2,2,15,0,0,0,0,0,0,0,12,1.9,2.9,3.9,1,5,2016,IND,RB,33,2
88812,4268,MS-4100,39,31,340,0,3,2,1,5,0,0,0,0,0,0,0,0,0,0,0,65,26.1,26.1,29.1,1,8,2016,DET,QB,9,1
88813,4268,GT-0100,0,0,0,0,0,1,0,2,0,7,7,41,0,0,0,0,0,10,0,55,4.3,7.8,11.3,1,7,2016,DET,LWR,15,1
88814,4268,AA-0025,0,0,0,0,0,12,8,63,0,5,5,57,1,0,0,0,0,0,0,40,18,20.5,23,1,2,2016,DET,RB,21,1
88815,4268,AB-2000,0,0,0,0,0,0,0,0,0,3,3,35,0,0,0,0,0,0,0,54,3.5,5,6.5,1,14,2016,DET,SWR,80,1
88816,4268,MJ-2250,0,0,0,0,0,0,0,0,0,10,4,85,0,0,0,0,0,0,0,61,8.5,10.5,12.5,1,5,2016,DET,RWR,11,1
88817,4268,TR-0370,0,0,0,0,0,7,4,45,1,5,5,63,1,0,0,0,0,0,0,24,22.8,25.3,27.8,1,4,2016,DET,RB,25,2
88818,4268,DM-2775,0,0,0,0,0,0,0,0,0,7,6,64,1,0,0,0,0,0,0,68,12.4,15.4,18.4,1,3,2016,IND,LWR,10,1
88819,4268,AR-1100,0,0,0,0,0,0,0,0,0,1,1,8,0,2,21,0,0,0,0,2,0.8,1.3,1.8,1,7,2016,DET,RWR,19,2
88820,4268,QB-0250,0,0,0,0,0,0,0,0,0,0,0,0,0,5,50,0,0,0,0,0,0,0,0,1,2,2016,IND,LWR,11,2
88821,4268,DA-0850,0,0,0,0,0,0,0,0,0,6,4,53,1,0,0,0,0,0,1,49,13.3,15.3,17.3,1,5,2016,IND,TE,83,1
88822,4268,EE-0050,0,0,0,0,0,0,0,0,0,5,5,46,1,0,0,0,0,0,0,61,10.6,13.1,15.6,1,3,2016,DET,TE,85,1
88823,4268,DW-1550,0,0,0,0,0,2,1,1,1,0,0,0,0,0,0,0,0,0,0,2,6.1,6.1,6.1,1,1,2016,DET,RB,36,4
88824,4268,JF-1250,0,0,0,0,0,1,0,-2,0,2,2,26,0,0,0,0,0,0,0,12,2.4,3.4,4.4,1,1,2016,IND,RB,34,4
88825,4268,PD-0800,0,0,0,0,0,0,0,0,0,6,4,94,0,0,0,0,0,0,0,51,9.4,11.4,13.4,1,2,2016,IND,RWR,15,2
88826,4268,JD-2550,0,0,0,0,0,0,0,0,0,4,3,35,2,0,0,0,0,0,0,39,15.5,17,18.5,1,4,2016,IND,TE,84,1
88827,4268,CW-1975,0,0,0,0,0,0,0,0,0,1,1,5,0,0,0,0,0,0,0,14,0.5,1,1.5,1,1,2016,DET,TE,89,2
88828,4269,EE-0250,0,0,0,0,0,20,8,51,1,2,1,1,0,0,0,0,0,0,0,48,11.2,11.7,12.2,1,1,2016,DAL,RB,21,1
88829,4269,DP-2037,45,25,227,0,0,2,1,12,0,0,0,0,0,0,0,0,0,0,0,78,10.28,10.28,10.28,1,1,2016,DAL,QB,4,1
88830,4269,DB-5300,0,0,0,0,0,0,0,0,0,5,1,8,0,0,0,0,0,0,0,75,0.8,1.3,1.8,1,7,2016,DAL,LWR,88,1
88831,4269,JW-6000,0,0,0,0,0,0,0,0,0,14,9,66,0,0,0,0,0,10,0,78,6.6,11.1,15.6,1,14,2016,DAL,TE,82,1
88832,4269,CB-1130,0,0,0,0,0,0,0,0,0,12,8,65,0,0,0,0,0,0,0,49,6.5,10.5,14.5,1,5,2016,DAL,RWR,11,2
88833,4269,RJ-0800,0,0,0,0,0,18,8,75,0,2,1,3,0,0,0,0,0,0,0,29,7.8,8.3,8.8,1,8,2016,NYG,RB,23,1
88834,4269,EM-0200,28,19,207,1,3,0,0,0,0,0,0,0,0,0,0,0,0,0,0,56,18.28,19.28,18.28,1,13,2016,NYG,QB,10,1
88835,4269,SV-0200,0,0,0,0,0,6,4,38,0,5,3,23,0,0,0,0,0,0,0,24,6.1,7.6,9.1,1,6,2016,NYG,RB,34,2
88836,4269,OB-0075,0,0,0,0,0,0,0,0,0,8,4,73,0,0,0,0,0,0,0,56,7.3,9.3,11.3,1,3,2016,NYG,LWR,13,1
88837,4269,BB-4100,0,0,0,0,0,0,0,0,0,2,1,16,0,0,0,0,0,0,0,24,1.6,2.1,2.6,1,4,2016,DAL,LWR,19,2
88838,4269,AM-2850,0,0,0,0,0,7,5,35,0,1,0,0,0,0,0,0,0,0,0,14,3.5,3.5,3.5,1,5,2016,DAL,RB,46,2
88839,4269,LD-0850,0,0,0,0,0,0,0,0,0,2,1,16,0,0,0,0,0,0,0,17,1.6,2.1,2.6,1,5,2016,DAL,RB,25,3
88840,4269,SS-1250,0,0,0,0,0,0,0,0,0,4,3,43,1,0,0,0,0,0,0,53,10.3,11.8,13.3,1,1,2016,NYG,RWR,87,1
88841,4269,LD-0650,0,0,0,0,0,0,0,0,0,2,1,15,1,0,0,0,0,5,0,31,7.5,8,8.5,1,5,2016,NYG,TE,84,1
88842,4269,GS-1400,0,0,0,0,0,0,0,0,0,1,1,21,0,0,0,0,0,0,0,16,2.1,2.6,3.1,1,2,2016,DAL,TE,87,2
88843,4269,VC-0300,0,0,0,0,0,0,0,0,0,4,4,34,1,0,0,0,0,0,0,50,9.4,11.4,13.4,1,7,2016,NYG,WR,80,1
88844,4269,WT-0600,0,0,0,0,0,0,0,0,0,3,3,16,0,0,0,0,0,0,0,25,1.6,3.1,4.6,1,2,2016,NYG,TE,45,2
88845,4269,LW-1150,0,0,0,0,0,0,0,0,0,0,0,0,0,3,37,0,0,0,0,7,0,0,0,1,2,2016,DAL,RWR,13,3
88846,4269,DH-1800,0,0,0,0,0,0,0,0,0,0,0,0,0,4,63,0,0,0,0,1,0,0,0,1,6,2016,NYG,RWR,17,2
88847,4269,TW-2270,0,0,0,0,0,0,0,0,0,4,3,34,0,0,0,0,0,0,0,54,3.4,4.9,6.4,1,4,2016,DAL,RWR,83,1
88848,4269,KS-1450,0,0,0,0,0,1,1,3,0,0,0,0,0,0,0,0,0,0,0,4,0.3,0.3,0.3,1,3,2016,DAL,FB,41,2
88849,4270,DJ-1325,0,0,0,0,0,16,9,89,1,6,4,43,0,0,0,0,0,0,0,58,19.2,21.2,23.2,1,2,2016,ARI,RB,31,1
88850,4270,CP-0500,37,24,271,0,2,2,1,1,0,0,0,0,0,0,0,0,0,0,0,61,18.94,18.94,18.94,1,14,2016,ARI,QB,3,1
88851,4270,JG-3700,0,0,0,0,0,0,0,0,0,4,4,41,0,0,0,0,0,0,0,22,4.1,6.1,8.1,1,7,2016,ARI,TE,84,1
88852,4270,MF-0950,0,0,0,0,0,0,0,0,0,7,3,61,0,0,0,0,0,0,0,58,6.1,7.6,9.1,1,5,2016,ARI,RWR,15,1
88853,4270,LF-0200,0,0,0,0,0,0,0,0,0,10,8,81,2,0,0,0,0,0,0,59,20.1,24.1,28.1,1,13,2016,ARI,LWR,11,1
88854,4270,DA-0900,0,0,0,0,0,0,0,0,0,4,3,48,0,3,8,0,0,0,0,21,4.8,6.3,7.8,1,9,2016,NE,LWR,80,1
88855,4270,JG-0650,33,24,264,0,1,4,1,12,0,1,1,3,0,0,0,0,1,5,0,71,14.06,14.56,16.06,1,3,2016,NE,QB,10,1
88856,4270,CH-3350,0,0,0,0,0,0,0,0,0,4,3,60,1,0,0,0,0,0,0,55,12,13.5,15,1,6,2016,NE,LWR,15,2
88857,4270,JE-0100,0,0,0,0,0,3,2,16,0,7,7,66,0,0,0,0,0,0,0,61,8.2,11.7,15.2,1,8,2016,NE,RWR,11,1
88858,4270,LB-0500,0,0,0,0,0,22,5,70,1,0,0,0,0,0,0,0,1,0,0,39,11,11,12,1,7,2016,NE,RB,29,1
88859,4270,AE-0750,0,0,0,0,0,0,0,0,0,2,2,8,0,4,62,0,0,0,0,9,0.8,1.8,2.8,1,4,2016,ARI,RB,38,3
88860,4270,JN-0625,0,0,0,0,0,0,0,0,0,2,1,11,0,0,0,0,0,0,0,2,1.1,1.6,2.1,1,2,2016,ARI,RWR,14,3
88861,4270,JW-2550,0,0,0,0,0,1,1,4,0,7,5,40,0,0,0,0,0,0,0,26,4.4,6.9,9.4,1,3,2016,NE,RB,28,1
88862,4270,MM-3450,0,0,0,0,0,0,0,0,0,5,2,33,0,0,0,0,0,0,0,39,3.3,4.3,5.3,1,1,2016,NE,RWR,19,2
88863,4270,AD-1175,0,0,0,0,0,0,0,0,0,0,0,0,0,0,0,0,0,5,0,20,0,0,0,1,2,2016,NE,TE,86,2
88864,4270,MB-1800,0,0,0,0,0,0,0,0,0,5,3,14,0,0,0,0,0,10,0,69,1.4,2.9,4.4,1,9,2016,NE,TE,88,1
88865,4270,CJ-1700,0,0,0,0,0,1,1,2,0,0,0,0,0,0,0,0,0,0,0,2,0.2,0.2,0.2,1,9,2016,ARI,RB,23,2
88866,4270,BB-2250,0,0,0,0,0,1,1,4,0,0,0,0,0,0,0,0,0,0,0,3,0.4,0.4,0.4,1,5,2016,NE,RB,38,2
88867,4270,JB-6950,0,0,0,0,0,0,0,0,0,4,1,8,0,0,0,0,0,0,0,35,0.8,1.3,1.8,1,3,2016,ARI,RWR,12,2
88868,4270,JB-6750,0,0,0,0,0,0,0,0,0,2,1,18,0,0,0,0,0,0,0,35,1.8,2.3,2.8,1,4,2016,ARI,LWR,13,2
88869,4271,KC-2350,43,30,329,2,0,1,0,8,0,0,0,0,0,0,0,0,0,0,0,58,9.96,11.96,12.96,1,5,2016,WAS,QB,8,1
88870,4271,JR-1150,0,0,0,0,0,0,0,0,0,11,7,64,0,0,0,0,0,0,0,50,6.4,9.9,13.4,1,4,2016,WAS,TE,86,1
88871,4271,MJ-2275,0,0,0,0,0,7,4,24,0,1,1,9,0,0,0,0,0,5,0,19,3.3,3.8,4.3,1,2,2016,WAS,RB,31,1
88872,4271,RG-1650,0,0,0,0,0,0,0,0,0,1,0,0,0,0,0,0,0,0,0,10,0,0,0,1,3,2016,WAS,SWR,14,2
88873,4271,ER-0462,0,0,0,0,0,0,0,0,0,7,6,59,1,1,0,0,0,0,0,47,11.9,14.9,17.9,1,2,2016,PIT,LWR,17,3
88874,4271,DW-3600,0,0,0,0,0,26,20,143,2,9,6,28,0,0,0,0,0,0,0,56,29.1,32.1,38.1,1,11,2016,PIT,RB,34,1
88875,4271,BR-1100,37,27,300,1,3,1,0,-2,0,0,0,0,0,0,0,0,0,0,0,68,21.8,22.8,24.8,1,13,2016,PIT,QB,7,1
88876,4271,JC-5680,0,0,0,0,0,0,0,0,0,10,6,58,0,2,17,0,0,0,0,47,5.8,8.8,11.8,1,2,2016,WAS,SWR,80,1
88877,4271,DJ-0200,0,0,0,0,0,0,0,0,0,10,6,102,0,0,0,0,0,0,0,48,10.2,13.2,19.2,1,9,2016,WAS,RWR,11,1
88878,4271,AB-3500,0,0,0,0,0,0,0,0,0,11,8,126,2,0,0,0,0,15,0,66,24.6,28.6,35.6,1,7,2016,PIT,LWR,84,1
88879,4271,SC-0775,0,0,0,0,0,0,0,0,0,3,2,56,0,0,0,0,0,0,0,44,5.6,6.6,7.6,1,2,2016,PIT,LWR,14,2
88880,4271,PG-0100,0,0,0,0,0,0,0,0,0,6,6,51,0,0,0,0,0,0,0,40,5.1,8.1,11.1,1,9,2016,WAS,LWR,88,1
88881,4271,JJ-0725,0,0,0,0,0,0,0,0,0,7,5,31,0,0,0,0,0,10,0,68,3.1,5.6,8.1,1,2,2016,PIT,TE,81,1
88882,4271,FT-0300,0,0,0,0,0,3,1,6,0,0,0,0,0,1,18,0,0,0,0,8,0.6,0.6,0.6,1,3,2016,PIT,RB,33,2
88883,4271,VD-0100,0,0,0,0,0,0,0,0,0,1,1,20,0,0,0,0,0,10,0,19,2,2.5,3,1,11,2016,WAS,TE,85,2
88884,4271,CT-1220,0,0,0,0,0,4,3,23,1,2,2,16,0,0,0,0,0,0,0,39,9.9,10.9,11.9,1,4,2016,WAS,RB,25,2
88885,4271,JD-2350,0,0,0,0,0,0,0,0,0,1,1,9,0,0,0,0,0,0,0,12,0.9,1.4,1.9,1,1,2016,WAS,RWR,18,2
88886,4272,TG-1950,0,0,0,0,0,17,7,47,0,3,1,-5,0,0,0,0,0,15,0,37,4.2,4.7,5.2,1,2,2016,LA,RB,30,1
88887,4272,CK-0250,35,17,130,2,0,3,1,10,0,0,0,0,0,0,0,0,0,0,0,61,2.2,4.2,2.2,1,5,2016,LA,QB,17,1
88888,4272,TH-1550,0,0,0,0,0,0,0,0,0,4,1,2,0,0,0,0,0,0,0,21,0.2,0.7,1.2,1,1,2016,LA,TE,89,2
88889,4272,KB-1900,0,0,0,0,0,0,0,0,0,6,4,67,0,0,0,0,0,0,0,59,6.7,8.7,10.7,1,8,2016,LA,LWR,18,1
88890,4272,LK-0200,0,0,0,0,0,0,0,0,0,3,2,15,0,0,0,0,0,0,0,58,1.5,2.5,3.5,1,6,2016,LA,TE,88,1
88891,4272,TA-1050,0,0,0,0,0,1,0,2,0,12,4,13,0,7,46,0,0,0,0,58,1.5,3.5,5.5,1,4,2016,LA,RWR,11,1
88892,4272,JK-1000,0,0,0,0,0,0,0,0,0,11,7,61,0,9,11,0,0,0,0,54,6.1,9.6,13.1,1,6,2016,SF,SWR,14,1
88893,4272,CH-5000,0,0,0,0,0,23,9,88,2,3,2,5,0,0,0,0,0,0,0,57,21.3,22.3,23.3,1,3,2016,SF,RB,28,1
88894,4272,BG-0100,35,22,170,0,1,9,4,43,0,1,1,-16,0,0,0,0,0,0,0,78,13.5,14,14.5,1,6,2016,SF,QB,2,1
88895,4272,TS-2300,0,0,0,0,0,0,0,0,0,6,2,13,0,0,0,0,0,0,0,78,1.3,2.3,3.3,1,6,2016,SF,LWR,82,1
88896,4272,QP-0050,0,0,0,0,0,0,0,0,0,5,5,60,0,0,0,0,0,0,0,71,6,8.5,11,1,4,2016,SF,RWR,11,1
88897,4272,GC-0350,0,0,0,0,0,0,0,0,0,4,1,15,0,0,0,0,0,0,0,46,1.5,2,2.5,1,5,2016,SF,TE,88,2
88898,4272,SD-0800,0,0,0,0,0,7,3,18,1,2,2,18,0,0,0,0,1,0,0,21,7.6,8.6,10.6,1,6,2016,SF,RB,24,2
88899,4272,BC-3070,0,0,0,0,0,1,0,1,0,1,1,7,0,2,59,0,0,0,0,11,0.8,1.3,1.8,1,4,2016,LA,RB,23,2
88900,4272,BQ-0050,0,0,0,0,0,0,0,0,0,5,3,23,0,0,0,0,0,0,0,31,2.3,3.8,5.3,1,5,2016,LA,RWR,83,2
88901,4272,VM-0250,0,0,0,0,0,0,0,0,0,3,2,14,1,0,0,0,0,0,0,51,7.4,8.4,9.4,1,4,2016,SF,TE,89,1
88902,4272,MB-3862,0,0,0,0,0,1,1,5,0,1,1,8,0,0,0,0,0,0,0,11,1.3,1.8,2.3,1,2,2016,LA,RB,39,3
88903,4272,MD-0150,0,0,0,0,0,3,0,1,0,0,0,0,0,0,0,0,0,0,0,3,0.1,0.1,0.1,1,2,2016,SF,RB,22,3
88904,4273,RF-0500,34,24,374,0,1,5,3,21,0,0,0,0,0,0,0,0,0,0,0,74,21.06,21.06,24.06,2,12,2016,NYJ,QB,14,1
88905,4273,BB-2450,0,0,0,0,0,0,0,0,0,1,0,0,0,0,0,0,0,0,0,23,0,0,0,1,5,2016,NYJ,TE,82,2
88906,4273,MF-1300,0,0,0,0,0,30,13,100,3,3,2,9,0,0,0,0,0,0,0,60,28.9,29.9,33.9,2,9,2016,NYJ,RB,22,1
88907,4273,QE-0100,0,0,0,0,0,0,0,0,0,6,6,92,0,0,0,0,0,0,0,46,9.2,12.2,15.2,2,3,2016,NYJ,RWR,81,2
88908,4273,KD-0400,0,0,0,0,0,0,0,0,0,1,0,0,0,0,0,0,0,0,0,49,0,0,0,1,9,2016,NYJ,TE,47,1
88909,4273,BP-1200,0,0,0,0,0,1,1,2,0,2,1,1,0,0,0,0,0,0,0,17,0.3,0.8,1.3,2,6,2016,NYJ,RB,29,2
88910,4273,BT-0300,0,0,0,0,0,0,0,0,0,0,0,0,0,7,133,0,0,0,0,0,0,0,0,2,8,2016,BUF,RWR,15,3
88911,4273,LM-1000,0,0,0,0,0,15,6,59,0,5,4,31,0,0,0,0,0,0,0,49,9,11,13,2,8,2016,BUF,RB,25,1
88912,4273,TT-0500,30,18,279,1,3,2,2,25,0,0,0,0,0,0,0,0,0,0,0,51,23.66,24.66,23.66,2,6,2016,BUF,QB,5,1
88913,4273,CC-2100,0,0,0,0,0,0,0,0,0,7,5,27,0,0,0,0,0,0,0,48,2.7,5.2,7.7,2,6,2016,BUF,TE,85,1
88914,4273,MG-1050,0,0,0,0,0,0,0,0,0,5,2,94,1,0,0,0,0,0,0,28,15.4,16.4,17.4,1,4,2016,BUF,LWR,88,2
88915,4273,JM-0887,0,0,0,0,0,0,0,0,0,4,3,45,0,4,39,0,1,0,0,26,2.5,4,6.5,2,1,2016,NYJ,LWR,89,2
88916,4273,ED-0200,0,0,0,0,0,0,0,0,0,8,6,126,1,0,0,0,0,0,0,72,18.6,21.6,27.6,2,7,2016,NYJ,RWR,87,1
88917,4273,RW-4050,0,0,0,0,0,0,0,0,0,2,1,10,0,0,0,0,0,0,0,47,1,1.5,2,2,4,2016,BUF,RWR,10,1
88918,4273,BM-0300,0,0,0,0,0,0,0,0,0,9,6,101,0,0,0,0,0,0,0,68,10.1,13.1,19.1,2,11,2016,NYJ,LWR,15,1
88919,4273,NO-0150,0,0,0,0,0,0,0,0,0,0,0,0,0,0,0,0,0,10,0,3,0,0,0,2,2,2016,BUF,TE,84,3
88920,4273,SW-0450,0,0,0,0,0,0,0,0,0,5,2,20,0,0,0,0,0,0,0,40,2,3,4,2,3,2016,BUF,LWR,14,1
88921,4273,EM-0250,1,1,10,0,0,2,1,2,0,0,0,0,0,0,0,0,0,0,0,4,0.6,0.6,0.6,1,4,2016,BUF,QB,3,2
88922,4273,GS-0100,0,0,0,0,0,0,0,0,0,5,4,89,1,0,0,0,0,0,0,15,14.9,16.9,18.9,2,6,2016,BUF,RWR,11,2
88923,4273,JH-5650,0,0,0,0,0,0,0,0,0,0,0,0,0,1,15,0,0,0,0,2,0,0,0,1,2,2016,NYJ,FB,43,1
88924,4273,MG-0650,0,0,0,0,0,0,0,0,0,1,1,18,1,0,0,0,0,0,0,4,7.8,8.3,8.8,2,4,2016,BUF,RB,35,2
88925,4274,IC-0300,0,0,0,0,0,18,6,133,1,1,1,15,0,0,0,0,0,0,0,32,20.8,21.3,24.8,2,3,2016,CLE,RB,34,1
88926,4274,JM-2900,33,20,260,2,2,2,0,0,0,0,0,0,0,0,0,0,0,0,0,62,14.4,16.4,14.4,1,15,2016,CLE,QB,13,1
88927,4274,AH-1900,0,0,0,0,0,0,0,0,0,3,3,28,0,0,0,0,0,0,0,37,2.8,4.3,5.8,2,6,2016,CLE,LWR,16,2
88928,4274,CC-3650,0,0,0,0,0,0,0,0,0,8,5,104,2,0,0,0,0,15,0,53,22.4,24.9,30.4,2,1,2016,CLE,LWR,19,1
88929,4274,DJ-1850,0,0,0,0,0,3,0,12,0,5,4,44,0,1,19,0,0,0,0,31,5.6,7.6,9.6,2,2,2016,CLE,RB,29,2
88930,4274,TP-2400,0,0,0,0,0,0,0,0,0,10,3,32,0,0,0,0,0,10,0,56,3.2,4.7,6.2,2,6,2016,CLE,RWR,11,1
88931,4274,DH-2700,0,0,0,0,0,0,0,0,0,0,0,0,0,6,102,0,0,0,0,2,0,0,0,2,11,2016,BAL,LWR,14,3
88932,4274,JF-2800,0,0,0,0,0,14,3,37,0,5,3,9,0,0,0,0,0,0,0,41,4.6,6.1,7.6,2,9,2016,BAL,RB,29,1
88933,4274,JF-1900,45,25,302,2,2,1,0,1,0,0,0,0,0,0,0,0,0,0,0,75,16.18,18.18,19.18,2,9,2016,BAL,QB,5,1
88934,4274,DP-1300,0,0,0,0,0,0,0,0,0,12,9,102,0,0,0,0,0,5,0,45,10.2,14.7,22.2,2,7,2016,BAL,TE,88,1
88935,4274,MW-0500,0,0,0,0,0,0,0,0,0,6,4,41,2,0,0,0,0,0,0,53,16.1,18.1,20.1,2,8,2016,BAL,RWR,12,1
88936,4274,CG-1030,0,0,0,0,0,0,0,0,0,3,1,22,0,0,0,0,0,0,0,37,2.2,2.7,3.2,2,3,2016,BAL,TE,80,2
88937,4274,KJ-1400,0,0,0,0,0,0,0,0,0,2,1,8,0,0,0,0,0,0,0,15,0.8,1.3,1.8,2,4,2016,BAL,FB,44,1
88938,4274,TW-1350,0,0,0,0,0,11,5,42,0,3,1,15,0,0,0,0,0,0,0,21,5.7,6.2,6.7,2,3,2016,BAL,RB,28,2
88939,4274,SS-2100,0,0,0,0,0,0,0,0,0,6,3,64,0,0,0,0,0,0,0,53,6.4,7.9,9.4,2,16,2016,BAL,LWR,89,1
88940,4274,GB-0200,0,0,0,0,0,0,0,0,0,5,4,37,0,0,0,0,0,0,0,61,3.7,5.7,7.7,2,9,2016,CLE,TE,82,1
88941,4274,CM-2675,0,0,0,0,0,0,0,0,0,2,1,9,0,0,0,0,0,0,0,25,0.9,1.4,1.9,2,1,2016,BAL,RWR,10,3
88942,4274,KA-0400,0,0,0,0,0,0,0,0,0,1,0,0,0,0,0,0,0,0,0,31,0,0,0,2,6,2016,BAL,LWR,11,2
88943,4274,BP-0450,0,0,0,0,0,0,0,0,0,5,2,32,0,0,0,0,0,0,0,31,3.2,4.2,5.2,2,2,2016,BAL,RWR,18,2
88944,4274,RH-1950,0,0,0,0,0,0,0,0,0,1,0,0,0,0,0,0,0,0,0,7,0,0,0,1,1,2016,CLE,LWR,81,3
88945,4274,GA-0500,0,0,0,0,0,0,0,0,0,0,0,0,0,1,13,0,0,0,0,0,0,0,0,1,3,2016,CLE,RB,25,3
88946,4275,DW-3600,0,0,0,0,0,32,13,94,0,5,4,38,1,0,0,0,0,0,0,66,19.2,21.2,23.2,2,11,2016,PIT,RB,34,1
88947,4275,JH-4025,0,0,0,0,0,11,1,22,0,5,3,37,0,0,0,0,0,0,0,29,5.9,7.4,8.9,2,3,2016,CIN,RB,32,1
88948,4275,AD-0100,54,31,366,0,1,2,1,7,0,0,0,0,0,0,0,0,0,5,0,76,19.34,19.34,22.34,2,6,2016,CIN,QB,14,1
88949,4275,TB-2075,0,0,0,0,0,0,0,0,0,8,6,78,0,0,0,0,1,0,0,60,5.8,8.8,12.8,2,1,2016,CIN,RWR,83,2
88950,4275,AG-1500,0,0,0,0,0,0,0,0,0,8,2,38,0,0,0,0,0,0,0,72,3.8,4.8,5.8,2,6,2016,CIN,LWR,18,1
88951,4275,ER-0462,0,0,0,0,0,0,0,0,0,3,1,9,0,5,27,0,0,0,0,41,0.9,1.4,1.9,2,2,2016,PIT,LWR,17,3
88952,4275,BR-1100,37,19,259,2,3,1,1,14,0,0,0,0,0,0,0,0,0,0,0,74,19.76,21.76,19.76,2,13,2016,PIT,QB,7,1
88953,4275,AB-3500,0,0,0,0,0,0,0,0,0,11,4,39,0,2,18,0,0,0,0,74,3.9,5.9,7.9,2,7,2016,PIT,LWR,84,1
88954,4275,JJ-0725,0,0,0,0,0,0,0,0,0,5,3,29,1,0,0,0,0,0,0,74,8.9,10.4,11.9,2,2,2016,PIT,TE,81,1
88955,4275,CU-0150,0,0,0,0,0,0,0,0,0,8,3,9,0,0,0,0,0,0,0,41,0.9,2.4,3.9,2,2,2016,CIN,TE,87,2
88956,4275,XG-0100,0,0,0,0,0,0,0,0,0,4,2,26,1,0,0,0,0,0,0,17,8.6,9.6,10.6,1,3,2016,PIT,TE,85,3
88957,4275,SC-0775,0,0,0,0,0,1,1,6,0,5,2,97,0,0,0,0,0,0,0,35,10.3,11.3,12.3,2,2,2016,PIT,LWR,14,2
88958,4275,BL-0100,0,0,0,0,0,0,0,0,0,8,3,39,0,0,0,0,0,0,0,72,3.9,5.4,6.9,2,7,2016,CIN,RWR,11,1
88959,4275,TK-0850,0,0,0,0,0,0,0,0,0,4,3,35,0,0,0,0,0,0,0,41,3.5,5,6.5,1,2,2016,CIN,TE,81,1
88960,4275,GB-0350,0,0,0,0,0,5,2,17,0,11,9,100,1,0,0,0,1,0,0,47,15.7,20.2,28.7,2,4,2016,CIN,RB,25,2
88961,4275,FT-0300,0,0,0,0,0,1,1,4,0,1,1,9,0,1,22,0,0,0,0,7,1.3,1.8,2.3,2,3,2016,PIT,RB,33,2
88962,4275,DJ-1300,0,0,0,0,0,0,0,0,0,1,1,5,0,0,0,0,0,0,0,26,0.5,1,1.5,1,8,2016,PIT,TE,46,2
88963,4275,DH-2800,0,0,0,0,0,0,0,0,0,2,1,7,0,0,0,0,0,0,0,26,0.7,1.2,1.7,1,8,2016,PIT,RWR,88,2
88964,4275,AE-1037,0,0,0,0,0,0,0,0,0,1,1,20,0,4,0,0,0,0,0,4,2,2.5,3,2,1,2016,CIN,RWR,12,3
88965,4275,DR-1450,0,0,0,0,0,1,1,6,0,0,0,0,0,0,0,0,0,0,0,1,0.6,0.6,0.6,1,5,2016,PIT,RB,38,3
88966,4275,JW-6545,0,0,0,0,0,0,0,0,0,1,1,10,0,0,0,0,0,0,0,2,1,1.5,2,2,3,2016,CIN,LWR,86,2
88967,4276,RS-2125,0,0,0,0,0,0,0,0,0,0,0,0,0,1,19,0,0,0,0,0,0,0,0,1,2,2016,DAL,FB,45,1
88968,4276,DP-2037,30,22,292,0,0,1,1,6,1,0,0,0,0,0,0,0,0,5,0,68,18.28,18.28,18.28,2,1,2016,DAL,QB,4,1
88969,4276,CB-1130,0,0,0,0,0,0,0,0,0,6,5,75,0,0,0,0,0,0,0,41,7.5,10,12.5,2,5,2016,DAL,RWR,11,2
88970,4276,EE-0250,0,0,0,0,0,21,11,83,1,2,2,4,0,0,0,0,1,0,0,43,12.7,13.7,15.7,2,1,2016,DAL,RB,21,1
88971,4276,DB-5300,0,0,0,0,0,0,0,0,0,12,7,102,0,0,0,0,0,0,0,57,10.2,13.7,20.2,2,7,2016,DAL,LWR,88,1
88972,4276,BB-4100,0,0,0,0,0,0,0,0,0,1,0,0,0,0,0,0,0,0,0,26,0,0,0,2,4,2016,DAL,LWR,19,2
88973,4276,CT-1220,0,0,0,0,0,2,0,1,0,4,3,57,0,1,28,0,0,0,0,28,5.8,7.3,8.8,2,4,2016,WAS,RB,25,2
88974,4276,MJ-2275,0,0,0,0,0,13,8,61,1,1,1,4,0,0,0,0,0,0,0,39,12.5,13,13.5,2,2,2016,WAS,RB,31,1
88975,4276,KC-2350,46,28,364,1,1,2,2,20,0,0,0,0,0,0,0,0,0,0,0,67,18.56,19.56,21.56,2,5,2016,WAS,QB,8,1
88976,4276,DJ-0200,0,0,0,0,0,0,0,0,0,5,3,40,0,0,0,0,0,0,0,51,4,5.5,7,2,9,2016,WAS,RWR,11,1
88977,4276,JC-5680,0,0,0,0,0,0,0,0,0,8,6,39,1,2,30,0,0,0,0,48,9.9,12.9,15.9,2,2,2016,WAS,SWR,80,1
88978,4276,JW-6000,0,0,0,0,0,0,0,0,0,4,3,51,0,0,0,0,0,0,0,68,5.1,6.6,8.1,2,14,2016,DAL,TE,82,1
88979,4276,AM-2850,0,0,0,0,0,5,2,7,1,0,0,0,0,0,0,0,0,0,0,10,6.7,6.7,6.7,2,5,2016,DAL,RB,46,2
88980,4276,GS-1400,0,0,0,0,0,0,0,0,0,2,2,29,0,0,0,0,0,0,0,18,2.9,3.9,4.9,2,2,2016,DAL,TE,87,2
88981,4276,JR-1150,0,0,0,0,0,0,0,0,0,7,5,70,0,0,0,0,0,0,0,59,7,9.5,12,2,4,2016,WAS,TE,86,1
88982,4276,NP-0100,0,0,0,0,0,0,0,0,0,1,1,16,0,0,0,0,0,5,0,7,1.6,2.1,2.6,1,6,2016,WAS,TE,84,3
88983,4276,VD-0100,0,0,0,0,0,0,0,0,0,5,5,51,0,0,0,0,0,5,0,27,5.1,7.6,10.1,2,11,2016,WAS,TE,85,2
88984,4276,PG-0100,0,0,0,0,0,0,0,0,0,7,2,25,0,0,0,0,0,0,0,46,2.5,3.5,4.5,2,9,2016,WAS,LWR,88,1
88985,4276,LD-0850,0,0,0,0,0,3,1,6,0,2,2,26,0,0,0,0,0,0,0,9,3.2,4.2,5.2,2,5,2016,DAL,RB,25,3
88986,4276,LW-1150,0,0,0,0,0,0,0,0,0,0,0,0,0,2,40,0,0,0,0,8,0,0,0,2,2,2016,DAL,RWR,13,3
88987,4276,RG-1650,0,0,0,0,0,0,0,0,0,1,1,5,0,0,0,0,0,0,0,12,0.5,1,1.5,2,3,2016,WAS,SWR,14,2
88988,4276,JD-2350,0,0,0,0,0,0,0,0,0,5,1,57,0,0,0,0,0,0,0,19,5.7,6.2,6.7,2,1,2016,WAS,RWR,18,2
88989,4276,KS-1450,0,0,0,0,0,0,0,0,0,1,1,5,0,0,0,0,0,0,0,5,0.5,1,1.5,2,3,2016,DAL,FB,41,2
88990,4277,TE-0350,0,0,0,0,0,0,0,0,0,0,0,0,0,8,51,0,0,0,0,1,0,0,0,2,1,2016,HOU,RB,34,4
88991,4277,BO-0650,33,19,268,2,1,2,0,-3,0,0,0,0,0,0,0,0,0,0,0,71,10.42,12.42,10.42,2,5,2016,HOU,QB,17,1
88992,4277,CF-0375,0,0,0,0,0,0,0,0,0,1,1,1,0,0,0,0,0,7,0,41,0.1,0.6,1.1,2,3,2016,HOU,TE,87,1
88993,4277,LM-1150,0,0,0,0,0,25,11,83,0,2,2,14,0,0,0,0,0,0,0,52,9.7,10.7,11.7,2,5,2016,HOU,RB,26,1
88994,4277,WF-0300,0,0,0,0,0,0,0,0,0,7,4,104,0,0,0,0,0,0,0,65,10.4,12.4,17.4,2,1,2016,HOU,RWR,15,1
88995,4277,DH-3950,0,0,0,0,0,0,0,0,0,11,7,113,1,0,0,0,0,0,0,72,17.3,20.8,27.3,2,4,2016,HOU,LWR,10,1
88996,4277,BM-2350,0,0,0,0,0,1,0,-2,0,3,1,3,0,0,0,0,0,0,0,20,0.1,0.6,1.1,2,1,2016,HOU,RWR,13,2
88997,4277,AS-1600,37,20,186,0,0,2,0,2,0,0,0,0,0,0,0,0,2,0,0,64,3.64,3.64,5.64,2,12,2016,KC,QB,11,1
88998,4277,TK-0150,0,0,0,0,0,0,0,0,0,7,5,34,0,0,0,0,0,7,0,55,3.4,5.9,8.4,2,4,2016,KC,TE,87,1
88999,4277,CC-3950,0,0,0,0,0,0,0,0,0,4,2,15,0,0,0,0,0,0,0,54,1.5,2.5,3.5,2,2,2016,KC,RWR,17,1
89000,4277,JM-0200,0,0,0,0,0,0,0,0,0,15,6,68,0,0,0,0,0,0,0,63,6.8,9.8,12.8,2,8,2016,KC,LWR,19,1
89001,4277,SW-0350,0,0,0,0,0,10,3,57,0,3,2,48,0,0,0,0,1,0,0,36,8.5,9.5,11.5,2,4,2016,KC,FB,32,2
89002,4277,KD-0450,0,0,0,0,0,0,0,0,0,0,0,0,0,3,75,0,0,0,0,1,0,0,0,1,4,2016,KC,RB,34,4
89003,4277,TH-1750,0,0,0,0,0,1,0,-1,0,2,2,8,0,6,119,0,0,0,0,7,0.7,1.7,2.7,2,1,2016,KC,LWR,81,2
89004,4277,CW-1450,0,0,0,0,0,6,3,61,0,2,1,2,0,0,0,0,0,0,0,26,6.3,6.8,7.3,2,3,2016,KC,RB,35,3
89005,4277,RG-1870,0,0,0,0,0,0,0,0,0,2,1,5,0,0,0,0,0,0,0,27,0.5,1,1.5,2,4,2016,HOU,TE,84,2
89006,4277,DH-1450,0,0,0,0,0,0,0,0,0,1,0,0,0,0,0,0,0,0,0,18,0,0,0,2,4,2016,KC,TE,84,2
89007,4277,AB-1975,0,0,0,0,0,5,3,11,0,0,0,0,0,0,0,0,0,0,0,9,1.1,1.1,1.1,2,3,2016,HOU,RB,28,2
89008,4277,SA-0850,0,0,0,0,0,0,0,0,0,3,2,15,0,0,0,0,0,0,0,12,1.5,2.5,3.5,2,1,2016,HOU,TE,89,3
89009,4277,JS-7075,0,0,0,0,0,0,0,0,0,1,0,0,0,0,0,0,0,0,0,42,0,0,0,1,2,2016,HOU,LWR,11,2
89010,4277,AW-1650,0,0,0,0,0,0,0,0,0,3,2,11,0,0,0,0,0,0,0,41,1.1,2.1,3.1,2,3,2016,KC,RWR,12,2
89011,4277,JG-3850,0,0,0,0,0,1,0,8,0,3,1,13,0,0,0,0,0,0,0,10,2.1,2.6,3.1,1,5,2016,HOU,RB,41,3
89012,4277,RT-1550,0,0,0,0,0,0,0,0,0,0,0,0,0,0,0,0,0,10,0,6,0,0,0,2,2,2016,KC,TE,88,3
89013,4278,JG-0650,27,18,234,0,3,0,0,0,0,0,0,0,0,0,0,0,0,0,0,42,21.36,21.36,21.36,2,3,2016,NE,QB,10,1
89014,4278,JE-0100,0,0,0,0,0,0,0,0,0,11,7,76,0,0,0,0,0,0,0,63,7.6,11.1,14.6,2,8,2016,NE,RWR,11,1
89015,4278,LB-0500,0,0,0,0,0,29,13,123,1,0,0,0,0,0,0,0,0,0,0,51,18.3,18.3,21.3,2,7,2016,NE,RB,29,1
89016,4278,DF-1375,0,0,0,0,0,1,0,7,0,2,1,2,0,0,0,0,0,0,0,4,0.9,1.4,1.9,1,1,2016,NE,RB,27,3
89017,4278,MB-1800,0,0,0,0,0,0,0,0,0,6,5,114,1,0,0,0,0,0,0,80,17.4,19.9,25.4,2,9,2016,NE,TE,88,1
89018,4278,DA-0900,0,0,0,0,0,0,0,0,0,4,4,50,2,4,33,0,1,0,0,19,15,17,20,2,9,2016,NE,LWR,80,1
89019,4278,AF-0900,0,0,0,0,0,3,1,9,0,0,0,0,0,0,0,0,0,0,0,10,0.9,0.9,0.9,2,8,2016,MIA,RB,34,1
89020,4278,RT-0150,45,32,389,2,2,6,4,35,0,0,0,0,0,0,0,0,0,0,0,64,23.06,25.06,26.06,2,5,2016,MIA,QB,17,1
89021,4278,KS-2350,0,0,0,0,0,0,0,0,0,4,2,39,1,0,0,0,0,10,0,63,9.9,10.9,11.9,2,4,2016,MIA,RWR,10,1
89022,4278,JC-0400,0,0,0,0,0,0,0,0,0,7,5,49,1,0,0,0,0,0,0,37,10.9,13.4,15.9,2,6,2016,MIA,TE,84,1
89023,4278,CH-3350,0,0,0,0,0,0,0,0,0,6,4,59,0,0,0,0,0,0,0,63,5.9,7.9,9.9,2,6,2016,NE,LWR,15,2
89024,4278,JW-2550,0,0,0,0,0,4,1,19,0,4,2,10,0,0,0,0,0,0,0,28,2.9,3.9,4.9,2,3,2016,NE,RB,28,1
89025,4278,MS-2100,0,0,0,0,0,0,0,0,0,1,0,0,0,1,18,0,0,0,0,14,0,0,0,1,9,2016,NE,LWR,18,3
89026,4278,KD-1462,0,0,0,0,0,2,2,12,1,2,2,6,0,1,15,0,0,0,0,18,7.8,8.8,9.8,1,1,2016,MIA,RB,32,4
89027,4278,JL-0215,0,0,0,0,0,0,0,0,0,13,10,137,0,1,0,0,1,0,0,60,11.7,16.7,25.7,2,3,2016,MIA,SWR,14,1
89028,4278,DP-0350,0,0,0,0,0,0,0,0,0,13,8,106,0,0,0,0,0,0,0,59,10.6,14.6,21.6,1,2,2016,MIA,LWR,11,1
89029,4278,JA-0450,0,0,0,0,0,5,1,14,0,4,4,31,0,0,0,0,1,0,0,36,2.5,4.5,7.5,1,2,2016,MIA,RB,23,2
89030,4278,MM-3450,0,0,0,0,0,0,0,0,0,2,1,15,0,0,0,0,0,0,0,31,1.5,2,2.5,2,1,2016,NE,RWR,19,2
89031,4278,JB-5725,9,6,92,0,0,4,3,12,0,0,0,0,0,0,0,0,0,0,0,38,4.88,4.88,4.88,1,1,2016,NE,QB,7,2
89032,4278,DS-2170,0,0,0,0,0,0,0,0,0,1,1,21,0,0,0,0,0,0,0,33,2.1,2.6,3.1,1,4,2016,MIA,TE,80,2
89033,4279,TC-0050,0,0,0,0,0,0,0,0,0,3,2,17,0,2,24,0,0,0,0,19,1.7,2.7,3.7,2,5,2016,NO,RB,38,3
89034,4279,MI-0100,0,0,0,0,0,9,3,30,0,4,4,17,0,0,0,0,0,5,0,33,4.7,6.7,8.7,2,6,2016,NO,RB,22,1
89035,4279,DB-3800,44,29,263,0,1,0,0,0,0,0,0,0,0,0,0,0,0,5,0,62,14.52,14.52,14.52,2,16,2016,NO,QB,9,1
89036,4279,WS-0925,0,0,0,0,0,0,0,0,0,8,5,54,1,0,0,0,0,0,0,54,11.4,13.9,16.4,2,3,2016,NO,RWR,83,2
89037,4279,CF-0650,0,0,0,0,0,0,0,0,0,8,2,29,0,0,0,0,0,0,0,47,2.9,3.9,4.9,2,5,2016,NO,TE,82,1
89038,4279,EM-0200,41,32,368,0,0,4,0,-4,0,0,0,0,0,0,0,0,1,0,0,79,12.32,12.32,16.32,2,13,2016,NYG,QB,10,1
89039,4279,SS-1250,0,0,0,0,0,0,0,0,0,8,8,117,0,0,0,0,0,0,0,75,11.7,15.7,22.7,2,1,2016,NYG,RWR,87,1
89040,4279,RJ-0800,0,0,0,0,0,13,6,27,0,2,2,13,0,0,0,0,0,0,0,34,4,5,6,2,8,2016,NYG,RB,23,1
89041,4279,VC-0300,0,0,0,0,0,0,0,0,0,8,4,91,0,0,0,0,1,0,0,74,7.1,9.1,12.1,2,7,2016,NYG,WR,80,1
89042,4279,TL-0825,0,0,0,0,0,0,0,0,0,1,1,-1,0,2,27,0,0,0,0,6,-0.1,0.4,0.9,1,1,2016,NO,RWR,87,3
89043,4279,TH-1600,0,0,0,0,0,3,2,9,0,0,0,0,0,0,0,0,0,0,0,3,0.9,0.9,0.9,2,9,2016,NO,RB,34,2
89044,4279,WT-0600,0,0,0,0,0,0,0,0,0,3,2,10,0,0,0,0,0,0,0,41,1,2,3,2,2,2016,NYG,TE,45,2
89045,4279,OB-0075,0,0,0,0,0,0,0,0,0,11,8,86,0,0,0,0,0,0,0,78,8.6,12.6,16.6,2,3,2016,NYG,LWR,13,1
89046,4279,SV-0200,0,0,0,0,0,14,6,42,0,3,3,24,0,0,0,0,1,0,0,40,4.6,6.1,8.6,2,6,2016,NYG,RB,34,2
89047,4279,LD-0650,0,0,0,0,0,0,0,0,0,5,4,24,0,0,0,0,0,0,0,43,2.4,4.4,6.4,2,5,2016,NYG,TE,84,1
89048,4279,JK-2200,0,0,0,0,0,1,0,2,0,2,2,8,0,0,0,0,0,0,0,15,1,2,3,2,12,2016,NO,FB,29,1
89049,4279,BC-2325,0,0,0,0,0,0,0,0,0,9,7,68,0,0,0,0,0,0,0,53,6.8,10.3,13.8,2,3,2016,NO,RWR,10,1
89050,4279,BC-1850,0,0,0,0,0,0,0,0,0,4,2,15,0,0,0,0,0,20,0,21,1.5,2.5,3.5,1,3,2016,NO,LWR,16,2
89051,4279,MT-0875,0,0,0,0,0,0,0,0,0,5,4,56,0,0,0,0,0,0,0,37,5.6,7.6,9.6,2,1,2016,NO,LWR,13,1
89052,4279,DH-1800,0,0,0,0,0,0,0,0,0,0,0,0,0,1,9,0,0,0,0,3,0,0,0,2,6,2016,NYG,RWR,17,2
89053,4279,OD-0200,0,0,0,0,0,1,0,-1,0,1,1,3,0,0,0,0,0,0,0,5,0.2,0.7,1.2,1,3,2016,NYG,RB,26,3
89054,4280,TG-0900,0,0,0,0,0,1,1,5,0,4,2,51,0,12,168,0,1,0,0,49,3.6,4.6,6.6,2,10,2016,CAR,RWR,19,1
89055,4280,JS-6700,0,0,0,0,0,5,2,9,0,2,2,7,0,0,0,0,0,0,0,10,1.6,2.6,3.6,2,9,2016,CAR,RB,28,1
89056,4280,CN-0500,40,24,353,1,4,6,4,37,0,0,0,0,0,0,0,0,1,5,0,83,29.82,30.82,33.82,2,6,2016,CAR,QB,1,1
89057,4280,ED-0400,0,0,0,0,0,0,0,0,0,1,0,0,0,0,0,0,0,0,0,35,0,0,0,1,7,2016,CAR,TE,84,2
89058,4280,CH-5000,0,0,0,0,0,14,5,34,0,3,3,18,0,0,0,0,1,0,0,39,3.2,4.7,7.2,2,3,2016,SF,RB,28,1
89059,4280,SD-0800,0,0,0,0,0,9,2,21,0,1,0,0,0,0,0,0,0,0,0,22,2.1,2.1,2.1,2,6,2016,SF,RB,24,2
89060,4280,BG-0100,36,17,243,2,2,3,2,10,1,0,0,0,0,0,0,0,0,0,0,65,20.72,22.72,20.72,2,6,2016,SF,QB,2,1
89061,4280,TS-2300,0,0,0,0,0,0,0,0,0,10,3,55,1,0,0,0,0,0,0,56,11.5,13,14.5,2,6,2016,SF,LWR,82,1
89062,4280,CB-3850,0,0,0,0,0,0,0,0,0,6,3,15,0,0,0,0,0,0,0,43,1.5,3,4.5,2,3,2016,CAR,RWR,10,2
89063,4280,FW-0750,0,0,0,0,0,16,5,100,0,4,3,31,0,0,0,0,1,0,0,49,11.1,12.6,18.1,2,5,2016,CAR,RB,43,2
89064,4280,KB-0950,0,0,0,0,0,0,0,0,0,9,7,108,2,0,0,0,0,10,0,52,22.8,26.3,32.8,2,3,2016,CAR,LWR,13,1
89065,4280,GO-0100,0,0,0,0,0,0,0,0,0,8,5,122,1,0,0,0,0,0,0,76,18.2,20.7,26.2,2,10,2016,CAR,TE,88,1
89066,4280,JK-1000,0,0,0,0,0,0,0,0,0,6,3,29,0,2,0,0,0,0,0,47,2.9,4.4,5.9,2,6,2016,SF,SWR,14,1
89067,4280,QP-0050,0,0,0,0,0,0,0,0,0,6,3,25,0,1,11,0,0,0,0,57,2.5,4,5.5,2,4,2016,SF,RWR,11,1
89068,4280,GC-0350,0,0,0,0,0,0,0,0,0,2,1,12,0,0,0,0,0,10,0,32,1.2,1.7,2.2,2,5,2016,SF,TE,88,2
89069,4280,AB-3862,0,0,0,0,0,0,0,0,0,1,0,0,0,0,0,0,0,0,0,10,0,0,0,1,1,2016,SF,LWR,13,2
89070,4280,MT-1300,0,0,0,0,0,9,4,25,0,1,0,0,0,0,0,0,0,0,0,29,2.5,2.5,2.5,2,9,2016,CAR,FB,35,1
89071,4280,RS-3250,0,0,0,0,0,0,0,0,0,2,1,13,0,0,0,0,0,0,0,14,1.3,1.8,2.3,1,5,2016,SF,RWR,81,2
89072,4280,DF-2200,0,0,0,0,0,0,0,0,0,4,2,19,1,0,0,0,0,15,0,54,7.9,8.9,9.9,2,2,2016,CAR,LWR,17,2
89073,4280,MD-0150,0,0,0,0,0,0,0,0,0,1,1,10,0,1,6,0,0,0,0,4,1,1.5,2,2,2,2016,SF,RB,22,3
89074,4280,VM-0250,0,0,0,0,0,0,0,0,0,2,1,75,1,0,0,0,0,0,0,39,13.5,14,14.5,2,4,2016,SF,TE,89,1
89075,4280,BB-1550,0,0,0,0,0,0,0,0,0,2,1,6,0,0,0,0,0,0,0,10,0.6,1.1,1.6,1,2,2016,SF,TE,84,3
89076,4281,MM-0900,0,0,0,0,0,0,0,0,0,0,0,0,0,5,47,0,0,0,0,0,0,0,0,2,7,2016,TEN,RWR,87,3
89077,4281,DM-4300,0,0,0,0,0,12,4,89,0,7,7,56,0,0,0,0,0,0,0,41,14.5,18,21.5,2,6,2016,TEN,RB,29,1
89078,4281,MM-0912,33,25,238,1,2,2,1,11,0,0,0,0,0,0,0,0,0,0,0,66,16.62,17.62,16.62,2,2,2016,TEN,QB,8,1
89079,4281,DH-2450,0,0,0,0,0,9,7,40,0,1,1,9,0,0,0,0,0,0,0,31,4.9,5.4,5.9,2,1,2016,TEN,RB,22,2
89080,4281,DW-0500,0,0,0,0,0,0,0,0,0,6,6,83,1,0,0,0,0,0,0,52,14.3,17.3,20.3,2,11,2016,TEN,TE,82,1
89081,4281,AA-0025,0,0,0,0,0,6,3,38,0,0,0,0,0,0,0,0,0,0,0,17,3.8,3.8,3.8,2,2,2016,DET,RB,21,1
89082,4281,MS-4100,40,22,260,1,1,2,1,31,0,0,0,0,0,0,0,0,0,0,0,79,15.5,16.5,15.5,2,8,2016,DET,QB,9,1
89083,4281,AB-2000,0,0,0,0,0,0,0,0,0,7,4,48,1,0,0,0,0,20,0,67,10.8,12.8,14.8,2,14,2016,DET,SWR,80,1
89084,4281,GT-0100,0,0,0,0,0,0,0,0,0,9,2,13,0,0,0,0,0,15,0,70,1.3,2.3,3.3,2,7,2016,DET,LWR,15,1
89085,4281,AR-1100,0,0,0,0,0,0,0,0,0,0,0,0,0,3,33,0,0,0,0,9,0,0,0,2,7,2016,DET,RWR,19,2
89086,4281,MJ-2250,0,0,0,0,0,0,0,0,0,11,8,118,0,0,0,0,0,0,0,73,11.8,15.8,22.8,2,5,2016,DET,RWR,11,1
89087,4281,EE-0050,0,0,0,0,0,0,0,0,0,7,4,53,0,0,0,0,0,20,0,71,5.3,7.3,9.3,2,3,2016,DET,TE,85,1
89088,4281,AF-0200,0,0,0,0,0,0,0,0,0,3,1,1,0,0,0,0,0,0,0,46,0.1,0.6,1.1,1,11,2016,TEN,TE,80,1
89089,4281,AJ-0900,0,0,0,0,0,0,0,0,0,2,1,9,1,0,0,0,0,0,0,15,6.9,7.4,7.9,2,14,2016,TEN,LWR,81,2
89090,4281,TS-1262,0,0,0,0,0,0,0,0,0,7,4,33,0,0,0,0,0,15,0,67,3.3,5.3,7.3,2,1,2016,TEN,RWR,19,1
89091,4281,DW-1550,0,0,0,0,0,4,2,31,0,0,0,0,0,1,25,0,0,0,0,11,3.1,3.1,3.1,2,1,2016,DET,RB,36,4
89092,4281,TR-0370,0,0,0,0,0,11,5,37,0,5,4,28,0,0,0,0,0,0,0,51,6.5,8.5,10.5,2,4,2016,DET,RB,25,2
89093,4281,AA-1350,0,0,0,0,0,0,0,0,0,0,0,0,0,1,15,0,0,0,0,0,0,0,0,1,3,2016,TEN,RB,26,3
89094,4281,RM-1500,0,0,0,0,0,0,0,0,0,6,4,40,0,0,0,0,0,10,0,36,4,6,8,2,5,2016,TEN,LWR,18,1
89095,4281,PS-0950,0,0,0,0,0,0,0,0,0,1,1,7,0,0,0,0,0,0,0,18,0.7,1.2,1.7,1,5,2016,TEN,TE,89,2
89096,4281,MC-0700,0,0,0,0,0,1,0,-1,0,0,0,0,0,0,0,0,0,0,0,1,-0.1,-0.1,-0.1,1,12,2016,TEN,QB,16,2
89097,4282,CK-0250,30,18,239,0,0,3,1,5,0,0,0,0,0,0,0,0,0,0,0,62,10.06,10.06,10.06,2,5,2016,LA,QB,17,1
89098,4282,LK-0200,0,0,0,0,0,0,0,0,0,6,4,61,0,0,0,0,0,0,0,59,6.1,8.1,10.1,2,6,2016,LA,TE,88,1
89099,4282,KB-1900,0,0,0,0,0,0,0,0,0,10,6,94,0,0,0,0,0,0,0,52,9.4,12.4,15.4,2,8,2016,LA,LWR,18,1
89100,4282,TA-1050,0,0,0,0,0,2,1,6,0,9,5,50,0,4,15,0,0,0,0,45,5.6,8.1,10.6,2,4,2016,LA,RWR,11,1
89101,4282,TG-1950,0,0,0,0,0,19,7,51,0,1,1,19,0,0,0,0,0,0,0,44,7,7.5,8,2,2,2016,LA,RB,30,1
89102,4282,TR-0112,0,0,0,0,0,7,1,-7,0,3,3,15,0,0,0,0,0,0,0,15,0.8,2.3,3.8,2,2,2016,SEA,RB,34,1
89103,4282,RW-3850,35,22,254,0,0,5,0,14,0,0,0,0,0,0,0,0,1,0,0,67,9.56,9.56,10.56,2,5,2016,SEA,QB,3,1
89104,4282,CM-2280,0,0,0,0,0,10,7,60,0,4,3,26,0,0,0,0,1,0,0,48,6.6,8.1,10.6,2,4,2016,SEA,RB,32,2
89105,4282,BC-3070,0,0,0,0,0,1,0,2,0,2,1,7,0,0,0,0,0,0,0,13,0.9,1.4,1.9,2,4,2016,LA,RB,23,2
89106,4282,TL-1025,0,0,0,0,0,0,0,0,0,4,4,99,0,4,0,0,0,10,0,27,9.9,11.9,13.9,2,2,2016,SEA,LWR,16,2
89107,4282,DB-0500,0,0,0,0,0,0,0,0,0,6,3,20,0,0,0,0,0,0,0,58,2,3.5,5,2,6,2016,SEA,LWR,89,1
89108,4282,JK-0250,0,0,0,0,0,0,0,0,0,6,2,11,0,0,0,0,0,20,0,56,1.1,2.1,3.1,2,5,2016,SEA,RWR,15,1
89109,4282,WT-0400,0,0,0,0,0,0,0,0,0,1,0,0,0,0,0,0,0,0,0,7,0,0,0,1,7,2016,SEA,FB,46,1
89110,4282,PR-0150,0,0,0,0,0,0,0,0,0,6,3,35,0,1,20,0,0,0,0,45,3.5,5,6.5,2,3,2016,SEA,RWR,10,2
89111,4282,JG-2900,0,0,0,0,0,0,0,0,0,4,3,42,0,0,0,0,0,5,0,55,4.2,5.7,7.2,2,7,2016,SEA,TE,88,1
89112,4282,LW-1450,0,0,0,0,0,0,0,0,0,1,1,6,0,0,0,0,0,0,0,16,0.6,1.1,1.6,2,4,2016,SEA,TE,82,1
89113,4282,AC-2150,0,0,0,0,0,2,0,0,0,0,0,0,0,0,0,0,0,0,0,4,0,0,0,1,1,2016,SEA,RB,36,4
89114,4282,BQ-0050,0,0,0,0,0,0,0,0,0,1,1,8,0,0,0,0,0,0,0,38,0.8,1.3,1.8,2,5,2016,LA,RWR,83,2
89115,4282,CH-1230,0,0,0,0,0,0,0,0,0,0,0,0,0,0,0,0,0,10,0,13,0,0,0,1,5,2016,LA,TE,46,1
89116,4283,CP-0500,31,18,308,0,3,0,0,0,0,0,0,0,0,0,0,0,0,0,0,54,24.32,24.32,27.32,2,14,2016,ARI,QB,3,1
89117,4283,LF-0200,0,0,0,0,0,0,0,0,0,11,6,81,1,0,0,0,0,0,0,58,14.1,17.1,20.1,2,13,2016,ARI,LWR,11,1
89118,4283,MF-0950,0,0,0,0,0,0,0,0,0,6,2,8,1,0,0,0,0,0,0,53,6.8,7.8,8.8,2,5,2016,ARI,RWR,15,1
89119,4283,DJ-1325,0,0,0,0,0,12,4,45,0,5,3,98,0,0,0,0,0,0,0,41,14.3,15.8,17.3,2,2,2016,ARI,RB,31,1
89120,4283,AH-3862,0,0,0,0,0,0,0,0,0,8,6,67,0,6,47,0,0,0,0,58,6.7,9.7,12.7,2,2,2016,TB,LWR,11,2
89121,4283,JW-5650,53,27,240,4,1,3,1,9,0,0,0,0,0,0,0,0,1,5,0,79,4.5,8.5,5.5,2,2,2016,TB,QB,3,1
89122,4283,ME-0600,0,0,0,0,0,0,0,0,0,17,6,70,1,0,0,0,0,10,0,69,13,16,19,2,3,2016,TB,RWR,13,1
89123,4283,DM-0450,0,0,0,0,0,7,3,23,0,0,0,0,0,0,0,0,0,0,0,16,2.3,2.3,2.3,2,5,2016,TB,RB,22,1
89124,4283,JB-6950,0,0,0,0,0,0,0,0,0,3,1,14,0,4,7,0,0,0,0,29,1.4,1.9,2.4,2,3,2016,ARI,RWR,12,2
89125,4283,DF-0550,0,0,0,0,0,0,0,0,0,5,4,31,0,0,0,0,0,0,0,42,3.1,5.1,7.1,1,4,2016,ARI,TE,85,1
89126,4283,VJ-0100,0,0,0,0,0,0,0,0,0,9,4,44,0,0,0,0,0,0,0,68,4.4,6.4,8.4,2,12,2016,TB,LWR,83,1
89127,4283,AE-0750,0,0,0,0,0,1,0,2,0,1,1,9,0,0,0,0,0,0,0,6,1.1,1.6,2.1,2,4,2016,ARI,RB,38,3
89128,4283,CJ-1700,0,0,0,0,0,16,8,54,1,0,0,0,0,0,0,0,0,0,0,21,11.4,11.4,11.4,2,9,2016,ARI,RB,23,2
89129,4283,JG-3700,0,0,0,0,0,0,0,0,0,1,0,0,0,0,0,0,0,0,0,24,0,0,0,2,7,2016,ARI,TE,84,1
89130,4283,CS-1950,0,0,0,0,0,9,3,24,0,5,3,4,0,0,0,0,0,0,0,50,2.8,4.3,5.8,2,3,2016,TB,RB,34,2
89131,4283,AS-0550,0,0,0,0,0,0,0,0,0,2,2,14,0,0,0,0,0,0,0,34,1.4,2.4,3.4,2,3,2016,TB,TE,87,2
89132,4283,CB-2775,0,0,0,0,0,0,0,0,0,4,3,16,0,0,0,0,0,0,0,33,1.6,3.1,4.6,2,3,2016,TB,TE,84,1
89133,4283,JB-6750,0,0,0,0,0,0,0,0,0,2,2,78,1,0,0,0,0,0,0,29,13.8,14.8,15.8,2,4,2016,ARI,LWR,13,2
89134,4283,CS-1500,0,0,0,0,0,0,0,0,0,2,1,12,0,1,19,0,0,0,0,9,1.2,1.7,2.2,1,6,2016,TB,RWR,10,3
89135,4283,RS-0975,0,0,0,0,0,0,0,0,0,2,2,16,0,0,0,0,0,0,0,14,1.6,2.6,3.6,2,4,2016,TB,RWR,89,2
89136,4283,JR-2800,0,0,0,0,0,2,2,29,0,1,0,0,0,0,0,0,0,0,0,17,2.9,2.9,2.9,1,6,2016,TB,RB,32,4
89137,4283,DS-3800,4,1,11,0,0,0,0,0,0,0,0,0,0,0,0,0,0,0,0,12,0.44,0.44,0.44,1,10,2016,ARI,QB,5,2
89138,4283,TN-0550,0,0,0,0,0,0,0,0,0,1,0,0,0,0,0,0,0,0,0,24,0,0,0,1,3,2016,ARI,TE,87,2
89139,4284,MR-2500,34,26,396,1,3,0,0,0,0,0,0,0,0,0,0,0,0,0,1,64,27.84,28.84,30.84,2,9,2016,ATL,QB,2,1
89140,4284,JJ-4700,0,0,0,0,0,0,0,0,0,5,5,106,1,0,0,0,0,5,0,49,16.6,19.1,24.6,2,6,2016,ATL,LWR,11,1
89141,4284,DF-1875,0,0,0,0,0,17,10,93,0,0,0,0,0,0,0,0,0,0,0,34,9.3,9.3,9.3,2,3,2016,ATL,RB,24,1
89142,4284,JT-0300,0,0,0,0,0,0,0,0,0,8,5,75,1,0,0,0,0,0,0,44,13.5,16,18.5,2,9,2016,ATL,TE,83,1
89143,4284,TC-2050,0,0,0,0,0,12,5,46,1,2,2,25,0,0,0,0,0,0,0,29,13.1,14.1,15.1,2,2,2016,ATL,RB,26,2
89144,4284,JH-1350,0,0,0,0,0,0,0,0,0,3,1,8,1,0,0,0,0,0,0,13,6.8,7.3,7.8,2,2,2016,ATL,LWR,16,2
89145,4284,DC-0725,45,34,300,0,3,2,2,10,0,0,0,0,0,0,0,0,0,0,0,75,25,25,28,2,3,2016,OAK,QB,4,1
89146,4284,LS-1550,0,0,0,0,0,0,0,0,0,4,4,24,0,0,0,0,0,10,0,40,2.4,4.4,6.4,2,6,2016,OAK,TE,86,1
89147,4284,LM-1850,0,0,0,0,0,8,6,57,1,6,6,44,0,0,0,0,0,0,0,36,16.1,19.1,22.1,2,4,2016,OAK,RB,28,1
89148,4284,JR-2075,0,0,0,0,0,7,2,17,0,1,1,10,0,2,24,0,0,0,0,16,2.7,3.2,3.7,2,1,2016,OAK,RB,30,4
89149,4284,CW-0225,0,0,0,0,0,0,0,0,0,7,6,50,1,0,0,0,0,14,0,47,11,14,17,2,2,2016,OAK,TE,88,2
89150,4284,EW-0500,0,0,0,0,0,0,0,0,0,0,0,0,0,3,74,0,0,0,0,0,0,0,0,2,10,2016,ATL,LWR,14,3
89151,4284,AR-1200,0,0,0,0,0,0,0,0,0,3,2,30,0,1,11,0,0,0,0,16,3,4,5,1,6,2016,ATL,RWR,19,2
89152,4284,TG-0025,0,0,0,0,0,0,0,0,0,3,3,28,0,0,0,0,0,0,0,9,2.8,4.3,5.8,1,3,2016,ATL,RWR,18,3
89153,4284,AC-2350,0,0,0,0,0,0,0,0,0,9,5,72,0,0,0,0,0,0,0,69,7.2,9.7,12.2,2,2,2016,OAK,RWR,89,1
89154,4284,DW-1350,0,0,0,0,0,6,3,46,0,1,1,6,0,0,0,0,0,0,0,15,5.2,5.7,6.2,2,1,2016,OAK,RB,33,3
89155,4284,AH-3650,0,0,0,0,0,0,0,0,0,3,3,84,0,0,0,0,0,0,0,20,8.4,9.9,11.4,2,1,2016,ATL,TE,81,2
89156,4284,LT-0550,0,0,0,0,0,0,0,0,0,2,2,21,0,0,0,0,0,0,0,36,2.1,3.1,4.1,1,4,2016,ATL,TE,80,3
89157,4284,MS-0150,0,0,0,0,0,0,0,0,0,5,3,19,0,0,0,0,0,0,0,47,1.9,3.4,4.9,2,5,2016,ATL,RWR,12,1
89158,4284,TJ-2400,0,0,0,0,0,0,0,0,0,0,0,0,0,1,21,0,0,0,0,1,0,0,0,2,6,2016,OAK,RB,22,2
89159,4284,MC-2900,0,0,0,0,0,0,0,0,0,5,4,31,1,0,0,0,0,0,0,57,9.1,11.1,13.1,2,8,2016,OAK,LWR,15,1
89160,4284,SR-0750,0,0,0,0,0,0,0,0,0,6,3,25,0,0,0,0,0,0,0,51,2.5,4,5.5,2,3,2016,OAK,LWR,10,2
89161,4284,JH-5125,0,0,0,0,0,1,1,14,0,1,1,4,0,0,0,0,0,0,0,4,1.8,2.3,2.8,1,1,2016,OAK,RWR,16,3
89162,4284,JO-0550,0,0,0,0,0,1,1,11,0,2,2,28,0,0,0,0,0,0,0,26,3.9,4.9,5.9,2,5,2016,OAK,FB,49,1
89163,4284,AH-3600,0,0,0,0,0,0,0,0,0,3,1,6,1,0,0,0,0,0,0,14,6.6,7.1,7.6,2,6,2016,OAK,RWR,18,2
89164,4285,TS-1450,33,22,266,1,0,1,1,7,0,0,0,0,0,0,0,0,0,0,1,71,11.34,12.34,11.34,2,2,2016,DEN,QB,13,1
89165,4285,ES-0200,0,0,0,0,0,0,0,0,0,8,3,39,0,0,0,0,0,0,0,60,3.9,5.4,6.9,2,7,2016,DEN,RWR,10,1
89166,4285,AJ-0375,0,0,0,0,0,0,0,0,0,1,1,11,0,0,0,0,0,0,0,34,1.1,1.6,2.1,2,1,2016,DEN,FB,32,1
89167,4285,CA-0750,0,0,0,0,0,20,10,74,1,5,3,19,0,0,0,0,0,0,0,47,15.3,16.8,18.3,2,4,2016,DEN,RB,22,1
89168,4285,AL-1100,40,21,197,1,1,3,2,22,0,0,0,0,0,0,0,0,1,5,0,73,10.08,11.08,11.08,2,5,2016,IND,QB,12,1
89169,4285,JD-2550,0,0,0,0,0,0,0,0,0,5,4,37,0,0,0,0,0,10,0,46,3.7,5.7,7.7,2,4,2016,IND,TE,84,1
89170,4285,TH-1850,0,0,0,0,0,0,0,0,0,11,4,41,0,0,0,0,0,0,0,64,4.1,6.1,8.1,2,5,2016,IND,RWR,13,1
89171,4285,DM-2775,0,0,0,0,0,0,0,0,0,3,1,9,0,0,0,0,0,0,0,9,0.9,1.4,1.9,2,3,2016,IND,LWR,10,1
89172,4285,FG-0200,0,0,0,0,0,13,6,44,0,3,3,19,1,0,0,0,0,0,0,34,12.3,13.8,15.3,2,12,2016,IND,RB,23,1
89173,4285,DT-0900,0,0,0,0,0,0,0,0,0,7,5,90,0,0,0,0,0,0,1,56,11,13.5,16,2,7,2016,DEN,LWR,88,1
89174,4285,DB-2950,0,0,0,0,0,9,5,46,0,1,1,5,0,0,0,0,0,0,0,14,5.1,5.6,6.1,2,1,2016,DEN,RB,20,2
89175,4285,QB-0250,0,0,0,0,0,0,0,0,0,1,1,7,0,3,47,0,0,0,0,17,0.7,1.2,1.7,2,2,2016,IND,LWR,11,2
89176,4285,PD-0800,0,0,0,0,0,0,0,0,0,5,1,30,0,0,0,0,0,0,0,61,3,3.5,4,2,2,2016,IND,RWR,15,2
89177,4285,JN-1900,0,0,0,0,0,0,0,0,0,4,3,24,0,2,26,0,0,0,0,40,2.4,3.9,5.4,2,8,2016,DEN,RWR,11,3
89178,4285,JT-1050,0,0,0,0,0,0,0,0,0,1,1,20,0,0,0,0,0,0,0,10,2,2.5,3,1,2,2016,DEN,LWR,87,3
89179,4285,VG-0300,0,0,0,0,0,0,0,0,0,3,3,46,0,0,0,0,0,0,0,41,4.6,6.1,7.6,2,6,2016,DEN,TE,85,1
89180,4285,DA-0850,0,0,0,0,0,0,0,0,0,4,2,25,0,0,0,0,0,0,0,62,2.5,3.5,4.5,2,5,2016,IND,TE,83,1
89181,4285,KB-1050,0,0,0,0,0,1,1,7,0,1,0,0,0,0,0,0,0,0,0,8,0.7,0.7,0.7,2,3,2016,DEN,RB,35,3
89182,4285,CL-0275,0,0,0,0,0,0,0,0,0,2,2,12,0,0,0,0,0,0,0,18,1.2,2.2,3.2,1,3,2016,DEN,RWR,14,2
89183,4285,RT-1950,0,0,0,0,0,3,2,10,1,1,0,0,0,0,0,0,0,0,0,12,7,7,7,2,5,2016,IND,RB,33,2
89184,4285,JF-1250,0,0,0,0,0,2,1,7,0,5,5,29,0,0,0,0,0,0,0,27,3.6,6.1,8.6,2,1,2016,IND,RB,34,4
89185,4285,CR-1525,0,0,0,0,0,0,0,0,0,1,0,0,0,0,0,0,0,0,0,23,0,0,0,1,1,2016,IND,LWR,3,3
89186,4286,MG-1150,0,0,0,0,0,24,13,102,1,3,3,18,0,0,0,0,0,0,0,50,18,19.5,24,2,2,2016,SD,RB,28,1
89187,4286,PR-0300,24,17,220,0,4,1,1,10,0,0,0,0,0,0,0,0,1,0,0,63,23.8,23.8,24.8,2,13,2016,SD,QB,17,1
89188,4286,AG-0500,0,0,0,0,0,0,0,0,0,5,3,15,1,0,0,0,0,0,0,36,7.5,9,10.5,2,14,2016,SD,TE,85,1
89189,4286,TB-1060,0,0,0,0,0,1,0,-1,0,6,6,115,2,2,21,0,0,0,0,42,23.4,26.4,32.4,2,5,2016,SD,LWR,12,1
89190,4286,DW-4300,0,0,0,0,0,3,2,27,0,1,1,4,0,0,0,0,0,0,0,5,3.1,3.6,4.1,2,9,2016,SD,RB,39,2
89191,4286,CG-1950,0,0,0,0,0,0,0,0,0,1,1,15,1,3,67,0,0,0,0,7,7.5,8,8.5,2,2,2016,JAC,RB,33,4
89192,4286,JT-2000,0,0,0,0,0,0,0,0,0,7,4,71,0,0,0,0,0,5,0,61,7.1,9.1,11.1,2,6,2016,JAC,TE,80,1
89193,4286,TY-0150,0,0,0,0,0,7,3,28,0,9,8,10,0,0,0,0,0,0,0,44,3.8,7.8,11.8,2,2,2016,JAC,RB,24,1
89194,4286,BB-2425,50,31,329,2,2,3,3,34,0,0,0,0,0,0,0,0,1,0,0,66,18.56,20.56,22.56,2,3,2016,JAC,QB,5,1
89195,4286,ML-1500,0,0,0,0,0,0,0,0,0,3,2,17,1,0,0,0,0,0,0,22,7.7,8.7,9.7,2,11,2016,JAC,TE,89,1
89196,4286,DI-0075,0,0,0,0,0,0,0,0,0,3,1,7,0,0,0,0,0,0,0,59,0.7,1.2,1.7,2,6,2016,SD,RWR,15,1
89197,4286,RG-1812,0,0,0,0,0,0,0,0,0,3,1,7,0,3,9,0,0,0,0,17,0.7,1.2,1.7,2,2,2016,JAC,LWR,13,2
89198,4286,ML-0650,0,0,0,0,0,0,0,0,0,7,5,75,0,0,0,0,0,0,0,42,7.5,10,12.5,2,3,2016,JAC,RWR,11,2
89199,4286,TW-2875,0,0,0,0,0,0,0,0,0,6,3,61,1,0,0,0,0,0,0,50,12.1,13.6,15.1,2,2,2016,SD,LWR,16,2
89200,4286,AH-3900,0,0,0,0,0,0,0,0,0,10,5,64,0,0,0,0,0,0,0,58,6.4,8.9,11.4,2,3,2016,JAC,RWR,88,1
89201,4286,AR-1250,0,0,0,0,0,0,0,0,0,5,3,54,0,0,0,0,0,0,0,57,5.4,6.9,8.4,2,3,2016,JAC,LWR,15,1
89202,4286,SM-1750,0,0,0,0,0,0,0,0,0,0,0,0,0,0,0,0,0,4,0,22,0,0,0,1,5,2016,SD,TE,84,2
89203,4286,KF-0150,0,0,0,0,0,4,3,13,0,1,0,0,0,0,0,0,0,0,0,13,1.3,1.3,1.3,1,1,2016,SD,RB,27,3
89204,4286,DR-2250,0,0,0,0,0,1,1,7,0,2,1,7,0,0,0,0,0,0,0,12,1.4,1.9,2.4,2,4,2016,JAC,RB,16,3
89205,4286,KC-1400,1,0,0,0,0,2,0,-1,0,0,0,0,0,0,0,0,0,5,0,5,-0.1,-0.1,-0.1,1,11,2016,SD,QB,10,2
89206,4286,AB-1200,0,0,0,0,0,0,0,0,0,2,1,9,0,0,0,0,0,0,0,6,0.9,1.4,1.9,1,7,2016,JAC,LWR,17,3
89207,4287,SB-1100,31,22,286,0,2,1,0,-3,0,0,0,0,0,0,0,0,0,10,0,58,19.14,19.14,19.14,1,7,2016,MIN,QB,8,1
89208,4287,AP-0700,0,0,0,0,0,12,6,19,0,3,2,7,0,0,0,0,0,0,0,34,2.6,3.6,4.6,2,10,2016,MIN,RB,28,1
89209,4287,AT-0350,0,0,0,0,0,0,0,0,0,5,4,41,0,0,0,0,0,0,0,38,4.1,6.1,8.1,2,4,2016,MIN,LWR,19,2
89210,4287,KR-1200,0,0,0,0,0,0,0,0,0,8,3,31,1,0,0,0,0,0,0,56,9.1,10.6,12.1,2,6,2016,MIN,TE,82,1
89211,4287,AR-1300,36,20,213,1,1,3,3,29,1,0,0,0,0,0,0,0,1,0,0,71,17.42,18.42,18.42,2,12,2016,GB,QB,12,1
89212,4287,DA-0212,0,0,0,0,0,0,0,0,0,7,3,26,0,0,0,0,1,10,0,54,0.6,2.1,4.6,2,3,2016,GB,LWR,17,2
89213,4287,EL-0010,0,0,0,0,0,12,6,50,0,1,0,0,0,0,0,0,0,0,0,35,5,5,5,2,4,2016,GB,RB,27,1
89214,4287,JC-4300,0,0,0,0,0,0,0,0,0,6,4,31,0,0,0,0,0,0,0,46,3.1,5.1,7.1,2,8,2016,GB,TE,89,2
89215,4287,JN-0900,0,0,0,0,0,0,0,0,0,11,5,73,1,0,0,0,0,0,0,68,13.3,15.8,18.3,2,9,2016,GB,LWR,87,1
89216,4287,JM-3450,0,0,0,0,0,2,0,2,0,1,1,-1,0,0,0,0,0,0,0,12,0.1,0.6,1.1,2,3,2016,MIN,RB,21,2
89217,4287,SD-0537,0,0,0,0,0,0,0,0,0,11,9,182,1,0,0,0,0,15,0,51,24.2,28.7,36.2,2,2,2016,MIN,LWR,14,1
89218,4287,RC-1500,0,0,0,0,0,1,0,1,0,7,5,42,0,0,0,0,0,0,0,70,4.3,6.8,9.3,2,6,2016,GB,RWR,18,1
89219,4287,CP-0750,0,0,0,0,0,1,0,-2,0,0,0,0,0,2,62,0,0,0,0,3,-0.2,-0.2,-0.2,2,4,2016,MIN,LWR,84,3
89220,4287,MA-1150,0,0,0,0,0,6,2,14,0,1,1,11,0,0,0,0,0,0,0,12,2.5,3,3.5,2,6,2016,MIN,RB,44,3
89221,4287,JS-6200,0,0,0,0,0,7,0,3,0,1,1,16,0,0,0,0,0,0,0,30,1.9,2.4,2.9,2,7,2016,GB,RB,44,2
89222,4287,TD-0737,0,0,0,0,0,0,0,0,0,1,0,0,0,1,0,0,0,0,0,5,0,0,0,1,1,2016,GB,RWR,11,4
89223,4287,CJ-1450,0,0,0,0,0,0,0,0,0,2,2,15,0,0,0,0,0,0,0,37,1.5,2.5,3.5,2,4,2016,MIN,RWR,12,1
89224,4287,TM-3150,0,0,0,0,0,0,0,0,0,0,0,0,0,1,21,0,0,0,0,0,0,0,0,2,2,2016,GB,RWR,88,3
89225,4287,RR-1050,0,0,0,0,0,0,0,0,0,2,2,25,0,0,0,0,0,10,0,36,2.5,3.5,4.5,2,3,2016,GB,TE,82,1
89226,4288,KC-0250,0,0,0,0,0,2,0,3,0,1,1,3,0,1,16,0,0,0,0,10,0.6,1.1,1.6,2,3,2016,CHI,RB,25,2
89227,4288,JL-0280,0,0,0,0,0,11,6,28,1,2,1,6,0,0,0,0,1,0,0,31,7.4,7.9,9.4,2,2,2016,CHI,RB,33,1
89228,4288,JC-6200,17,12,157,1,0,0,0,0,0,0,0,0,0,0,0,0,1,0,0,38,2.28,3.28,3.28,2,11,2016,CHI,QB,6,1
89229,4288,DS-3300,0,0,0,0,0,12,3,40,0,2,2,8,0,3,0,0,0,0,0,41,4.8,5.8,6.8,2,12,2016,PHI,RB,43,2
89230,4288,CW-1425,34,21,190,0,1,6,2,10,0,0,0,0,0,0,0,0,0,0,0,72,12.6,12.6,12.6,2,1,2016,PHI,QB,11,1
89231,4288,NA-0050,0,0,0,0,0,0,0,0,0,7,4,42,0,0,0,0,0,0,0,57,4.2,6.2,8.2,2,2,2016,PHI,RWR,17,1
89232,4288,DG-2650,0,0,0,0,0,0,0,0,0,4,2,18,0,0,0,0,0,0,0,33,1.8,2.8,3.8,2,2,2016,PHI,LWR,18,2
89233,4288,JM-1550,0,0,0,0,0,0,0,0,0,9,6,71,0,0,0,0,0,0,0,71,7.1,10.1,13.1,2,3,2016,PHI,SWR,81,1
89234,4288,BC-0700,0,0,0,0,0,0,0,0,0,1,0,0,0,0,0,0,0,5,0,53,0,0,0,2,10,2016,PHI,TE,87,2
89235,4288,RM-1200,0,0,0,0,0,9,3,32,2,1,1,3,0,0,0,0,0,0,0,21,15.5,16,16.5,2,7,2016,PHI,RB,24,1
89236,4288,ER-0500,0,0,0,0,0,0,0,0,0,6,4,52,0,4,65,1,0,0,0,40,11.2,13.2,15.2,2,9,2016,CHI,RWR,19,2
89237,4288,AJ-0430,0,0,0,0,0,0,0,0,0,7,5,96,0,0,0,0,0,0,0,50,9.6,12.1,14.6,2,5,2016,CHI,LWR,17,1
89238,4288,ZM-0250,0,0,0,0,0,0,0,0,0,5,4,33,0,0,0,0,0,0,0,42,3.3,5.3,7.3,2,8,2016,CHI,TE,86,1
89239,4288,PL-0050,0,0,0,0,0,1,1,2,0,0,0,0,0,0,0,0,0,0,0,7,0.2,0.2,0.2,1,2,2016,CHI,FB,47,1
89240,4288,WS-0650,0,0,0,0,0,2,2,16,0,1,0,0,0,1,30,0,0,0,0,5,1.6,1.6,1.6,2,1,2016,PHI,RB,28,4
89241,4288,KW-0887,0,0,0,0,0,1,1,9,0,6,4,36,0,0,0,0,0,0,0,43,4.5,6.5,8.5,2,2,2016,CHI,RWR,13,1
89242,4288,JH-5750,0,0,0,0,0,1,0,0,0,1,1,-1,0,1,27,0,0,0,0,14,-0.1,0.4,0.9,2,3,2016,PHI,LWR,13,1
89243,4288,TB-3950,0,0,0,0,0,0,0,0,0,7,5,49,1,0,0,0,0,0,0,31,10.9,13.4,15.9,1,3,2016,PHI,TE,47,3
89244,4288,KB-0350,0,0,0,0,0,2,1,2,0,0,0,0,0,0,0,0,0,0,0,8,0.2,0.2,0.2,2,4,2016,PHI,RB,34,3
89245,4288,DT-1250,0,0,0,0,0,0,0,0,0,0,0,0,0,2,42,0,0,0,0,4,0,0,0,2,5,2016,CHI,LWR,14,2
89246,4288,JH-5575,0,0,0,0,0,3,3,22,0,2,2,9,0,0,0,0,0,0,0,11,3.1,4.1,5.1,1,1,2016,CHI,RB,24,3
89247,4288,BH-1900,12,9,78,0,0,0,0,0,0,0,0,0,0,0,0,0,0,0,0,14,3.12,3.12,3.12,1,8,2016,CHI,QB,2,2
89248,4288,JB-2950,0,0,0,0,0,0,0,0,0,0,0,0,0,1,15,0,0,0,0,1,0,0,0,1,5,2016,CHI,RWR,11,3
89249,4289,LM-1150,0,0,0,0,0,21,9,80,0,5,4,27,0,0,0,0,0,0,0,0,10.7,12.7,14.7,3,5,2016,HOU,RB,26,1
89250,4289,BO-0650,41,24,196,1,0,1,1,13,0,0,0,0,0,0,0,0,0,0,0,0,7.14,8.14,7.14,3,5,2016,HOU,QB,17,1
89251,4289,DH-3950,0,0,0,0,0,0,0,0,0,8,4,56,0,0,0,0,0,0,0,0,5.6,7.6,9.6,3,4,2016,HOU,LWR,10,1
89252,4289,SA-0850,0,0,0,0,0,0,0,0,0,1,0,0,0,0,0,0,0,0,0,0,0,0,0,3,1,2016,HOU,TE,89,3
89253,4289,LB-0500,0,0,0,0,0,24,12,105,2,0,0,0,0,0,0,0,0,0,0,0,22.5,22.5,25.5,3,7,2016,NE,RB,29,1
89254,4289,JB-5725,19,11,103,0,0,8,3,48,1,0,0,0,0,0,0,0,0,0,0,0,14.92,14.92,14.92,2,1,2016,NE,QB,7,2
89255,4289,JE-0100,0,0,0,0,0,3,2,14,0,6,4,38,0,0,0,0,0,0,0,0,5.2,7.2,9.2,3,8,2016,NE,RWR,11,1
89256,4289,CH-3350,0,0,0,0,0,0,0,0,0,3,1,3,0,0,0,0,0,0,0,0,0.3,0.8,1.3,3,6,2016,NE,LWR,15,2
89257,4289,TE-0350,0,0,0,0,0,0,0,0,0,0,0,0,0,7,33,0,1,0,0,0,-2,-2,-1,3,1,2016,HOU,RB,34,4
89258,4289,WF-0300,0,0,0,0,0,0,0,0,0,7,3,31,0,0,0,0,0,0,0,0,3.1,4.6,6.1,3,1,2016,HOU,RWR,15,1
89259,4289,MB-1800,0,0,0,0,0,1,1,6,0,3,2,10,0,0,0,0,0,0,0,0,1.6,2.6,3.6,3,9,2016,NE,TE,88,1
89260,4289,MM-3450,0,0,0,0,0,0,0,0,0,2,1,27,0,0,0,0,0,0,0,0,2.7,3.2,3.7,3,1,2016,NE,RWR,19,2
89261,4289,RG-2200,0,0,0,0,0,0,0,0,0,1,0,0,0,0,0,0,0,0,0,0,0,0,0,1,7,2016,NE,TE,87,1
89262,4289,CF-0375,0,0,0,0,0,0,0,0,0,1,0,0,0,0,0,0,0,5,0,0,0,0,0,3,3,2016,HOU,TE,87,1
89263,4289,JG-3850,0,0,0,0,0,3,0,4,0,4,4,15,0,0,0,0,0,0,0,0,1.9,3.9,5.9,2,5,2016,HOU,RB,41,3
89264,4289,RG-1870,0,0,0,0,0,0,0,0,0,10,8,52,0,0,0,0,0,0,0,0,5.2,9.2,13.2,3,4,2016,HOU,TE,84,2
89265,4289,JW-2550,0,0,0,0,0,3,2,12,0,2,1,2,0,0,0,0,0,0,0,0,1.4,1.9,2.4,3,3,2016,NE,RB,28,1
89266,4289,DA-0900,0,0,0,0,0,0,0,0,0,2,2,23,0,1,10,0,0,0,0,0,2.3,3.3,4.3,3,9,2016,NE,LWR,80,1
89267,4289,JS-7075,0,0,0,0,0,0,0,0,0,4,1,15,0,0,0,0,0,4,0,0,1.5,2,2.5,2,2,2016,HOU,LWR,11,2
89268,4289,AB-1975,0,0,0,0,0,2,1,12,0,0,0,0,0,0,0,0,0,0,0,0,1.2,1.2,1.2,3,3,2016,HOU,RB,28,2
