pid,psr,trg,loc,yds,comp,succ,spk,dfb
697182,TS-1450,DT-0900,SL,11,1,1,0,
697183,TS-1450,CA-0750,SR,0,0,0,0,
697184,TS-1450,ES-0200,SR,0,0,0,0,
697185,TS-1450,VG-0300,SL,12,1,1,0,
697186,TS-1450,ES-0200,SR,5,1,1,0,
697193,CN-0500,GO-0100,SM,0,0,0,0,TW-0600
697194,CN-0500,KB-0950,DM,17,1,1,0,
697197,CN-0500,KB-0950,SR,14,1,1,0,
697200,TS-1450,ES-0200,SR,14,1,1,0,
697202,TS-1450,DT-0900,SR,8,1,1,0,
697204,TS-1450,CA-0750,SR,21,1,1,0,
697207,TS-1450,DT-0900,SR,6,1,1,0,
697210,TS-1450,ES-0200,SR,0,0,0,0,SL-0950
697211,CN-0500,KB-0950,SL,0,0,0,0,
697213,CN-0500,MT-1300,SM,1,1,0,0,
697215,TS-1450,ES-0200,SL,15,1,1,0,
697223,CN-0500,KB-0950,SR,0,0,0,0,
697224,CN-0500,KB-0950,SL,15,1,1,0,
697228,CN-0500,FW-0750,SL,4,1,1,0,
697231,CN-0500,KB-0950,SL,0,0,0,0,
697232,CN-0500,DF-2200,SR,9,1,1,0,
697234,CN-0500,KB-0950,SR,0,0,0,0,
697235,CN-0500,GO-0100,SL,13,1,1,0,
697237,CN-0500,GO-0100,SL,0,1,0,0,
697238,CN-0500,GO-0100,SR,15,1,1,0,
697245,TS-1450,JN-1900,SR,0,0,0,0,JB-4975
697249,CN-0500,KB-0950,SL,16,1,1,0,
697252,CN-0500,,NL,0,0,0,1,
697253,CN-0500,GO-0100,SR,7,1,1,0,
697264,TS-1450,DT-0900,SL,23,1,1,0,
697268,TS-1450,ES-0200,DR,0,0,0,0,
697270,CN-0500,DF-2200,DR,0,0,0,0,
697274,TS-1450,CA-0750,SR,-5,1,0,0,
697275,TS-1450,VG-0300,SM,5,1,0,0,
697277,CN-0500,JS-6700,SR,0,0,0,0,
697278,CN-0500,CB-3850,SR,0,0,0,0,
697281,CN-0500,KB-0950,SM,13,1,0,0,
697283,TS-1450,CA-0750,SR,6,1,1,0,
697285,TS-1450,VG-0300,SL,-2,1,0,0,
697286,TS-1450,VG-0300,SL,13,1,1,0,
697288,TS-1450,KB-1050,SL,6,1,1,0,
697289,TS-1450,ES-0200,SL,9,1,1,0,
697290,TS-1450,CA-0750,SL,25,1,1,0,
697294,CN-0500,KB-0950,SL,0,0,0,0,CH-1500
697299,TS-1450,DT-0900,SM,0,0,0,0,TB-1850
697300,TS-1450,ES-0200,SL,6,1,0,0,
697302,TS-1450,VG-0300,SM,0,0,0,0,KE-0050
697309,CN-0500,CB-3850,SR,11,1,1,0,
697311,CN-0500,GO-0100,SL,18,1,1,0,
697312,CN-0500,GO-0100,SM,12,1,1,0,
697315,CN-0500,DF-2200,SR,0,0,0,0,AT-0100
697318,TS-1450,DT-0900,SR,0,0,0,0,
697328,CN-0500,DF-2200,SR,0,0,0,0,SB-0225
697329,CN-0500,GO-0100,SM,8,1,1,0,
697330,CN-0500,KB-0950,SL,0,0,0,0,CH-1500
697332,CN-0500,GO-0100,DL,0,0,0,0,
697333,CN-0500,KB-0950,SM,16,1,1,0,
697334,CN-0500,,NL,0,0,0,1,
697335,CN-0500,TG-0900,SL,5,1,0,0,
697340,JF-1900,JF-2800,SR,5,1,1,0,
697342,JF-1900,KJ-1400,SR,9,1,1,0,
697346,TT-0500,LM-1000,SM,2,1,0,0,
697348,TT-0500,MG-0650,SL,-4,1,0,0,
697350,JF-1900,SS-2100,SR,3,1,0,0,
697351,JF-1900,SS-2100,SR,6,1,1,0,
697354,JF-1900,MW-0500,DM,16,1,1,0,
697355,JF-1900,SS-2100,SL,0,0,0,0,
697357,TT-0500,LM-1000,SR,5,1,1,0,
697359,TT-0500,CC-2100,SL,0,0,0,0,EW-0400
697363,JF-1900,BP-0450,DL,35,1,1,0,
697364,JF-1900,CG-1030,SR,5,1,1,0,
697366,JF-1900,KA-0400,DR,16,1,1,0,
697369,JF-1900,BP-0450,SL,0,0,0,0,SG-0650
697373,TT-0500,LM-1000,SR,1,1,0,0,
697375,TT-0500,SW-0450,SL,5,1,1,0,
697376,TT-0500,GS-0100,DR,0,0,0,0,
697377,TT-0500,LM-1000,SR,4,1,0,0,
697380,JF-1900,KJ-1400,SM,0,0,0,0,
697385,JF-1900,SS-2100,SM,4,1,1,0,
697386,JF-1900,MW-0500,DM,66,1,1,0,
697392,TT-0500,SW-0450,SM,8,1,1,0,
697393,TT-0500,RW-4050,SL,6,1,1,0,
697395,TT-0500,RB-4900,SR,0,0,0,0,
697397,TT-0500,CC-2100,DM,33,1,1,0,
697404,JF-1900,MW-0500,SM,0,0,0,0,
697406,JF-1900,JF-2800,SM,10,1,1,0,
697407,JF-1900,SS-2100,SM,6,1,1,0,
697409,JF-1900,DP-1300,SR,7,1,1,0,
697410,JF-1900,DP-1300,SL,0,0,0,0,
697411,JF-1900,MW-0500,SR,0,0,0,0,RD-0050
697416,TT-0500,SW-0450,DL,19,1,1,0,
697417,TT-0500,RW-4050,SR,4,1,1,0,
697421,TT-0500,RW-4050,SR,0,0,0,0,
697423,TT-0500,RW-4050,SL,1,1,0,0,
697425,JF-1900,SS-2100,SR,0,0,0,0,RD-0050
697427,JF-1900,CM-2675,SL,0,0,0,0,
697430,TT-0500,SW-0450,SL,11,1,1,0,
697436,JF-1900,JF-2800,SL,0,1,0,0,
697437,JF-1900,KJ-1400,SM,12,1,1,0,
697439,JF-1900,TW-1350,SM,6,1,1,0,
697440,JF-1900,KA-0400,SR,-2,1,0,0,
697441,JF-1900,DP-1300,SL,5,1,0,0,
697442,JF-1900,TW-1350,SR,0,1,0,0,
697443,TT-0500,NO-0150,SR,0,0,0,0,
697445,TT-0500,CC-2100,SL,7,1,0,0,
697447,JF-1900,SS-2100,SR,0,0,0,0,
697452,TT-0500,SW-0450,SL,0,0,0,0,
697455,JF-1900,SS-2100,SM,0,0,0,0,
697456,JF-1900,CM-2675,SR,13,1,1,0,
697458,JF-1900,MW-0500,SR,9,1,1,0,
697460,JF-1900,DP-1300,DM,27,1,1,0,
697462,JF-1900,MW-0500,DR,0,0,0,0,
697465,JF-1900,SS-2100,SL,0,1,0,0,
697470,TT-0500,SW-0450,DM,0,0,0,0,JS-4300
697472,TT-0500,RW-4050,SL,9,1,1,0,
697485,BO-0650,CF-0375,SR,6,1,1,0,
697486,BO-0650,LM-1150,SM,6,1,1,0,
697490,BO-0650,DH-3950,SL,0,0,0,0,
697492,JC-6200,AJ-0430,SR,6,1,1,0,
697495,JC-6200,ER-0500,SR,13,1,1,0,
697496,JC-6200,AJ-0430,DL,29,1,1,0,
697504,BO-0650,LM-1150,SR,-6,1,0,0,
697510,JC-6200,LP-0200,SR,0,0,0,0,
697511,JC-6200,KW-0887,SR,5,1,0,0,
697516,BO-0650,DH-3950,SL,5,1,1,0,
697517,BO-0650,WF-0300,DM,0,0,0,0,JG-1550
697518,BO-0650,RG-1870,SM,5,1,0,0,
697519,BO-0650,SA-0850,SM,12,1,1,0,
697521,BO-0650,TE-0350,SM,5,1,1,0,
697525,BO-0650,WF-0300,SR,7,1,0,0,
697526,BO-0650,TE-0350,SR,0,0,0,0,
697529,JC-6200,KW-0887,SL,0,0,0,0,
697531,JC-6200,ZM-0250,SR,5,1,1,0,
697532,JC-6200,ZM-0250,SR,4,1,1,0,
697537,BO-0650,LM-1150,SR,5,1,1,0,
697538,BO-0650,BM-2350,SM,6,1,1,0,
697540,BO-0650,CF-0375,SR,0,0,0,0,
697541,BO-0650,DH-3950,SL,9,1,1,0,
697545,BO-0650,DH-3950,DL,23,1,1,0,
697548,JC-6200,AJ-0430,SM,16,1,1,0,
697549,JC-6200,JL-0280,SL,5,1,1,0,
697551,JC-6200,KW-0887,SR,0,0,0,0,
697553,BO-0650,WF-0300,DM,0,0,0,0,
697559,JC-6200,AJ-0430,DR,54,1,1,0,
697560,JC-6200,ER-0500,DM,19,1,1,0,
697566,JC-6200,KW-0887,SR,0,0,0,0,
697567,BO-0650,WF-0300,DL,20,1,1,0,
697569,BO-0650,BM-2350,SL,0,0,0,0,
697570,BO-0650,SA-0850,SM,5,1,0,0,
697571,BO-0650,BM-2350,SL,0,0,0,0,
697575,JC-6200,JL-0280,SL,0,0,0,0,VW-0200
697578,BO-0650,DH-3950,SM,0,0,0,0,
697580,BO-0650,WF-0300,DL,0,0,0,0,
697585,JC-6200,ER-0500,SR,0,0,0,0,
697588,BO-0650,SA-0850,SR,8,1,1,0,
697589,BO-0650,DH-3950,SM,3,1,1,0,
697592,BO-0650,DH-3950,SL,14,1,0,0,
697595,JC-6200,AJ-0430,DR,0,0,0,0,
697596,JC-6200,AJ-0430,SR,0,0,0,0,
697599,BO-0650,LM-1150,SL,6,1,1,0,
697600,BO-0650,WF-0300,SL,27,1,1,0,
697605,BO-0650,WF-0300,DL,0,0,0,0,JG-1550
697607,BO-0650,WF-0300,SL,18,1,1,0,
697612,JC-6200,ER-0500,DM,19,1,1,0,
697614,JC-6200,ZM-0250,SL,5,1,0,0,
697619,BO-0650,WF-0300,DL,35,1,1,0,
697621,BO-0650,WF-0300,DR,0,0,0,0,DH-0850
697622,BO-0650,DH-3950,DL,0,0,0,0,
697625,JC-6200,ER-0500,SL,6,1,1,0,
697626,JC-6200,ER-0500,SL,0,0,0,0,AB-2250
697631,BO-0650,RG-1870,SR,12,1,1,0,
697634,BO-0650,WF-0300,DL,0,0,0,0,
697636,JC-6200,KW-0887,SR,10,1,1,0,
697638,JC-6200,JL-0280,SR,1,1,0,0,
697639,JC-6200,KW-0887,DM,19,1,1,0,
697640,JC-6200,,NL,0,0,0,0,
697641,JC-6200,JL-0280,SL,0,0,0,0,
697642,JC-6200,ZM-0250,SM,0,0,0,0,
697643,JC-6200,KW-0887,DR,0,0,0,0,JJ-5000
697647,AD-0100,AG-1500,SR,8,1,1,0,
697651,RF-0500,QE-0100,SM,9,1,1,0,
697653,RF-0500,MF-1300,SR,0,0,0,0,CD-2200
697655,RF-0500,BM-0300,DL,18,1,1,0,
697657,RF-0500,BM-0300,SR,0,0,0,0,
697658,RF-0500,MF-1300,SL,10,1,1,0,
697661,RF-0500,QE-0100,SL,3,1,1,0,
697664,AD-0100,AG-1500,SL,15,1,1,0,
697666,AD-0100,CU-0150,SL,0,0,0,0,
697667,AD-0100,TB-2075,DR,0,0,0,0,
697668,RF-0500,MF-1300,SL,24,1,1,0,
697670,RF-0500,,NL,0,0,0,0,
697672,RF-0500,BM-0300,SR,0,0,0,0,DK-0750
697673,RF-0500,BM-0300,SM,0,0,0,0,
697674,RF-0500,BP-1200,SR,0,1,0,0,
697677,AD-0100,CU-0150,DR,54,1,1,0,
697678,AD-0100,CU-0150,SR,0,0,0,0,
697680,AD-0100,CU-0150,SL,0,0,0,0,
697684,RF-0500,QE-0100,DM,23,1,1,0,
697687,RF-0500,MF-1300,SR,0,1,0,0,
697688,RF-0500,BP-1200,SM,0,0,0,0,MH-3750
697690,AD-0100,AG-1500,SR,-1,1,0,0,
697692,AD-0100,BL-0100,SM,21,1,1,0,
697693,AD-0100,AG-1500,DM,54,1,1,0,
697697,RF-0500,MF-1300,SL,0,0,0,0,
697699,RF-0500,ED-0200,SM,0,0,0,0,
697701,RF-0500,ED-0200,SR,15,1,1,0,
697706,AD-0100,GB-0350,SR,0,0,0,0,DH-1400
697710,RF-0500,QE-0100,SL,3,1,0,0,
697712,RF-0500,BP-1200,SL,7,1,1,0,
697714,RF-0500,QE-0100,SL,-1,1,0,0,
697715,RF-0500,QE-0100,SR,0,0,0,0,MJ-1800
697718,AD-0100,BL-0100,SR,15,1,1,0,
697719,AD-0100,BL-0100,SR,6,1,1,0,
697721,AD-0100,CU-0150,SR,5,1,1,0,
697722,AD-0100,TB-2075,SL,10,1,1,0,
697725,AD-0100,AG-1500,SR,4,1,1,0,
697726,AD-0100,AG-1500,SR,7,1,1,0,
697728,AD-0100,GB-0350,SL,1,1,0,0,
697729,AD-0100,TB-2075,SM,14,1,0,0,
697733,RF-0500,BM-0300,SL,10,1,1,0,
697735,RF-0500,ED-0200,SM,0,0,0,0,
697741,AD-0100,GB-0350,SL,4,1,0,0,
697743,RF-0500,BM-0300,DM,0,0,0,0,MH-3750
697744,RF-0500,MF-1300,SL,17,1,1,0,
697746,RF-0500,MF-1300,SL,8,1,1,0,
697747,RF-0500,BP-1200,SL,0,0,0,0,
697749,AD-0100,AG-1500,SL,29,1,1,0,
697751,AD-0100,GB-0350,SM,0,0,0,0,
697752,AD-0100,BL-0100,DL,49,1,1,0,
697754,AD-0100,AG-1500,SL,6,1,1,0,
697764,RF-0500,QE-0100,SR,0,1,0,0,
697770,RF-0500,ED-0200,SR,0,0,0,0,
697774,AD-0100,AG-1500,DL,32,1,1,0,
697777,AD-0100,AG-1500,SR,0,0,0,0,
697781,RF-0500,QE-0100,SR,17,1,1,0,
697784,RF-0500,ED-0200,DM,22,1,1,0,
697786,RF-0500,BM-0300,SR,4,1,0,0,
697790,AD-0100,AG-1500,SR,6,1,1,0,
697792,AD-0100,AG-1500,SR,9,1,1,0,
697794,AD-0100,JW-6545,SR,7,1,1,0,
697797,AD-0100,AG-1500,SR,11,1,0,0,
697800,RF-0500,BM-0300,DM,0,0,0,0,
697801,RF-0500,ED-0200,DR,0,0,0,0,CD-2200
697802,RF-0500,ED-0200,SR,0,0,0,0,
697808,CW-1425,JM-1550,SR,0,0,0,0,
697809,CW-1425,ZE-0100,SR,14,1,1,0,
697810,CW-1425,BC-0700,SL,11,1,1,0,
697812,CW-1425,ZE-0100,SR,13,1,1,0,
697814,CW-1425,JM-1550,DL,19,1,1,0,
697817,RG-1850,GB-0200,SR,0,0,0,0,
697822,CW-1425,JH-5750,SR,0,0,0,0,
697824,CW-1425,JM-1550,SR,0,0,0,0,
697827,CW-1425,JH-5750,SL,0,0,0,0,EO-0075
697830,RG-1850,IC-0300,SM,2,1,0,0,
697831,RG-1850,DJ-1850,SR,0,1,0,0,
697839,RG-1850,MJ-1175,SL,6,1,1,0,
697841,RG-1850,GB-0200,SL,0,0,0,0,
697843,CW-1425,JM-1550,SR,28,1,1,0,
697846,CW-1425,JM-1550,SR,0,0,0,0,
697849,RG-1850,TP-2400,SR,11,1,1,0,
697850,RG-1850,CC-3650,SL,0,0,0,0,
697851,RG-1850,DJ-1850,SR,16,1,1,0,
697853,RG-1850,TP-2400,DL,44,1,1,0,
697855,RG-1850,AH-1900,SL,0,0,0,0,
697860,CW-1425,NA-0050,SL,4,1,1,0,
697862,CW-1425,NA-0050,SM,0,0,0,0,
697864,RG-1850,TP-2400,SM,13,1,1,0,
697867,RG-1850,DJ-1850,SL,12,1,1,0,
697870,RG-1850,CC-3650,SM,0,0,0,0,JH-3675
697874,CW-1425,ZE-0100,SR,5,1,0,0,
697875,CW-1425,JM-1550,SM,8,1,1,0,
697876,CW-1425,NA-0050,SL,11,1,1,0,
697877,CW-1425,DS-3300,SL,15,1,1,0,
697878,CW-1425,JM-1550,SL,0,0,0,0,
697879,CW-1425,DS-3300,SR,0,0,0,0,CN-0250
697880,CW-1425,DS-3300,SL,0,0,0,0,
697885,RG-1850,DJ-1850,SR,0,0,0,0,
697886,RG-1850,IC-0300,SR,14,1,1,0,
697888,RG-1850,CC-3650,DL,58,1,1,0,
697890,RG-1850,TP-2400,DL,0,0,0,0,
697891,RG-1850,AH-1900,DL,0,0,0,0,
697895,CW-1425,JH-5750,SM,0,0,0,0,
697896,CW-1425,JM-1550,DM,22,1,1,0,
697899,CW-1425,DS-3300,SL,0,0,0,0,
697900,CW-1425,ZE-0100,SM,6,1,0,0,
697904,CW-1425,JM-1550,DR,0,0,0,0,
697905,CW-1425,DG-2650,SL,9,1,1,0,
697907,CW-1425,JM-1550,SR,12,1,1,0,
697909,CW-1425,DG-2650,SL,5,1,0,0,
697910,CW-1425,JM-1550,SR,0,0,0,0,
697911,CW-1425,ZE-0100,SM,5,1,1,0,
697912,CW-1425,NA-0050,DR,35,1,1,0,
697918,RG-1850,TP-2400,DL,0,0,0,0,
697919,RG-1850,CC-3650,SR,11,1,0,0,
697921,CW-1425,ZE-0100,SL,15,1,1,0,
697928,RG-1850,MJ-1175,SR,3,1,0,0,
697929,RG-1850,CC-3650,DR,0,0,0,0,
697930,RG-1850,TP-2400,DR,0,0,0,0,
697935,CW-1425,DS-3300,SR,9,1,0,0,
697937,RG-1850,TP-2400,SR,0,0,0,0,
697941,CW-1425,JM-1550,SR,9,1,1,0,
697944,CW-1425,JM-1550,SR,0,0,0,0,JH-0100
697945,CW-1425,JM-1550,SR,16,1,1,0,
697947,CW-1425,NA-0050,SL,7,1,0,0,
697950,CW-1425,ZE-0100,SM,0,0,0,0,JS-1025
697953,RG-1850,DJ-1850,SL,0,0,0,0,
697955,RG-1850,AH-1900,SL,0,0,0,0,
697970,BB-2425,AR-1250,DR,0,0,0,0,
697972,BB-2425,ML-0650,SR,0,0,0,0,QR-0100
697974,AR-1300,RC-1500,SR,5,1,0,0,
697975,AR-1300,RC-1500,SR,6,1,0,0,
697983,BB-2425,AR-1250,SM,0,0,0,0,DR-0450
697986,BB-2425,JT-2000,SR,9,1,1,0,
697988,BB-2425,ML-0650,SL,10,1,1,0,
697992,AR-1300,RR-1050,SL,0,0,0,0,
697993,AR-1300,DA-0212,SL,0,0,0,0,
697995,BB-2425,ML-1500,SL,37,1,1,0,
698002,AR-1300,DA-0212,DL,0,0,0,0,PA-0300
698006,BB-2425,JT-2000,SM,9,1,0,0,
698008,AR-1300,JN-0900,SL,0,0,0,0,
698011,AR-1300,JN-0900,SL,0,0,0,0,
698015,BB-2425,ML-0650,SR,0,0,0,0,
698016,BB-2425,ML-0650,SL,12,1,0,0,
698017,BB-2425,AR-1250,SM,8,1,1,0,
698018,BB-2425,JT-2000,SM,14,1,1,0,
698020,BB-2425,AH-3900,SL,8,1,1,0,
698023,BB-2425,AR-1250,SL,0,0,0,0,
698024,BB-2425,TY-0150,SM,7,1,0,0,
698030,AR-1300,DA-0212,DL,16,1,1,0,
698031,AR-1300,DA-0212,SL,5,1,1,0,
698032,AR-1300,JN-0900,SL,8,1,1,0,
698033,AR-1300,EL-0010,SR,17,1,1,0,
698034,AR-1300,JN-0900,SR,6,1,1,0,
698035,AR-1300,JN-0900,SM,6,1,1,0,
698039,BB-2425,TY-0150,SL,11,1,1,0,
698040,BB-2425,JT-2000,SM,10,1,1,0,
698041,BB-2425,AH-3900,DR,30,1,1,0,
698043,BB-2425,AH-3900,SM,0,0,0,0,JR-3650
698044,BB-2425,JT-2000,DR,22,1,1,0,
698048,AR-1300,JS-6200,SM,6,1,1,0,
698049,AR-1300,RC-1500,SL,10,1,1,0,
698050,AR-1300,,NL,0,0,0,1,
698051,AR-1300,JC-4300,DL,0,0,0,0,
698052,AR-1300,DA-0212,DM,29,1,1,0,
698059,AR-1300,JN-0900,SL,3,1,0,0,
698060,AR-1300,JN-0900,SR,8,1,1,0,
698061,AR-1300,EL-0010,SR,0,0,0,0,
698062,AR-1300,DA-0212,DL,0,0,0,0,
698063,AR-1300,RC-1500,DM,32,1,1,0,
698065,AR-1300,RC-1500,SL,0,0,0,0,
698066,AR-1300,RR-1050,DL,22,1,1,0,
698067,AR-1300,JN-0900,SR,1,1,0,0,
698068,AR-1300,DA-0212,SL,0,0,0,0,
698069,AR-1300,RC-1500,SL,0,1,0,0,
698073,BB-2425,TY-0150,SM,0,0,0,0,
698074,BB-2425,AH-3900,DM,38,1,1,0,
698079,BB-2425,AR-1250,DL,0,0,0,0,
698080,BB-2425,AR-1250,SL,0,0,0,0,
698084,AR-1300,JC-4300,SL,7,1,1,0,
698086,AR-1300,RC-1500,SL,4,1,1,0,
698088,AR-1300,JA-0050,SL,8,1,1,0,
698090,AR-1300,RR-1050,SL,0,0,0,0,
698095,AR-1300,RC-1500,SL,0,0,0,0,
698104,BB-2425,AR-1250,SL,22,1,1,0,
698108,BB-2425,AR-1250,SR,4,1,1,0,
698109,BB-2425,AR-1250,DR,0,0,0,0,DR-0450
698110,BB-2425,TY-0150,SR,0,0,0,0,
698111,BB-2425,AR-1250,SL,7,1,0,0,
698112,BB-2425,AR-1250,SM,9,1,1,0,
698114,BB-2425,AR-1250,DM,0,0,0,0,HC-0050
698122,AR-1300,JN-0900,SL,0,0,0,0,
698124,BB-2425,ML-1500,SM,11,1,1,0,
698126,BB-2425,AR-1250,DL,0,0,0,0,
698127,BB-2425,TY-0150,SL,6,1,0,0,
698130,BB-2425,TY-0150,SM,6,1,1,0,
698131,BB-2425,AR-1250,DM,22,1,1,0,
698132,BB-2425,AR-1250,DL,0,0,0,0,QR-0100
698133,BB-2425,RG-1812,SM,9,1,1,0,
698134,BB-2425,RG-1812,SM,0,0,0,0,
698135,BB-2425,AH-3900,SR,-1,1,0,0,
698141,MM-0912,TS-1262,DR,0,0,0,0,
698142,MM-0912,TS-1262,SM,12,1,1,0,
698144,MM-0912,DW-0500,SR,0,0,0,0,BR-1000
698146,MM-0912,AJ-0900,SL,0,0,0,0,
698149,SH-1100,CJ-1450,SL,5,1,0,0,
698150,SH-1100,SD-0537,SL,0,0,0,0,
698153,MM-0912,DH-2450,SR,29,1,1,0,
698155,MM-0912,RM-1500,SR,11,1,1,0,
698158,MM-0912,DW-0500,SL,0,0,0,0,
698161,SH-1100,SD-0537,SM,8,1,1,0,
698163,SH-1100,SD-0537,SR,12,1,1,0,
698166,SH-1100,KR-1200,SR,10,1,1,0,
698167,SH-1100,KR-1200,SR,0,0,0,0,SS-2450
698168,SH-1100,SD-0537,SR,13,1,1,0,
698169,SH-1100,SD-0537,DM,0,0,0,0,
698178,MM-0912,DM-4300,SL,6,1,1,0,
698179,MM-0912,DH-2450,SL,12,1,1,0,
698182,MM-0912,TS-1262,SL,9,1,1,0,
698186,SH-1100,KR-1200,SR,16,1,1,0,
698187,SH-1100,KR-1200,SM,0,0,0,0,
698189,SH-1100,AT-0350,SL,2,1,0,0,
698190,SH-1100,AT-0350,DM,21,1,0,0,
698192,MM-0912,DW-0500,SL,6,1,1,0,
698193,MM-0912,TS-1262,SR,12,1,1,0,
698194,MM-0912,DM-4300,SR,5,1,1,0,
698196,MM-0912,HD-0300,SL,16,1,1,0,
698198,MM-0912,TS-1262,SR,0,0,0,0,
698199,MM-0912,TS-1262,SL,8,1,1,0,
698200,MM-0912,AJ-0900,DR,0,0,0,0,
698201,MM-0912,DM-4300,SR,0,0,0,0,
698202,MM-0912,DM-4300,SL,14,1,1,0,
698203,MM-0912,DM-4300,SR,0,0,0,0,
698204,MM-0912,DM-4300,SR,6,1,1,0,
698207,SH-1100,JM-3450,SR,0,0,0,0,
698208,SH-1100,CJ-1450,SL,0,0,0,0,
698209,SH-1100,SD-0537,SR,13,1,1,0,
698210,SH-1100,CJ-1450,SR,0,0,0,0,JM-2800
698211,SH-1100,KR-1200,DM,21,1,1,0,
698212,SH-1100,AT-0350,SM,0,0,0,0,BM-0800
698213,SH-1100,JM-3450,SM,3,1,0,0,
698216,SH-1100,CJ-1450,DL,0,0,0,0,
698218,SH-1100,CJ-1450,SL,0,0,0,0,
698221,MM-0912,RM-1500,SL,6,1,1,0,
698226,SH-1100,AT-0350,SR,15,1,1,0,
698228,SH-1100,SD-0537,SM,14,1,1,0,
698229,SH-1100,SD-0537,SR,10,1,1,0,
698232,SH-1100,AP-0700,SR,0,0,0,0,
698238,MM-0912,TS-1262,DM,17,1,1,0,
698239,MM-0912,AJ-0900,SL,16,1,1,0,
698242,MM-0912,HD-0300,SL,5,1,1,0,
698243,MM-0912,AJ-0900,SR,7,1,1,0,
698244,MM-0912,HD-0300,SL,0,0,0,0,
698249,MM-0912,HD-0300,SR,0,0,0,0,
698250,MM-0912,RM-1500,SL,0,0,0,0,
698252,SH-1100,AP-0700,SR,0,0,0,0,
698254,SH-1100,AT-0350,DL,16,1,1,0,
698256,SH-1100,CP-0750,SR,6,1,1,0,
698257,SH-1100,KR-1200,SL,18,1,1,0,
698259,SH-1100,KR-1200,SR,0,0,0,0,DS-1400
698260,SH-1100,KR-1200,SR,0,0,0,0,
698266,MM-0912,TS-1262,SL,15,1,1,0,
698271,SH-1100,CJ-1450,DL,0,0,0,0,
698273,MM-0912,TS-1262,DL,0,0,0,0,
698275,MM-0912,TS-1262,DL,0,0,0,0,
698279,SH-1100,SD-0537,DL,33,1,1,0,
698285,MM-0912,DW-0500,SR,10,1,1,0,
698286,MM-0912,AJ-0900,DR,0,0,0,0,
698287,MM-0912,AJ-0900,SM,0,0,0,0,
698288,MM-0912,DW-0500,SM,26,1,1,0,
698289,MM-0912,AJ-0900,SR,7,1,1,0,
698291,MM-0912,RM-1500,SR,9,1,1,0,
698292,MM-0912,TS-1262,SL,3,1,1,0,
698293,MM-0912,HD-0300,SL,0,0,0,0,
698294,MM-0912,DM-4300,SM,4,1,1,0,
698299,DB-3800,CF-0650,DL,0,0,0,0,
698300,DB-3800,BC-2325,SL,0,0,0,0,
698303,DC-0725,TJ-2400,SR,1,1,0,0,
698305,DC-0725,AC-2350,SR,0,1,0,0,
698308,DB-3800,BC-2325,SL,0,0,0,0,SS-1700
698309,DB-3800,MI-0100,SM,9,1,1,0,
698312,DB-3800,WS-0925,SM,12,1,1,0,
698314,DB-3800,WS-0925,SR,16,1,1,0,
698316,DB-3800,MI-0100,SL,20,1,1,0,
698317,DB-3800,JK-2200,SL,0,0,0,0,
698319,DB-3800,,NL,0,0,0,0,
698324,DC-0725,AC-2350,SL,4,1,0,0,
698325,DC-0725,JR-2075,SL,8,1,1,0,
698326,DC-0725,AC-2350,SM,35,1,1,0,
698328,DC-0725,AC-2350,DL,34,1,1,0,
698333,DB-3800,WS-0925,SL,6,1,1,0,
698336,DB-3800,WS-0925,DL,49,1,1,0,
698337,DB-3800,BC-2325,SR,4,1,1,0,
698338,DB-3800,TC-0050,SR,0,0,0,0,
698339,DB-3800,BC-2325,SM,3,1,0,0,
698341,DB-3800,WS-0925,SL,1,1,1,0,
698346,DC-0725,AC-2350,SR,0,0,0,0,PW-0850
698350,DC-0725,MC-2900,SR,0,0,0,0,
698353,DB-3800,MT-0875,SL,11,1,1,0,
698357,DB-3800,BC-2325,SR,16,1,1,0,
698358,DB-3800,MT-0875,SL,25,1,1,0,
698359,DB-3800,BC-2325,SM,15,1,1,0,
698362,DC-0725,MC-2900,SL,0,0,0,0,
698365,DC-0725,DW-1350,SM,10,1,0,0,
698367,DB-3800,MT-0875,SR,7,1,1,0,
698370,DB-3800,TC-0050,SR,0,0,0,0,
698372,DB-3800,TC-0050,SR,0,0,0,0,
698373,DB-3800,TC-0050,SR,6,1,1,0,
698374,DB-3800,BC-2325,DL,0,0,0,0,
698377,DC-0725,CW-0225,SM,9,1,1,0,
698379,DC-0725,SR-0750,SR,9,1,1,0,
698380,DC-0725,MC-2900,SR,8,1,1,0,
698381,DC-0725,,NL,0,0,0,1,
698382,DC-0725,CW-0225,SR,-2,1,0,0,
698383,DC-0725,AC-2350,SL,21,1,1,0,
698387,DC-0725,AC-2350,SM,0,0,0,0,
698391,DB-3800,BC-2325,SR,7,1,0,0,
698392,DB-3800,MT-0875,SR,4,1,0,0,
698394,DC-0725,MC-2900,SR,6,1,1,0,
698395,DC-0725,MC-2900,SR,7,1,1,0,
698398,DC-0725,AC-2350,SR,0,0,0,0,
698400,DC-0725,AC-2350,SL,0,0,0,0,
698402,DB-3800,BC-2325,DL,98,1,1,0,
698406,DC-0725,LM-1850,SM,13,1,1,0,
698407,DC-0725,LM-1850,SR,0,0,0,0,JL-0600
698410,DC-0725,MC-2900,SL,9,1,1,0,
698411,DC-0725,TJ-2400,SL,16,1,1,0,
698413,DC-0725,MC-2900,DR,20,1,1,0,
698414,DC-0725,SR-0750,SM,0,0,0,0,CR-1150
698416,DC-0725,CW-0225,SM,0,0,0,0,
698419,DB-3800,MT-0875,SR,9,1,1,0,
698420,DB-3800,TH-1600,SL,1,1,1,0,
698423,DB-3800,TC-0050,SL,6,1,1,0,
698424,DB-3800,WS-0925,SR,11,1,1,0,
698425,DB-3800,MT-0875,SL,2,1,0,0,
698427,DB-3800,CF-0650,DR,0,0,0,0,KM-1150
698430,DC-0725,AC-2350,DL,43,1,1,0,
698431,DC-0725,MC-2900,DM,25,1,1,0,
698432,DC-0725,AC-2350,SR,0,0,0,0,
698437,DB-3800,CF-0650,SM,6,1,1,0,
698441,DB-3800,TC-0050,SR,0,0,0,0,
698445,DC-0725,AH-3600,SR,0,0,0,0,KV-0050
698451,DB-3800,WS-0925,DL,43,1,1,0,
698452,DB-3800,TC-0050,SL,2,1,1,0,
698456,DC-0725,CW-0225,SL,18,1,1,0,
698461,DC-0725,MC-2900,SR,12,1,1,0,
698462,DC-0725,CW-0225,DR,0,0,0,0,
698463,DC-0725,SR-0750,DM,0,0,0,0,
698466,DC-0725,JR-2075,SR,3,1,0,0,
698467,DC-0725,SR-0750,SL,10,1,1,0,
698470,DB-3800,WS-0925,DM,21,1,1,0,
698471,DB-3800,,NL,0,0,0,1,
698472,DB-3800,WS-0925,SM,13,1,1,0,
698473,DB-3800,,NL,0,0,0,1,
698474,DB-3800,CF-0650,SR,0,0,0,0,
698477,AS-1600,JM-0200,SM,5,1,1,0,
698478,AS-1600,JM-0200,SL,7,1,1,0,
698479,AS-1600,SW-0350,SR,28,1,1,0,
698482,AS-1600,JM-0200,SL,0,0,0,0,
698485,PR-0300,KA-0650,SM,14,1,1,0,
698488,PR-0300,TW-2875,SL,33,1,1,0,
698496,AS-1600,CC-3950,SM,13,1,1,0,
698497,AS-1600,,NL,0,0,0,0,
698498,AS-1600,AW-1650,SL,0,0,0,0,
698501,AS-1600,RT-1550,SM,0,0,0,0,JB-6825
698503,PR-0300,KA-0650,SL,15,1,1,0,
698505,PR-0300,KA-0650,SL,0,0,0,0,
698506,PR-0300,KA-0650,SR,9,1,1,0,
698507,PR-0300,TB-1060,SL,8,1,1,0,
698510,PR-0300,AG-0500,SL,4,1,1,0,
698513,PR-0300,HH-0225,SL,0,0,0,0,
698524,PR-0300,KA-0650,SR,6,1,1,0,
698526,PR-0300,DW-4300,SL,7,1,0,0,
698527,PR-0300,AG-0500,SM,8,1,1,0,
698528,PR-0300,TB-1060,SR,8,1,1,0,
698529,PR-0300,DW-4300,SR,4,1,1,0,
698536,AS-1600,TK-0150,SL,13,1,1,0,
698537,AS-1600,CW-1450,SR,0,1,0,0,
698540,PR-0300,KA-0650,SR,8,1,1,0,
698541,PR-0300,DW-4300,SR,0,1,0,0,
698542,PR-0300,AG-0500,SL,8,1,1,0,
698543,PR-0300,KA-0650,SR,11,1,1,0,
698545,PR-0300,DW-4300,SL,8,1,1,0,
698546,PR-0300,TW-2875,DR,0,0,0,0,
698547,PR-0300,AG-0500,SL,0,0,0,0,
698549,AS-1600,TK-0150,SM,5,1,1,0,
698550,AS-1600,TK-0150,SL,20,1,1,0,
698551,AS-1600,,NL,0,0,0,0,
698552,AS-1600,CW-1450,SR,3,1,0,0,
698553,AS-1600,CC-3950,DM,0,0,0,0,
698558,PR-0300,DI-0075,SR,6,1,1,0,
698564,AS-1600,DH-1450,SR,7,1,1,0,
698571,PR-0300,TB-1060,SR,5,1,1,0,
698572,PR-0300,TB-1060,SR,0,0,0,0,
698574,PR-0300,TW-2875,SR,0,0,0,0,RP-0200
698577,AS-1600,SW-0350,DM,45,1,1,0,
698578,AS-1600,SW-0350,SL,9,1,1,0,
698580,AS-1600,DH-1450,DL,0,0,0,0,
698581,AS-1600,TK-0150,SL,13,1,1,0,
698582,AS-1600,AW-1650,SL,3,1,0,0,
698583,AS-1600,TH-1750,SL,9,1,1,0,
698586,PR-0300,TB-1060,SR,5,1,1,0,
698588,PR-0300,TW-2875,DL,0,0,0,0,
698589,PR-0300,TB-1060,SL,8,1,1,0,
698590,PR-0300,TW-2875,SR,38,1,1,0,
698594,PR-0300,DW-4300,SL,0,0,0,0,
698597,AS-1600,CC-3950,SR,12,1,1,0,
698598,AS-1600,JM-0200,SR,0,0,0,0,
698601,PR-0300,DI-0075,SM,0,0,0,0,FZ-0100
698603,AS-1600,CC-3950,SR,9,1,1,0,
698604,AS-1600,AW-1650,SR,-1,1,0,0,
698605,AS-1600,CC-3950,SR,0,0,0,0,CH-2250
698606,AS-1600,CW-1450,SR,7,1,1,0,
698607,AS-1600,SW-0350,SM,12,1,1,0,
698608,AS-1600,JM-0200,SL,10,1,1,0,
698609,AS-1600,JM-0200,DL,19,1,1,0,
698613,PR-0300,HH-0225,SM,20,1,1,0,
698616,PR-0300,DI-0075,SL,0,0,0,0,MP-0950
698618,AS-1600,CC-3950,SL,9,1,1,0,
698619,AS-1600,AW-1650,DR,0,0,0,0,CH-2250
698621,AS-1600,SW-0350,SL,0,0,0,0,
698623,AS-1600,SW-0350,SM,6,1,1,0,
698624,AS-1600,SW-0350,SM,9,1,1,0,
698625,AS-1600,DH-1450,SM,13,1,1,0,
698626,AS-1600,,NL,0,0,0,0,
698627,AS-1600,CC-3950,DR,0,0,0,0,
698628,AS-1600,CW-1450,SR,4,1,0,0,
698632,PR-0300,TB-1060,SR,-2,1,0,0,
698633,PR-0300,TB-1060,SL,0,1,0,0,
698635,AS-1600,CW-1450,SR,3,1,0,0,
698636,AS-1600,CW-1450,SR,7,1,1,0,
698637,AS-1600,JM-0200,DM,22,1,1,0,
698641,PR-0300,DW-4300,SM,0,0,0,0,
698642,PR-0300,DW-4300,SM,12,1,1,0,
698648,AS-1600,SW-0350,SR,20,1,1,0,
698652,AS-1600,TK-0150,SL,8,1,1,0,
698653,AS-1600,AW-1650,SL,-1,1,0,0,
698654,AS-1600,TK-0150,SL,15,1,1,0,
698655,AS-1600,TK-0150,SR,0,0,0,0,
698661,MR-2500,PD-0700,SL,8,1,0,0,
698664,JW-5650,AH-3862,SR,4,1,0,0,
698668,JW-5650,AH-3862,DR,0,0,0,0,
698669,JW-5650,ME-0600,DR,0,0,0,0,
698672,MR-2500,MS-0150,DR,59,1,1,0,
698673,MR-2500,MS-0150,SL,4,1,1,0,
698674,MR-2500,JH-1350,SR,0,1,0,0,
698679,JW-5650,VJ-0100,SL,0,0,0,0,RA-0650
698680,JW-5650,DM-0450,SM,7,1,0,0,
698682,MR-2500,MS-0150,SR,0,0,0,0,
698689,JW-5650,VJ-0100,DR,0,0,0,0,
698691,MR-2500,DF-1875,SM,11,1,1,0,
698693,MR-2500,JT-0300,SL,3,1,1,0,
698695,MR-2500,MS-0150,SM,5,1,1,0,
698698,JW-5650,ME-0600,SL,4,1,1,0,
698699,JW-5650,AH-3862,SR,4,1,1,0,
698701,JW-5650,DM-0450,SM,14,1,1,0,
698702,JW-5650,DM-0450,SR,7,1,1,0,
698705,JW-5650,AH-3862,SL,26,1,1,0,
698707,JW-5650,BM-3800,SR,4,1,1,0,
698711,MR-2500,JJ-4700,SL,14,1,1,0,
698712,MR-2500,TC-2050,SR,16,1,1,0,
698715,MR-2500,JH-1350,SR,0,0,0,0,BG-2100
698718,JW-5650,DM-0450,SL,4,1,0,0,
698719,JW-5650,DM-0450,SL,2,1,0,0,
698721,MR-2500,JJ-4700,DL,0,0,0,0,
698723,MR-2500,TC-2050,SR,47,1,1,0,
698725,MR-2500,DF-1875,SM,-5,1,0,0,
698730,JW-5650,AH-3862,SL,0,0,0,0,
698731,JW-5650,CB-2775,SR,6,1,1,0,
698732,JW-5650,CB-2775,SR,17,1,1,0,
698733,JW-5650,CB-2775,SR,7,1,1,0,
698734,JW-5650,CS-1950,SM,4,1,1,0,
698735,JW-5650,VJ-0100,DR,0,0,0,0,
698736,JW-5650,VJ-0100,SM,0,0,0,0,
698737,JW-5650,VJ-0100,SR,11,1,1,0,
698738,JW-5650,VJ-0100,SR,7,1,1,0,
698739,JW-5650,CS-1950,SR,23,1,1,0,
698744,JW-5650,ME-0600,SL,15,1,1,0,
698746,JW-5650,ME-0600,DL,27,1,1,0,
698747,JW-5650,AS-0550,DL,30,1,1,0,
698750,MR-2500,JJ-4700,SM,19,1,1,0,
698752,MR-2500,MS-0150,SL,5,1,1,0,
698755,MR-2500,TC-2050,SR,-5,1,0,0,
698756,MR-2500,JT-0300,SM,9,1,0,0,
698759,JW-5650,VJ-0100,DL,0,0,0,0,RA-0650
698760,JW-5650,CB-2775,SR,0,0,0,0,TJ-0600
698765,JW-5650,ME-0600,DL,45,1,1,0,
698768,MR-2500,AH-3650,SL,14,1,1,0,
698769,MR-2500,JT-0300,SL,0,0,0,0,
698770,MR-2500,DF-1875,SL,7,1,1,0,
698771,MR-2500,MS-0150,SR,0,0,0,0,BG-2100
698772,MR-2500,JT-0300,SL,10,1,1,0,
698773,MR-2500,MS-0150,SL,7,1,1,0,
698776,MR-2500,JJ-4700,SM,25,1,1,0,
698779,JW-5650,ME-0600,SR,8,1,1,0,
698783,MR-2500,DF-1875,SM,7,1,1,0,
698784,MR-2500,JJ-4700,SL,8,1,1,0,
698786,MR-2500,JJ-4700,DL,0,0,0,0,BM-1250
698792,JW-5650,ME-0600,SR,0,0,0,0,
698795,MR-2500,TC-2050,SL,21,1,1,0,
698797,MR-2500,TC-2050,SR,16,1,1,0,
698798,MR-2500,JT-0300,SM,-2,1,0,0,
698799,MR-2500,JJ-4700,SL,0,0,0,0,GM-0500
698800,MR-2500,JT-0300,SM,12,1,1,0,
698803,MR-2500,TC-2050,SR,0,0,0,0,JA-0350
698810,JW-5650,CS-1950,SR,5,1,1,0,
698815,MR-2500,JT-0300,DM,19,1,1,0,
698816,MR-2500,,NL,0,0,0,0,
698817,MR-2500,JJ-4700,SM,0,0,0,0,
698818,MR-2500,MS-0150,DL,0,0,0,0,
698819,MR-2500,JT-0300,SR,0,0,0,0,GM-0500
698823,RW-3850,DB-0500,SR,7,1,1,0,
698824,RW-3850,TL-1025,SL,6,1,1,0,
698825,RW-3850,TL-1025,SR,6,1,1,0,
698826,RW-3850,TL-1025,SR,0,0,0,0,
698827,RW-3850,TL-1025,SM,0,0,0,0,BM-0600
698829,RT-0150,JL-0215,SL,-3,1,0,0,
698831,RT-0150,JL-0215,SL,0,1,0,0,
698835,RW-3850,CM-2280,SR,0,1,0,0,
698836,RW-3850,CP-2550,SR,13,1,1,0,
698838,RW-3850,JK-0250,SL,5,1,0,0,
698839,RW-3850,LW-1450,SR,7,1,1,0,
698840,RW-3850,DB-0500,SR,14,1,1,0,
698843,RW-3850,JK-0250,SM,0,0,0,0,RJ-2000
698847,RT-0150,LC-0150,SR,2,1,0,0,
698849,RT-0150,AF-0900,SL,50,1,1,0,
698851,RT-0150,JL-0215,SR,1,1,0,0,
698852,RT-0150,JC-0400,SM,5,1,0,0,
698858,RT-0150,KS-2350,DM,0,0,0,0,
698860,RT-0150,JL-0215,SM,10,1,0,0,
698864,RW-3850,LW-1450,DR,0,0,0,0,
698867,RT-0150,KS-2350,DL,0,0,0,0,
698869,RT-0150,KS-2350,SL,0,0,0,0,DS-1730
698872,RW-3850,TL-1025,SR,0,0,0,0,
698873,RW-3850,DB-0500,SL,4,1,0,0,
698874,RW-3850,DB-0500,SM,10,1,1,0,
698877,RW-3850,TR-0112,SL,9,1,0,0,
698878,RW-3850,TL-1025,SM,0,0,0,0,
698882,RT-0150,DW-3125,SM,0,0,0,0,JR-1025
698883,RT-0150,AF-0900,SR,0,0,0,0,
698886,RW-3850,,NL,0,0,0,0,
698887,RW-3850,PR-0150,SL,0,0,0,0,
698888,RW-3850,,NL,0,0,0,0,
698890,RT-0150,JC-0400,DR,0,0,0,0,
698893,RT-0150,AF-0900,SR,6,1,0,0,
698898,RW-3850,DB-0500,SL,6,1,1,0,
698900,RW-3850,JK-0250,SM,15,1,1,0,
698901,RW-3850,DB-0500,SL,18,1,1,0,
698902,RW-3850,CM-2280,SR,5,1,1,0,
698903,RW-3850,LW-1450,SR,19,1,1,0,
698904,RW-3850,DB-0500,SL,0,0,0,0,
698909,RT-0150,AF-0900,SM,6,1,0,0,
698911,RW-3850,JK-0250,SL,7,1,1,0,
698916,RW-3850,TL-1025,SL,0,0,0,0,
698918,RT-0150,JC-0400,SR,1,1,0,0,
698920,RT-0150,JL-0215,SR,0,0,0,0,
698922,RW-3850,TR-0112,SR,11,1,1,0,
698926,RW-3850,DB-0500,SR,0,0,0,0,IA-0100
698930,RT-0150,JL-0215,SR,0,0,0,0,JL-0230
698933,RW-3850,PR-0150,SR,11,1,1,0,
698940,RT-0150,,NL,0,0,0,0,
698942,RT-0150,JL-0215,SM,14,1,1,0,
698944,RT-0150,JL-0215,SM,0,0,0,0,JR-1025
698945,RT-0150,LC-0150,SR,12,1,1,0,
698946,RT-0150,AF-0900,SL,0,0,0,0,DS-1730
698950,RW-3850,TR-0112,SR,6,1,1,0,
698952,RW-3850,JK-0250,DL,24,1,1,0,
698955,RW-3850,CM-2280,SR,0,0,0,0,
698957,RT-0150,KS-2350,DL,16,1,1,0,
698959,RT-0150,JL-0215,SL,9,1,1,0,
698960,RT-0150,JL-0215,SL,28,1,1,0,
698961,RT-0150,DW-3125,SL,29,1,1,0,
698962,RT-0150,,NL,0,0,0,0,
698966,RW-3850,LW-1450,SR,0,0,0,0,
698970,RW-3850,JK-0250,SM,6,1,1,0,
698971,RW-3850,CM-2280,SR,0,0,0,0,
698972,RW-3850,JK-0250,SM,0,0,0,0,NS-0800
698973,RW-3850,DB-0500,SL,22,1,1,0,
698975,RW-3850,JG-2900,SM,11,1,1,0,
698976,RW-3850,TL-1025,SR,5,1,1,0,
698977,RW-3850,DB-0500,SR,9,1,1,0,
698979,RW-3850,DB-0500,SL,2,1,1,0,
698982,RT-0150,KS-2350,DL,0,0,0,0,
698985,AL-1100,FG-0200,SM,6,1,1,0,
698990,AL-1100,TH-1850,SM,13,1,1,0,
698992,AL-1100,FG-0200,SL,1,1,0,0,
698993,AL-1100,RT-1950,SM,3,1,0,0,
698995,MS-4100,GT-0100,SR,11,1,1,0,
698997,MS-4100,AB-2000,SM,18,1,1,0,
698999,MS-4100,GT-0100,SR,6,1,1,0,
699000,MS-4100,MJ-2250,SL,0,0,0,0,
699002,MS-4100,TR-0370,SM,13,1,1,0,
699006,AL-1100,DM-2775,SR,0,1,0,0,
699008,AL-1100,TH-1850,SR,0,0,0,0,
699011,MS-4100,MJ-2250,SR,0,0,0,0,PR-0400
699012,MS-4100,GT-0100,SR,3,1,0,0,
699015,AL-1100,DA-0850,SR,0,0,0,0,TW-1750
699016,AL-1100,TH-1850,SL,0,0,0,0,DL-1200
699019,MS-4100,TR-0370,SL,8,1,1,0,
699022,MS-4100,MJ-2250,SM,27,1,1,0,
699023,MS-4100,MJ-2250,DL,0,0,0,0,AC-2400
699024,MS-4100,AR-1100,SM,8,1,1,0,
699025,MS-4100,AB-2000,SR,3,1,1,0,
699026,MS-4100,,NL,0,0,0,0,
699027,MS-4100,MJ-2250,DR,0,0,0,0,
699028,MS-4100,EE-0050,SR,13,1,1,0,
699030,MS-4100,TR-0370,SM,10,1,1,0,
699035,AL-1100,DM-2775,DM,19,1,1,0,
699037,AL-1100,DA-0850,SL,3,1,0,0,
699038,AL-1100,DA-0850,SL,15,1,1,0,
699040,AL-1100,TH-1850,SM,0,0,0,0,
699041,AL-1100,TH-1850,DM,17,1,0,0,
699047,MS-4100,EE-0050,SR,5,1,1,0,
699048,MS-4100,MJ-2250,DR,32,1,1,0,
699050,MS-4100,MJ-2250,SR,0,0,0,0,
699051,MS-4100,EE-0050,SL,6,1,1,0,
699054,AL-1100,DM-2775,DR,32,1,1,0,
699055,AL-1100,JF-1250,SL,14,1,1,0,
699056,AL-1100,DA-0850,SM,16,1,1,0,
699058,AL-1100,PD-0800,SR,5,1,0,0,
699059,AL-1100,TH-1850,SL,8,1,1,0,
699060,AL-1100,PD-0800,SR,0,0,0,0,
699061,AL-1100,DM-2775,SM,2,1,1,0,
699067,MS-4100,AA-0025,SL,1,1,0,0,
699069,MS-4100,MJ-2250,SL,4,1,0,0,
699070,MS-4100,GT-0100,SR,3,1,0,0,
699076,AL-1100,FG-0200,SL,0,0,0,0,
699077,AL-1100,PD-0800,DR,51,1,1,0,
699078,AL-1100,JD-2550,DR,0,0,0,0,
699079,AL-1100,,NL,0,0,0,0,
699080,AL-1100,RT-1950,SL,12,1,1,0,
699081,AL-1100,DA-0850,DR,19,1,1,0,
699089,AL-1100,DM-2775,DM,0,0,0,0,TW-1750
699090,AL-1100,TH-1850,SM,0,0,0,0,HN-0300
699091,AL-1100,PD-0800,DL,0,0,0,0,GQ-0100
699094,MS-4100,AA-0025,SL,18,1,1,0,
699096,MS-4100,GT-0100,SR,2,1,0,0,
699097,MS-4100,AA-0025,SM,13,1,1,0,
699098,MS-4100,GT-0100,SL,6,1,1,0,
699099,MS-4100,AA-0025,SL,11,1,1,0,
699103,AL-1100,DM-2775,SM,5,1,1,0,
699105,AL-1100,FG-0200,SL,8,1,1,0,
699107,AL-1100,,NL,0,0,0,0,
699108,AL-1100,TH-1850,DL,0,0,0,0,
699109,AL-1100,FG-0200,SL,4,1,0,0,
699110,AL-1100,DA-0850,DM,0,0,0,0,
699114,MS-4100,CW-1975,SR,5,1,0,0,
699115,MS-4100,MJ-2250,SM,0,0,0,0,RM-3850
699117,AL-1100,TH-1850,DR,0,0,0,0,
699119,AL-1100,JF-1250,SR,12,1,1,0,
699120,AL-1100,FG-0200,SL,0,0,0,0,AR-1115
699121,AL-1100,JD-2550,SM,13,1,1,0,
699122,AL-1100,TH-1850,DL,32,1,1,0,
699125,AL-1100,JD-2550,DR,16,1,1,0,
699129,MS-4100,GT-0100,SR,10,1,1,0,
699130,MS-4100,AA-0025,SL,14,1,1,0,
699134,MS-4100,AB-2000,SL,14,1,1,0,
699135,MS-4100,EE-0050,SR,13,1,1,0,
699136,MS-4100,TR-0370,SR,13,1,1,0,
699139,AL-1100,TH-1850,SR,9,1,1,0,
699141,AL-1100,PD-0800,DR,33,1,1,0,
699142,AL-1100,PD-0800,SL,5,1,1,0,
699144,AL-1100,TH-1850,SL,0,1,0,0,
699145,AL-1100,DM-2775,SR,6,1,1,0,
699146,AL-1100,JD-2550,SM,6,1,1,0,
699149,MS-4100,TR-0370,SM,19,1,1,0,
699150,MS-4100,EE-0050,SL,9,1,1,0,
699151,MS-4100,MJ-2250,SL,22,1,1,0,
699152,MS-4100,,NL,0,0,0,0,
699157,DP-2037,DB-5300,SR,8,1,1,0,
699159,DP-2037,JW-6000,SR,17,1,1,0,
699162,DP-2037,CB-1130,SM,6,1,1,0,
699163,DP-2037,CB-1130,SL,9,1,1,0,
699165,DP-2037,JW-6000,SR,8,1,1,0,
699167,DP-2037,CB-1130,SM,0,0,0,0,
699169,DP-2037,EE-0250,SL,1,1,0,0,
699173,EM-0200,RJ-0800,SL,3,1,0,0,
699174,EM-0200,SV-0200,SL,7,1,1,0,
699176,EM-0200,SV-0200,SR,0,0,0,0,
699177,EM-0200,OB-0075,SM,0,0,0,0,
699181,DP-2037,CB-1130,SM,9,1,1,0,
699184,DP-2037,JW-6000,SL,8,1,1,0,
699185,DP-2037,BB-4100,SL,16,1,1,0,
699187,DP-2037,JW-6000,SR,5,1,1,0,
699188,DP-2037,CB-1130,SL,9,1,1,0,
699190,DP-2037,DB-5300,DR,0,0,0,0,DR-2800
699192,DP-2037,LD-0850,SR,0,0,0,0,
699197,EM-0200,SS-1250,SR,14,1,1,0,
699198,EM-0200,OB-0075,DL,45,1,1,0,
699199,EM-0200,LD-0650,SL,15,1,1,0,
699202,DP-2037,GS-1400,DL,21,1,1,0,
699206,DP-2037,JW-6000,SM,9,1,1,0,
699208,DP-2037,DB-5300,DL,0,0,0,0,LC-0850
699211,DP-2037,JW-6000,SL,0,0,0,0,
699212,DP-2037,JW-6000,SM,8,1,0,0,
699217,EM-0200,RJ-0800,SL,0,0,0,0,
699218,EM-0200,OB-0075,SR,6,1,1,0,
699220,EM-0200,VC-0300,SL,5,1,1,0,
699221,EM-0200,WT-0600,SM,7,1,1,0,
699223,EM-0200,SV-0200,SL,6,1,0,0,
699224,EM-0200,VC-0300,DM,23,1,1,0,
699225,EM-0200,VC-0300,SM,3,1,0,0,
699226,EM-0200,WT-0600,SL,4,1,0,0,
699227,EM-0200,SS-1250,SR,9,1,1,0,
699232,EM-0200,SS-1250,SL,0,0,0,0,
699234,DP-2037,CB-1130,SM,6,1,1,0,
699235,DP-2037,CB-1130,SL,4,1,1,0,
699236,DP-2037,JW-6000,DL,0,0,0,0,
699238,DP-2037,CB-1130,SL,7,1,1,0,
699245,EM-0200,OB-0075,SR,0,0,0,0,
699248,DP-2037,TW-2270,DL,0,0,0,0,
699249,DP-2037,JW-6000,SL,1,1,0,0,
699250,DP-2037,EE-0250,SR,0,0,0,0,
699257,EM-0200,SV-0200,SL,0,0,0,0,
699261,DP-2037,TW-2270,SM,9,1,1,0,
699264,DP-2037,CB-1130,DR,0,0,0,0,
699266,DP-2037,DB-5300,DR,0,0,0,0,
699268,DP-2037,AM-2850,SR,0,0,0,0,
699271,EM-0200,OB-0075,SM,15,1,1,0,
699272,EM-0200,OB-0075,SR,7,1,1,0,
699274,EM-0200,LD-0650,SM,0,0,0,0,BJ-2350
699278,DP-2037,CB-1130,SM,0,0,0,0,
699279,DP-2037,JW-6000,SL,3,1,0,0,
699282,EM-0200,SV-0200,SL,10,1,1,0,
699283,EM-0200,SS-1250,DM,20,1,1,0,
699284,EM-0200,WT-0600,SL,5,1,1,0,
699288,EM-0200,OB-0075,SL,0,0,0,0,
699289,EM-0200,OB-0075,SL,0,0,0,0,
699290,EM-0200,VC-0300,SM,3,1,1,0,
699294,DP-2037,DB-5300,DR,0,0,0,0,DR-2800
699295,DP-2037,TW-2270,SR,11,1,1,0,
699297,DP-2037,BB-4100,DL,0,0,0,0,
699298,DP-2037,CB-1130,SR,0,0,0,0,
699299,DP-2037,JW-6000,SR,7,1,0,0,
699309,DP-2037,JW-6000,SR,0,0,0,0,
699310,DP-2037,LD-0850,SL,16,1,1,0,
699311,DP-2037,,NL,0,0,0,1,
699313,DP-2037,JW-6000,DR,0,0,0,0,
699314,DP-2037,CB-1130,SL,15,1,1,0,
699315,DP-2037,,NL,0,0,0,1,
699316,DP-2037,JW-6000,SM,0,0,0,0,
699317,DP-2037,TW-2270,SR,14,1,1,0,
699320,CP-0500,JG-3700,SL,13,1,1,0,
699321,CP-0500,MF-0950,DL,0,0,0,0,
699323,CP-0500,LF-0200,SM,11,1,0,0,
699326,JG-0650,CH-3350,SR,0,0,0,0,
699328,JG-0650,JE-0100,SL,11,1,1,0,
699330,JG-0650,JE-0100,SM,19,1,1,0,
699332,JG-0650,JE-0100,SL,8,1,1,0,
699334,JG-0650,CH-3350,DL,37,1,1,0,
699337,CP-0500,MF-0950,DL,39,1,1,0,
699339,CP-0500,DJ-1325,SR,0,0,0,0,
699340,CP-0500,JN-0625,DL,0,0,0,0,
699342,JG-0650,JW-2550,SL,21,1,1,0,
699344,JG-0650,JW-2550,SR,0,0,0,0,
699348,JG-0650,JE-0100,SR,3,1,0,0,
699350,JG-0650,JW-2550,SR,7,1,1,0,
699351,JG-0650,MM-3450,DM,0,0,0,0,
699353,JG-0650,DA-0900,SL,0,0,0,0,TB-2400
699356,CP-0500,DJ-1325,SL,26,1,1,0,
699358,CP-0500,DJ-1325,SL,8,1,1,0,
699359,CP-0500,JN-0625,SL,11,1,1,0,
699365,JG-0650,JE-0100,SR,10,1,1,0,
699366,JG-0650,MB-1800,SM,0,0,0,0,
699367,JG-0650,CH-3350,SL,19,1,1,0,
699368,JG-0650,MM-3450,SL,0,0,0,0,
699372,CP-0500,MF-0950,SR,11,1,1,0,
699376,CP-0500,LF-0200,SR,6,1,1,0,
699378,CP-0500,JG-3700,SM,9,1,1,0,
699381,CP-0500,LF-0200,SL,3,1,1,0,
699386,JG-0650,JW-2550,SL,-2,1,0,0,
699388,CP-0500,JB-6950,DL,0,0,0,0,
699389,CP-0500,LF-0200,DR,0,0,0,0,
699390,CP-0500,JB-6950,DR,0,0,0,0,JC-3518
699400,JG-0650,JG-0650,SM,3,1,0,0,
699403,JG-0650,JE-0100,SR,9,1,1,0,
699406,JG-0650,MB-1800,SR,4,1,0,0,
699407,JG-0650,MM-3450,SL,28,1,1,0,
699411,CP-0500,JG-3700,SR,4,1,1,0,
699415,CP-0500,JB-6950,DM,0,0,0,0,MB-5250
699416,CP-0500,LF-0200,SM,0,0,0,0,LR-0600
699418,JG-0650,MM-3450,SL,5,1,1,0,
699420,CP-0500,JG-3700,SR,15,1,1,0,
699421,CP-0500,DJ-1325,DR,0,0,0,0,
699422,CP-0500,LF-0200,SR,14,1,1,0,
699429,JG-0650,CH-3350,SM,4,1,1,0,
699431,JG-0650,MB-1800,SL,5,1,1,0,
699433,JG-0650,JE-0100,SR,6,1,1,0,
699436,JG-0650,MB-1800,SL,5,1,0,0,
699439,JG-0650,MM-3450,DL,0,0,0,0,
699442,CP-0500,DJ-1325,SL,5,1,1,0,
699443,CP-0500,AE-0750,SL,12,1,1,0,
699446,CP-0500,MF-0950,SM,0,0,0,0,MB-5250
699447,CP-0500,MF-0950,SR,0,0,0,0,
699448,CP-0500,MF-0950,SL,11,1,1,0,
699449,CP-0500,LF-0200,SL,1,1,1,0,
699453,JG-0650,JW-2550,SM,0,0,0,0,
699454,JG-0650,DA-0900,DL,32,1,1,0,
699456,JG-0650,DA-0900,SM,13,1,1,0,
699457,JG-0650,JW-2550,SR,7,1,1,0,
699459,JG-0650,MB-1800,SR,0,0,0,0,
699462,JG-0650,JW-2550,SL,7,1,1,0,
699463,JG-0650,DA-0900,SR,3,1,0,0,
699467,CP-0500,JB-6950,SR,8,1,1,0,
699468,CP-0500,LF-0200,SM,21,1,1,0,
699469,CP-0500,JB-6750,SL,0,0,0,0,JC-3518
699470,CP-0500,LF-0200,SR,15,1,1,0,
699471,CP-0500,MF-0950,SM,0,0,0,0,JC-3550
699472,CP-0500,DJ-1325,SR,4,1,0,0,
699473,CP-0500,LF-0200,SR,10,1,1,0,
699476,CP-0500,AE-0750,SR,-4,1,0,0,
699477,CP-0500,JB-6750,DM,18,1,0,0,
699481,KC-2350,JR-1150,SR,12,1,1,0,
699483,KC-2350,JR-1150,SM,0,0,0,0,LT-0400
699484,KC-2350,JR-1150,SR,14,1,1,0,
699485,KC-2350,RG-1650,SR,0,0,0,0,
699487,KC-2350,JR-1150,SM,13,1,0,0,
699490,BR-1100,ER-0462,SR,6,1,1,0,
699491,BR-1100,DW-3600,SR,2,1,0,0,
699494,KC-2350,DJ-0200,SL,31,1,1,0,
699496,KC-2350,DJ-0200,SR,0,0,0,0,AM-2300
699497,KC-2350,DJ-0200,SR,6,1,1,0,
699499,KC-2350,JR-1150,SM,0,0,0,0,RS-0962
699500,KC-2350,JC-5680,SR,0,0,0,0,
699503,BR-1100,AB-3500,SL,5,1,1,0,
699505,BR-1100,ER-0462,SM,20,1,1,0,
699506,BR-1100,SC-0775,SR,0,0,0,0,
699507,BR-1100,ER-0462,SL,0,0,0,0,
699508,KC-2350,JC-5680,SM,11,1,1,0,
699509,KC-2350,PG-0100,SR,6,1,1,0,
699511,KC-2350,DJ-0200,SR,0,0,0,0,
699512,KC-2350,PG-0100,SM,2,1,0,0,
699516,BR-1100,DW-3600,SL,14,1,1,0,
699517,BR-1100,AB-3500,SR,13,1,1,0,
699521,BR-1100,JJ-0725,SM,8,1,1,0,
699523,BR-1100,AB-3500,SR,0,0,0,0,JN-1750
699524,BR-1100,JJ-0725,SM,7,1,0,0,
699525,BR-1100,AB-3500,DL,29,1,1,0,
699528,KC-2350,DJ-0200,DR,33,1,1,0,
699531,KC-2350,JC-5680,SM,9,1,0,0,
699533,KC-2350,JR-1150,SL,4,1,0,0,
699534,KC-2350,CT-1220,SM,5,1,0,0,
699536,BR-1100,JJ-0725,SM,4,1,1,0,
699541,BR-1100,ER-0462,SM,5,1,1,0,
699542,BR-1100,DW-3600,SR,0,0,0,0,
699543,BR-1100,DW-3600,SR,4,1,0,0,
699544,BR-1100,ER-0462,SM,19,1,1,0,
699545,BR-1100,ER-0462,SL,6,1,1,0,
699546,BR-1100,JJ-0725,SM,0,0,0,0,DB-5100
699547,BR-1100,JJ-0725,SM,6,1,1,0,
699548,BR-1100,ER-0462,SL,3,1,1,0,
699554,BR-1100,DW-3600,SM,0,0,0,0,
699555,BR-1100,AB-3500,DL,16,1,1,0,
699559,BR-1100,JJ-0725,DL,0,0,0,0,
699564,KC-2350,JC-5680,SM,9,1,0,0,
699565,KC-2350,JC-5680,SR,7,1,1,0,
699566,KC-2350,JR-1150,DL,0,0,0,0,
699567,BR-1100,AB-3500,SL,0,1,0,0,
699568,BR-1100,SC-0775,DL,42,1,1,0,
699569,BR-1100,DW-3600,SL,7,1,1,0,
699570,BR-1100,DW-3600,SM,0,0,0,0,
699571,BR-1100,AB-3500,DL,26,1,1,0,
699575,KC-2350,DJ-0200,SL,9,1,1,0,
699576,KC-2350,DJ-0200,SL,11,1,1,0,
699578,KC-2350,CT-1220,SM,11,1,1,0,
699579,KC-2350,PG-0100,SR,10,1,1,0,
699581,KC-2350,PG-0100,SR,6,1,0,0,
699582,KC-2350,PG-0100,SL,8,1,0,0,
699583,KC-2350,JC-5680,DR,0,0,0,0,
699588,BR-1100,AB-3500,SR,0,0,0,0,
699590,KC-2350,MJ-2275,SM,9,1,1,0,
699592,KC-2350,JR-1150,SM,5,1,1,0,
699593,KC-2350,PG-0100,DR,19,1,1,0,
699594,KC-2350,JC-5680,DM,16,1,1,0,
699595,KC-2350,VD-0100,SM,20,1,1,0,
699599,BR-1100,DW-3600,SM,5,1,1,0,
699602,BR-1100,JJ-0725,SM,6,1,1,0,
699606,BR-1100,AB-3500,SR,0,0,0,0,JN-1750
699607,BR-1100,SC-0775,SR,14,1,1,0,
699609,BR-1100,DW-3600,SL,-4,1,0,0,
699610,BR-1100,AB-3500,DL,21,1,1,0,
699614,KC-2350,DJ-0200,SR,12,1,1,0,
699615,KC-2350,JR-1150,SR,0,0,0,0,
699617,KC-2350,JC-5680,SR,0,0,0,0,MM-3800
699618,KC-2350,JR-1150,SL,5,1,0,0,
699623,BR-1100,AB-3500,DL,16,1,1,0,
699628,KC-2350,DJ-0200,SR,0,0,0,0,DM-1475
699629,KC-2350,JR-1150,SM,11,1,1,0,
699630,KC-2350,JD-2350,SL,9,1,1,0,
699632,KC-2350,JC-5680,SL,6,1,1,0,
699633,KC-2350,DJ-0200,SL,0,0,0,0,
699634,KC-2350,JC-5680,SM,0,0,0,0,
699638,CK-0250,TH-1550,SR,2,1,0,0,
699639,CK-0250,KB-1900,SL,8,1,1,0,
699640,CK-0250,LK-0200,SL,9,1,1,0,
699642,CK-0250,TG-1950,SM,0,0,0,0,
699643,CK-0250,TA-1050,SR,0,0,0,0,
699644,CK-0250,TA-1050,SR,0,0,0,0,
699647,BG-0100,TS-2300,SR,0,0,0,0,
699650,BG-0100,QP-0050,SL,5,1,1,0,
699651,BG-0100,QP-0050,SL,1,1,0,0,
699657,BG-0100,JK-1000,SR,6,1,1,0,
699658,BG-0100,JK-1000,DM,0,0,0,0,
699660,BG-0100,CH-5000,SR,4,1,1,0,
699663,BG-0100,GC-0350,SL,0,0,0,0,MB-0650
699664,BG-0100,SD-0800,SL,7,1,1,0,
699669,CK-0250,TA-1050,SL,3,1,0,0,
699671,CK-0250,TH-1550,SR,0,0,0,0,TB-2700
699673,BG-0100,TS-2300,SR,15,1,1,0,
699679,BG-0100,TS-2300,SR,-2,1,0,0,
699680,CK-0250,KB-1900,DR,22,1,1,0,
699685,CK-0250,TG-1950,SM,0,0,0,0,QD-0200
699687,BG-0100,GC-0350,SL,0,0,0,0,MB-0650
699688,BG-0100,CH-5000,SL,0,0,0,0,
699689,BG-0100,JK-1000,SR,4,1,0,0,
699690,BG-0100,JK-1000,DL,18,1,1,0,
699698,CK-0250,KB-1900,SR,22,1,1,0,
699701,CK-0250,TA-1050,SL,0,0,0,0,JW-0750
699705,BG-0100,CH-5000,SR,1,1,0,0,
699707,BG-0100,JK-1000,SL,10,1,1,0,
699708,BG-0100,SD-0800,SR,11,1,0,0,
699710,CK-0250,TH-1550,SL,0,0,0,0,RA-1350
699711,CK-0250,TA-1050,SL,0,0,0,0,
699715,BG-0100,JK-1000,SR,0,0,0,0,
699717,CK-0250,TG-1950,SL,-5,1,0,0,
699718,CK-0250,BQ-0050,SR,0,0,0,0,
699724,BG-0100,QP-0050,SL,6,1,1,0,
699725,BG-0100,BG-0100,SL,-16,1,0,0,
699729,CK-0250,BQ-0050,SR,3,1,0,0,
699731,BG-0100,VM-0250,SR,0,0,0,0,MA-0450
699733,BG-0100,JK-1000,SL,0,0,0,0,
699735,CK-0250,TA-1050,DR,0,0,0,0,
699736,CK-0250,TA-1050,SR,5,1,0,0,
699737,CK-0250,KB-1900,SL,0,0,0,0,JW-0750
699741,BG-0100,JK-1000,SL,-2,1,0,0,
699744,CK-0250,TA-1050,SR,0,1,0,0,
699747,CK-0250,BC-3070,SR,7,1,0,0,
699751,BG-0100,TS-2300,SR,0,0,0,0,
699755,CK-0250,TA-1050,SL,5,1,1,0,
699757,CK-0250,LK-0200,SM,0,0,0,0,
699758,BG-0100,GC-0350,SL,0,0,0,0,AO-0250
699760,BG-0100,QP-0050,SL,13,1,1,0,
699761,BG-0100,JK-1000,SR,17,1,1,0,
699762,BG-0100,TS-2300,SR,0,0,0,0,
699767,BG-0100,QP-0050,SL,35,1,1,0,
699769,BG-0100,TS-2300,SM,0,0,0,0,
699770,BG-0100,VM-0250,SL,8,1,1,0,
699773,CK-0250,TA-1050,SR,0,0,0,0,
699774,CK-0250,LK-0200,SL,6,1,1,0,
699775,CK-0250,TA-1050,SR,0,0,0,0,
699777,BG-0100,VM-0250,SM,6,1,1,0,
699778,BG-0100,JK-1000,SL,8,1,1,0,
699779,BG-0100,JK-1000,DR,0,0,0,0,
699782,BG-0100,GC-0350,SR,15,1,1,0,
699791,CK-0250,MB-3862,SR,8,1,1,0,
699793,CK-0250,BQ-0050,SR,5,1,1,0,
699794,CK-0250,BQ-0050,SR,0,0,0,0,DJ-1750
699795,CK-0250,KB-1900,SM,15,1,1,0,
699796,CK-0250,BQ-0050,SM,15,1,1,0,
699797,CK-0250,TH-1550,SM,0,0,0,0,
699798,CK-0250,TA-1050,SL,0,0,0,0,
699799,CK-0250,KB-1900,SL,0,0,0,0,
699807,RF-0500,BB-2450,SR,0,0,0,0,
699809,RF-0500,QE-0100,DL,34,1,1,0,
699814,RF-0500,KD-0400,SR,0,0,0,0,AW-1200
699815,RF-0500,QE-0100,SR,10,1,1,0,
699817,RF-0500,MF-1300,SR,0,0,0,0,
699822,RF-0500,BP-1200,SM,0,0,0,0,
699826,TT-0500,CC-2100,SR,-2,1,0,0,
699827,TT-0500,MG-1050,DR,84,1,1,0,
699831,RF-0500,QE-0100,SL,11,1,1,0,
699835,RF-0500,ED-0200,DM,24,1,1,0,
699838,RF-0500,BP-1200,SL,1,1,0,0,
699841,TT-0500,RW-4050,SM,0,0,0,0,
699843,TT-0500,CC-2100,SR,6,1,0,0,
699845,RF-0500,BM-0300,DR,37,1,1,0,
699846,RF-0500,JM-0887,SL,0,0,0,0,
699848,RF-0500,BM-0300,SM,15,1,1,0,
699856,TT-0500,MG-1050,SL,0,0,0,0,
699858,TT-0500,MG-1050,DR,0,0,0,0,
699862,RF-0500,QE-0100,DM,21,1,1,0,
699864,RF-0500,QE-0100,SM,14,1,1,0,
699865,RF-0500,BM-0300,DL,21,1,1,0,
699868,RF-0500,ED-0200,DR,18,1,1,0,
699869,RF-0500,ED-0200,SM,5,1,1,0,
699872,TT-0500,SW-0450,SL,9,1,1,0,
699874,TT-0500,CC-2100,SL,4,1,1,0,
699876,TT-0500,SW-0450,SR,11,1,1,0,
699877,TT-0500,CC-2100,SR,8,1,1,0,
699878,TT-0500,MG-1050,SR,0,0,0,0,
699881,TT-0500,LM-1000,SL,9,1,1,0,
699882,TT-0500,,NL,0,0,0,1,
699883,TT-0500,LM-1000,SM,0,0,0,0,
699888,TT-0500,LM-1000,SL,4,1,1,0,
699889,TT-0500,SW-0450,DL,0,0,0,0,
699890,TT-0500,GS-0100,DR,71,1,1,0,
699897,RF-0500,JM-0887,SR,2,1,0,0,
699902,RF-0500,BM-0300,SM,11,1,1,0,
699903,RF-0500,ED-0200,DR,0,0,0,0,RD-0050
699904,RF-0500,BM-0300,DR,0,0,0,0,
699907,TT-0500,SW-0450,DL,0,0,0,0,MW-2250
699908,TT-0500,CC-2100,SR,0,0,0,0,
699912,RF-0500,BM-0300,SR,3,1,1,0,
699913,RF-0500,BM-0300,SR,14,1,1,0,
699914,RF-0500,BM-0300,SR,0,0,0,0,
699916,RF-0500,QE-0100,SL,2,1,0,0,
699917,RF-0500,ED-0200,SR,0,0,0,0,RD-0050
699918,RF-0500,ED-0200,SM,17,1,1,0,
699919,RF-0500,MF-1300,SL,6,1,1,0,
699920,RF-0500,JM-0887,DM,16,1,1,0,
699928,EM-0250,MG-1050,SL,10,1,1,0,
699929,TT-0500,SW-0450,DL,0,0,0,0,
699931,RF-0500,BM-0300,DR,0,0,0,0,RD-0050
699932,RF-0500,JM-0887,DL,27,1,1,0,
699933,RF-0500,ED-0200,DR,35,1,1,0,
699935,RF-0500,MF-1300,SR,3,1,0,0,
699946,RF-0500,ED-0200,DM,27,1,1,0,
699952,TT-0500,LM-1000,SM,10,1,1,0,
699953,TT-0500,CC-2100,SR,0,0,0,0,
699954,TT-0500,GS-0100,SL,11,1,1,0,
699955,TT-0500,LM-1000,SL,8,1,1,0,
699956,TT-0500,GS-0100,SR,4,1,1,0,
699957,TT-0500,GS-0100,SL,3,1,0,0,
699959,TT-0500,CC-2100,SR,11,1,1,0,
699960,TT-0500,GS-0100,DL,0,0,0,0,BS-2300
699961,TT-0500,MG-0650,SR,18,1,1,0,
699968,TT-0500,RW-4050,SL,10,1,1,0,
699972,JM-2900,AH-1900,SR,8,1,1,0,
699974,JM-2900,CC-3650,DL,0,0,0,0,
699975,JM-2900,DJ-1850,SR,28,1,1,0,
699979,JM-2900,CC-3650,DL,31,1,1,0,
699983,JF-1900,DP-1300,SL,6,1,1,0,
699984,JF-1900,MW-0500,SR,5,1,1,0,
699985,JF-1900,CG-1030,SM,0,0,0,0,
699987,JF-1900,KJ-1400,SR,0,0,0,0,
699993,JF-1900,SS-2100,SR,0,0,0,0,
699994,JM-2900,TP-2400,DR,0,0,0,0,
699996,JM-2900,GB-0200,SM,14,1,1,0,
699997,JM-2900,CC-3650,SL,11,1,1,0,
700000,JF-1900,TW-1350,SL,0,0,0,0,
700002,JF-1900,CM-2675,SM,9,1,1,0,
700003,JF-1900,KA-0400,DL,0,0,0,0,
700005,JF-1900,MW-0500,SM,12,1,1,0,
700006,JF-1900,TW-1350,SM,0,0,0,0,
700008,JF-1900,CM-2675,DL,0,0,0,0,
700009,JF-1900,JF-2800,SL,8,1,1,0,
700014,JM-2900,TP-2400,SR,16,1,1,0,
700015,JM-2900,IC-0300,SR,15,1,1,0,
700017,JM-2900,CC-3650,SR,0,0,0,0,
700022,JF-1900,JF-2800,SR,6,1,1,0,
700023,JF-1900,MW-0500,DR,0,0,0,0,
700024,JF-1900,DP-1300,SM,13,1,1,0,
700025,JF-1900,DP-1300,SL,4,1,1,0,
700027,JF-1900,DP-1300,SL,0,0,0,0,
700028,JF-1900,DP-1300,SL,3,1,0,0,
700029,JF-1900,DP-1300,SM,0,0,0,0,DK-0625
700032,JM-2900,CC-3650,SL,4,1,1,0,
700033,JM-2900,AH-1900,SR,4,1,1,0,
700039,JF-1900,BP-0450,DR,0,0,0,0,JH-0100
700040,JF-1900,DP-1300,SL,30,1,1,0,
700041,JF-1900,CG-1030,SM,22,1,1,0,
700043,JF-1900,MW-0500,SR,7,1,1,0,
700046,JM-2900,GB-0200,SR,10,1,1,0,
700047,JM-2900,RH-1950,DL,0,0,0,0,
700048,JF-1900,SS-2100,SR,0,0,0,0,JH-0100
700049,JF-1900,DP-1300,SL,5,1,0,0,
700050,JF-1900,KJ-1400,SR,8,1,1,0,
700051,JF-1900,MW-0500,DL,0,0,0,0,
700052,JF-1900,SS-2100,SR,14,1,1,0,
700053,JF-1900,SS-2100,SR,0,0,0,0,
700057,JF-1900,DP-1300,SR,0,0,0,0,
700058,JF-1900,SS-2100,DR,19,1,1,0,
700059,JF-1900,SS-2100,DR,31,1,1,0,
700061,JF-1900,MW-0500,DL,17,1,1,0,
700064,JM-2900,TP-2400,DR,0,0,0,0,
700066,JM-2900,DJ-1850,SR,12,1,1,0,
700067,JM-2900,TP-2400,DR,0,0,0,0,
700072,JF-1900,JF-2800,SM,0,0,0,0,
700073,JF-1900,BP-0450,DM,20,1,1,0,
700075,JF-1900,BP-0450,DR,0,0,0,0,
700076,JM-2900,TP-2400,SR,0,0,0,0,
700078,JM-2900,CC-3650,DR,0,0,0,0,
700079,JM-2900,GB-0200,DL,0,0,0,0,
700080,JM-2900,TP-2400,DL,0,0,0,0,
700084,JF-1900,DP-1300,SL,9,1,1,0,
700087,JF-1900,JF-2800,SL,-5,1,0,0,
700088,JF-1900,BP-0450,SL,12,1,0,0,
700089,JF-1900,BP-0450,SL,0,0,0,0,JP-4150
700093,JM-2900,CC-3650,DM,47,1,1,0,
700096,JM-2900,TP-2400,DR,0,0,0,0,
700098,JF-1900,DP-1300,SM,28,1,1,0,
700102,JF-1900,CG-1030,SM,0,0,0,0,DK-0625
700106,JM-2900,TP-2400,SM,15,1,1,0,
700110,JM-2900,DJ-1850,SR,0,0,0,0,
700113,JF-1900,TW-1350,SL,15,1,1,0,
700116,JF-1900,DP-1300,SR,4,1,1,0,
700121,JF-1900,JF-2800,SR,0,0,0,0,
700124,JM-2900,DJ-1850,SR,5,1,1,0,
700125,JM-2900,GB-0200,SM,6,1,1,0,
700126,JM-2900,AH-1900,SL,16,1,1,0,
700127,JM-2900,TP-2400,SR,1,1,0,0,
700128,JM-2900,DJ-1850,SR,-1,1,0,0,
700129,JM-2900,GB-0200,SL,7,1,0,0,
700130,JM-2900,CC-3650,SR,11,1,1,0,
700132,JM-2900,TP-2400,DM,0,0,0,0,
700141,AD-0100,TB-2075,SL,10,1,1,0,
700144,AD-0100,AG-1500,DL,0,0,0,0,
700148,BR-1100,AB-3500,SL,16,1,1,0,
700150,BR-1100,JJ-0725,SL,0,0,0,0,
700151,BR-1100,JJ-0725,SL,11,1,1,0,
700153,BR-1100,ER-0462,SM,0,0,0,0,
700155,BR-1100,DW-3600,SR,10,1,0,0,
700156,BR-1100,AB-3500,DL,0,0,0,0,
700157,AD-0100,AG-1500,SM,0,0,0,0,
700159,AD-0100,CU-0150,SL,0,0,0,0,
700162,BR-1100,XG-0100,SM,0,0,0,0,
700163,BR-1100,SC-0775,DL,44,1,1,0,
700165,BR-1100,XG-0100,SR,20,1,1,0,
700168,AD-0100,BL-0100,SR,13,1,1,0,
700170,AD-0100,AG-1500,DM,21,1,1,0,
700171,AD-0100,TK-0850,DR,21,1,1,0,
700173,AD-0100,BL-0100,SL,0,0,0,0,CH-3100
700174,AD-0100,GB-0350,SM,4,1,0,0,
700177,BR-1100,DJ-1300,SR,5,1,1,0,
700178,BR-1100,XG-0100,SR,0,0,0,0,
700179,BR-1100,ER-0462,SL,9,1,1,0,
700180,BR-1100,JJ-0725,SL,9,1,1,0,
700184,BR-1100,DH-2800,SL,0,0,0,0,AJ-1200
700187,AD-0100,CU-0150,DR,0,0,0,0,
700188,AD-0100,CU-0150,SR,2,1,0,0,
700192,BR-1100,AB-3500,DM,0,0,0,0,
700195,AD-0100,TB-2075,SL,8,1,1,0,
700196,AD-0100,JH-4025,SR,0,0,0,0,
700200,BR-1100,AB-3500,SM,0,0,0,0,
700202,AD-0100,AG-1500,DR,0,0,0,0,RC-1550
700203,AD-0100,AG-1500,SL,0,0,0,0,
700206,BR-1100,ER-0462,DM,0,0,0,0,
700208,BR-1100,DW-3600,SL,0,0,0,0,
700211,AD-0100,GB-0350,SR,7,1,1,0,
700212,AD-0100,GB-0350,SM,0,0,0,0,CH-3100
700213,AD-0100,TB-2075,SM,16,1,1,0,
700215,AD-0100,CU-0150,DM,0,0,0,0,MM-3800
700216,AD-0100,GB-0350,SR,5,1,0,0,
700219,BR-1100,SC-0775,DR,0,0,0,0,
700220,BR-1100,DW-3600,SL,4,1,1,0,
700221,BR-1100,SC-0775,DR,0,0,0,0,
700222,AD-0100,GB-0350,SR,24,1,1,0,
700223,AD-0100,BL-0100,SL,0,0,0,0,WG-0500
700224,AD-0100,TK-0850,SR,7,1,1,0,
700225,AD-0100,GB-0350,SM,0,0,0,0,
700226,AD-0100,CU-0150,SR,5,1,1,0,
700227,AD-0100,AG-1500,DR,17,1,1,0,
700228,AD-0100,BL-0100,SR,0,0,0,0,AB-3875
700231,AD-0100,JH-4025,SL,0,0,0,0,
700233,AD-0100,TB-2075,SL,0,0,0,0,RC-1550
700235,BR-1100,AB-3500,SR,3,1,0,0,
700239,BR-1100,SC-0775,DR,0,0,0,0,DK-0750
700241,AD-0100,JH-4025,SL,25,1,1,0,
700244,AD-0100,BL-0100,SM,0,0,0,0,WG-0500
700248,BR-1100,FT-0300,SL,9,1,1,0,
700249,BR-1100,AB-3500,SR,0,0,0,0,GI-1300
700250,BR-1100,XG-0100,SM,6,1,1,0,
700251,BR-1100,SC-0775,DR,53,1,1,0,
700252,BR-1100,JJ-0725,SM,9,1,1,0,
700257,AD-0100,TB-2075,DR,29,1,1,0,
700258,AD-0100,AG-1500,SR,0,0,0,0,
700259,AD-0100,TK-0850,SR,7,1,1,0,
700260,AD-0100,AE-1037,DM,20,1,1,0,
700262,AD-0100,JH-4025,SL,4,1,1,0,
700263,AD-0100,BL-0100,SR,0,0,0,0,
700266,AD-0100,CU-0150,SL,0,0,0,0,RG-1250
700267,AD-0100,CU-0150,SL,0,0,0,0,
700273,BR-1100,JJ-0725,SR,0,0,0,0,
700275,BR-1100,AB-3500,SL,0,0,0,0,
700278,AD-0100,TB-2075,SM,9,1,1,0,
700279,AD-0100,AG-1500,SL,0,0,0,0,
700281,AD-0100,TB-2075,SL,0,0,0,0,
700283,BR-1100,AB-3500,SR,3,1,0,0,
700285,BR-1100,AB-3500,DL,17,1,1,0,
700287,BR-1100,DW-3600,SR,20,1,1,0,
700288,BR-1100,DH-2800,SR,7,1,1,0,
700293,BR-1100,AB-3500,SL,0,0,0,0,KD-0100
700294,BR-1100,DW-3600,SL,4,1,1,0,
700297,AD-0100,GB-0350,SL,7,1,1,0,
700298,AD-0100,GB-0350,SM,12,1,1,0,
700299,AD-0100,GB-0350,SR,9,1,1,0,
700300,AD-0100,CU-0150,SR,2,1,1,0,
700301,AD-0100,JH-4025,SM,8,1,1,0,
700302,AD-0100,JW-6545,SR,10,1,1,0,
700304,AD-0100,GB-0350,SL,25,1,1,0,
700309,BR-1100,AB-3500,SL,0,0,0,0,
700311,AD-0100,TK-0850,SM,0,0,0,0,
700312,AD-0100,BL-0100,SR,9,1,1,0,
700314,AD-0100,BL-0100,DM,17,1,1,0,
700315,AD-0100,TB-2075,SM,6,1,0,0,
700321,AD-0100,GB-0350,SR,7,1,0,0,
700323,DP-2037,CB-1130,SR,11,1,1,0,
700325,DP-2037,DB-5300,SR,0,0,0,0,JN-1750
700326,DP-2037,DB-5300,SM,18,1,1,0,
700329,DP-2037,DB-5300,DM,17,1,1,0,
700331,DP-2037,CB-1130,SM,28,1,1,0,
700332,DP-2037,DB-5300,SL,0,0,0,0,BB-2725
700333,DP-2037,EE-0250,SM,1,1,0,0,
700334,DP-2037,BB-4100,SR,0,0,0,0,JN-1750
700338,KC-2350,DJ-0200,SR,28,1,1,0,
700341,KC-2350,JC-5680,DR,0,0,0,0,
700343,DP-2037,JW-6000,SL,29,1,1,0,
700349,DP-2037,DB-5300,SL,6,1,1,0,
700351,DP-2037,GS-1400,SR,28,1,1,0,
700357,KC-2350,JR-1150,DM,25,1,1,0,
700360,KC-2350,VD-0100,SR,4,1,1,0,
700361,KC-2350,PG-0100,SR,9,1,1,0,
700363,KC-2350,MJ-2275,SM,4,1,1,0,
700364,KC-2350,PG-0100,SL,0,0,0,0,
700365,KC-2350,DJ-0200,SL,12,1,1,0,
700369,DP-2037,DB-5300,SL,15,1,1,0,
700371,DP-2037,CB-1130,SL,0,0,0,0,
700373,DP-2037,LD-0850,SM,10,1,0,0,
700377,KC-2350,DJ-0200,DM,0,0,0,0,
700381,DP-2037,DB-5300,SL,0,0,0,0,WC-0300
700382,DP-2037,LD-0850,SL,16,1,1,0,
700384,DP-2037,EE-0250,SM,3,1,1,0,
700388,DP-2037,JW-6000,SM,0,0,0,0,DH-0700
700392,KC-2350,PG-0100,SR,0,0,0,0,
700393,KC-2350,JR-1150,SM,15,1,1,0,
700396,KC-2350,JC-5680,SR,6,1,0,0,
700397,KC-2350,JR-1150,SL,9,1,1,0,
700398,KC-2350,DJ-0200,DL,0,0,0,0,
700399,KC-2350,VD-0100,SL,10,1,1,0,
700400,KC-2350,JC-5680,DR,0,0,0,0,MC-2150
700401,KC-2350,JR-1150,SM,0,0,0,0,SL-0500
700402,KC-2350,CT-1220,SM,9,1,0,0,
700408,KC-2350,PG-0100,DL,16,1,1,0,
700409,KC-2350,VD-0100,SM,32,1,1,0,
700410,KC-2350,DJ-0200,SR,0,1,0,0,
700412,KC-2350,RG-1650,SR,5,1,1,0,
700413,KC-2350,JD-2350,SR,0,0,0,0,
700414,KC-2350,JC-5680,SM,11,1,1,0,
700417,DP-2037,JW-6000,SR,14,1,1,0,
700420,DP-2037,KS-1450,SL,5,1,1,0,
700424,DP-2037,DB-5300,DL,16,1,1,0,
700425,DP-2037,DB-5300,SL,0,0,0,0,BB-2725
700429,KC-2350,VD-0100,SR,6,1,1,0,
700433,KC-2350,VD-0100,SR,-1,1,0,0,
700434,KC-2350,,NL,0,0,0,0,
700437,DP-2037,DB-5300,SL,9,1,1,0,
700439,KC-2350,NP-0100,SM,16,1,1,0,
700442,KC-2350,JD-2350,SL,0,0,0,0,BC-0500
700443,KC-2350,PG-0100,SR,0,0,0,0,
700448,DP-2037,CB-1130,SL,10,1,0,0,
700450,KC-2350,JD-2350,DL,57,1,1,0,
700452,KC-2350,JR-1150,SR,13,1,1,0,
700453,KC-2350,JD-2350,SR,0,0,0,0,
700454,KC-2350,JR-1150,SR,0,0,0,0,
700455,KC-2350,PG-0100,SM,0,0,0,0,
700457,DP-2037,DB-5300,SM,21,1,1,0,
700458,DP-2037,CB-1130,SM,14,1,1,0,
700460,DP-2037,GS-1400,SR,1,1,0,0,
700464,DP-2037,DB-5300,SM,0,0,0,0,JN-1750
700465,DP-2037,CB-1130,SL,12,1,1,0,
700466,DP-2037,JW-6000,SL,8,1,1,0,
700471,KC-2350,JC-5680,SR,5,1,1,0,
700472,KC-2350,JC-5680,SL,2,1,1,0,
700473,KC-2350,CT-1220,SL,0,0,0,0,
700474,KC-2350,JC-5680,SM,9,1,1,0,
700476,KC-2350,PG-0100,SR,0,0,0,0,JD-3300
700481,KC-2350,JR-1150,SL,8,1,1,0,
700483,KC-2350,CT-1220,SM,38,1,1,0,
700484,KC-2350,,NL,0,0,0,1,
700485,KC-2350,JC-5680,SL,6,1,1,0,
700486,KC-2350,CT-1220,SL,10,1,1,0,
700488,KC-2350,JD-2350,DL,0,0,0,0,JW-3050
700490,BO-0650,CF-0375,SR,1,1,0,0,
700492,BO-0650,WF-0300,SL,17,1,1,0,
700494,BO-0650,WF-0300,DR,53,1,1,0,
700495,BO-0650,DH-3950,SR,0,0,0,0,
700497,BO-0650,BM-2350,SR,0,0,0,0,
700498,AS-1600,TK-0150,SR,5,1,1,0,
700499,AS-1600,CC-3950,SL,5,1,1,0,
700500,AS-1600,TK-0150,SM,11,1,1,0,
700501,AS-1600,JM-0200,SR,0,0,0,0,JC-3350
700504,BO-0650,DH-3950,DR,27,1,1,0,
700510,AS-1600,TK-0150,SR,0,0,0,0,AB-2250
700513,BO-0650,DH-3950,SL,6,1,0,0,
700514,BO-0650,WF-0300,DL,0,0,0,0,PG-0050
700518,AS-1600,JM-0200,SR,0,0,0,0,
700519,AS-1600,JM-0200,DR,0,0,0,0,
700522,BO-0650,BM-2350,SR,3,1,0,0,
700525,AS-1600,JM-0200,DL,0,0,0,0,JJ-5000
700526,AS-1600,CW-1450,SR,2,1,0,0,
700530,BO-0650,RG-1870,SM,0,0,0,0,RP-0200
700532,BO-0650,BM-2350,SL,0,0,0,0,
700534,AS-1600,JM-0200,SR,0,0,0,0,
700536,AS-1600,TH-1750,SR,5,1,1,0,
700539,AS-1600,DH-1450,DM,0,0,0,0,
700543,BO-0650,DH-3950,SL,14,1,1,0,
700545,BO-0650,SA-0850,SR,8,1,1,0,
700546,BO-0650,SA-0850,SR,7,1,1,0,
700549,BO-0650,LM-1150,SM,9,1,1,0,
700550,BO-0650,RG-1870,SM,5,1,1,0,
700551,BO-0650,WF-0300,DR,0,0,0,0,
700553,BO-0650,LM-1150,SR,5,1,0,0,
700554,BO-0650,DH-3950,SL,0,0,0,0,
700559,AS-1600,TK-0150,SL,8,1,1,0,
700560,AS-1600,JM-0200,SR,13,1,1,0,
700564,BO-0650,JS-7075,SM,0,0,0,0,MP-0950
700569,AS-1600,AW-1650,SR,4,1,0,0,
700571,AS-1600,CC-3950,DM,0,0,0,0,
700573,BO-0650,JG-3850,SR,0,0,0,0,
700574,BO-0650,SA-0850,SR,0,0,0,0,
700583,BO-0650,WF-0300,SL,20,1,1,0,
700586,BO-0650,DH-3950,SM,0,0,0,0,MP-0950
700589,AS-1600,JM-0200,DL,0,0,0,0,JJ-5000
700591,AS-1600,TH-1750,SL,3,1,0,0,
700594,BO-0650,WF-0300,DL,0,0,0,0,
700598,AS-1600,JM-0200,SL,0,0,0,0,KJ-0650
700599,AS-1600,CW-1450,SM,0,0,0,0,
700602,BO-0650,DH-3950,DM,35,1,1,0,
700603,BO-0650,DH-3950,SR,0,0,0,0,
700606,AS-1600,JM-0200,SR,-1,1,0,0,
700607,AS-1600,AW-1650,SL,7,1,0,0,
700614,BO-0650,DH-3950,SR,6,1,1,0,
700616,BO-0650,WF-0300,SL,14,1,1,0,
700619,BO-0650,JG-3850,SR,0,0,0,0,DF-1350
700622,AS-1600,SW-0350,DR,34,1,1,0,
700623,AS-1600,JM-0200,SM,0,0,0,0,
700624,AS-1600,AW-1650,SM,0,0,0,0,KJ-0100
700625,AS-1600,JM-0200,SM,16,1,1,0,
700626,AS-1600,CC-3950,SL,0,0,0,0,
700628,AS-1600,SW-0350,SR,0,0,0,0,
700632,BO-0650,DH-3950,SR,9,1,1,0,
700637,BO-0650,JG-3850,SL,13,1,1,0,
700641,BO-0650,DH-3950,DM,16,1,0,0,
700644,AS-1600,TK-0150,SM,3,1,0,0,
700645,AS-1600,CC-3950,SL,10,1,1,0,
700646,AS-1600,SW-0350,SM,14,1,1,0,
700647,AS-1600,TK-0150,SR,7,1,1,0,
700648,AS-1600,JM-0200,DR,17,1,1,0,
700650,AS-1600,JM-0200,SL,10,1,1,0,
700651,AS-1600,TK-0150,SL,0,0,0,0,AB-2250
700654,AS-1600,JM-0200,SM,13,1,1,0,
700655,AS-1600,JM-0200,SL,0,0,0,0,
700661,JG-0650,JE-0100,SM,13,1,1,0,
700664,JG-0650,DF-1375,SR,2,1,0,0,
700665,JG-0650,JE-0100,SL,11,1,1,0,
700666,JG-0650,MB-1800,SR,26,1,1,0,
700668,JG-0650,DA-0900,SM,12,1,1,0,
700673,RT-0150,KS-2350,DR,0,0,0,0,
700674,RT-0150,JC-0400,SR,0,0,0,0,
700676,JG-0650,CH-3350,SR,19,1,1,0,
700677,JG-0650,JE-0100,SL,9,1,1,0,
700679,JG-0650,CH-3350,DM,24,1,1,0,
700681,JG-0650,JW-2550,SM,0,0,0,0,JJ-1620
700682,JG-0650,MB-1800,DM,20,1,1,0,
700689,JG-0650,JE-0100,SM,9,1,1,0,
700691,JG-0650,MS-2100,DM,0,0,0,0,
700692,JG-0650,DA-0900,SM,13,1,1,0,
700694,JG-0650,CH-3350,DL,0,0,0,0,
700695,JG-0650,JE-0100,SM,19,1,1,0,
700700,JG-0650,JE-0100,SL,8,1,1,0,
700701,JG-0650,DA-0900,SM,10,1,1,0,
700705,RT-0150,KD-1462,SL,4,1,0,0,
700706,RT-0150,JC-0400,DL,0,0,0,0,
700708,JG-0650,CH-3350,SL,4,1,1,0,
700710,JG-0650,JW-2550,DL,0,0,0,0,
700713,RT-0150,JL-0215,SM,21,1,1,0,
700714,RT-0150,DP-0350,DL,0,0,0,0,DM-1300
700718,JG-0650,MM-3450,SL,0,0,0,0,
700719,JG-0650,JW-2550,SL,5,1,0,0,
700722,JG-0650,JE-0100,DR,0,0,0,0,
700723,JG-0650,DA-0900,SM,15,1,0,0,
700724,RT-0150,DP-0350,DR,0,0,0,0,
700725,RT-0150,JL-0215,SL,6,1,0,0,
700726,JG-0650,DF-1375,SR,0,0,0,0,
700727,JG-0650,JE-0100,SL,0,0,0,0,
700728,JG-0650,MB-1800,SR,0,0,0,0,
700730,JG-0650,MM-3450,SR,15,1,1,0,
700733,JB-5725,JE-0100,SR,0,0,0,0,
700737,RT-0150,JC-0400,SL,13,1,1,0,
700738,RT-0150,JA-0450,SR,8,1,1,0,
700739,RT-0150,JL-0215,SM,0,0,0,0,
700742,JB-5725,JE-0100,SL,0,0,0,0,
700745,RT-0150,JA-0450,SR,7,1,1,0,
700746,RT-0150,DP-0350,SR,0,0,0,0,MB-5250
700747,RT-0150,JL-0215,SL,6,1,1,0,
700748,RT-0150,JC-0400,SR,5,1,1,0,
700750,RT-0150,DS-2170,SL,21,1,1,0,
700751,RT-0150,JL-0215,DR,25,1,1,0,
700752,RT-0150,DP-0350,SR,0,0,0,0,
700756,RT-0150,JC-0400,SR,12,1,1,0,
700757,RT-0150,JL-0215,SM,7,1,1,0,
700758,RT-0150,DP-0350,SL,18,1,1,0,
700760,RT-0150,DP-0350,SM,13,1,1,0,
700762,JB-5725,MB-1800,SL,37,1,1,0,
700765,JB-5725,MB-1800,SR,15,1,1,0,
700766,JB-5725,JE-0100,SR,7,1,1,0,
700770,RT-0150,DP-0350,SR,5,1,1,0,
700771,RT-0150,DP-0350,DR,28,1,1,0,
700772,RT-0150,KD-1462,SR,2,1,0,0,
700773,RT-0150,JL-0215,SL,0,0,0,0,
700774,RT-0150,JA-0450,SR,11,1,1,0,
700775,RT-0150,DP-0350,SR,5,1,1,0,
700776,RT-0150,KS-2350,DL,24,1,1,0,
700784,JB-5725,JW-2550,SL,5,1,0,0,
700787,RT-0150,DP-0350,SR,4,1,1,0,
700788,RT-0150,JL-0215,DL,33,1,1,0,
700789,RT-0150,JL-0215,SL,14,1,1,0,
700791,RT-0150,JC-0400,SM,12,1,1,0,
700796,JB-5725,CH-3350,SL,12,1,1,0,
700802,RT-0150,JC-0400,SM,7,1,1,0,
700804,RT-0150,JL-0215,SL,5,1,1,0,
700805,RT-0150,DP-0350,SM,13,1,1,0,
700806,RT-0150,JL-0215,SL,15,1,1,0,
700807,RT-0150,JA-0450,SR,5,1,1,0,
700808,RT-0150,KS-2350,SL,15,1,1,0,
700815,JB-5725,CH-3350,SR,0,0,0,0,
700819,JB-5725,MB-1800,SR,16,1,1,0,
700826,RT-0150,DP-0350,SM,20,1,1,0,
700827,RT-0150,JL-0215,SM,0,0,0,0,CL-1400
700829,RT-0150,,NL,0,0,0,1,
700830,RT-0150,JL-0215,SR,5,1,0,0,
700831,RT-0150,KS-2350,DR,0,0,0,0,
700832,RT-0150,DP-0350,DL,0,0,0,0,
700836,DB-3800,WS-0925,SL,13,1,1,0,
700839,DB-3800,CF-0650,DR,0,0,0,0,
700841,EM-0200,SS-1250,SM,5,1,1,0,
700843,EM-0200,VC-0300,SR,0,0,0,0,PW-0850
700850,EM-0200,WT-0600,SL,5,1,1,0,
700852,EM-0200,OB-0075,SM,13,1,1,0,
700854,EM-0200,LD-0650,SR,6,1,1,0,
700857,EM-0200,SS-1250,SM,6,1,0,0,
700859,EM-0200,OB-0075,SL,13,1,1,0,
700860,EM-0200,SV-0200,SL,3,1,0,0,
700862,EM-0200,LD-0650,SL,0,0,0,0,
700863,EM-0200,OB-0075,SM,0,0,0,0,SM-3000
700865,DB-3800,BC-2325,SL,5,1,1,0,
700866,DB-3800,WS-0925,SL,0,0,0,0,
700868,EM-0200,OB-0075,SL,8,1,1,0,
700869,EM-0200,OB-0075,SL,5,1,1,0,
700870,EM-0200,RJ-0800,SL,6,1,1,0,
700872,EM-0200,OB-0075,SL,6,1,1,0,
700875,DB-3800,JK-2200,SR,5,1,1,0,
700877,DB-3800,CF-0650,SM,0,0,0,0,JC-1800
700878,DB-3800,MI-0100,SR,5,1,0,0,
700882,EM-0200,LD-0650,SM,12,1,1,0,
700885,EM-0200,VC-0300,SR,40,1,0,0,
700886,DB-3800,CF-0650,SR,8,1,1,0,
700889,DB-3800,WS-0925,DL,0,0,0,0,
700890,DB-3800,TL-0825,SL,-1,1,0,0,
700894,EM-0200,VC-0300,SL,6,1,1,0,
700895,EM-0200,WT-0600,SM,5,1,1,0,
700899,DB-3800,CF-0650,DR,0,0,0,0,
700900,DB-3800,BC-2325,SM,5,1,0,0,
700901,DB-3800,TC-0050,SL,10,1,0,0,
700906,DB-3800,BC-2325,SM,0,0,0,0,JP-2900
700907,DB-3800,MT-0875,SM,17,1,1,0,
700908,DB-3800,MT-0875,SM,23,1,1,0,
700909,DB-3800,WS-0925,SR,4,1,1,0,
700910,DB-3800,BC-1850,SL,5,1,1,0,
700911,DB-3800,WS-0925,SL,5,1,1,0,
700912,DB-3800,CF-0650,SL,0,0,0,0,
700913,DB-3800,MI-0100,SM,-3,1,0,0,
700915,DB-3800,TC-0050,SL,7,1,0,0,
700921,EM-0200,LD-0650,SL,1,1,0,0,
700922,EM-0200,SS-1250,SM,18,1,1,0,
700923,EM-0200,OB-0075,SM,17,1,1,0,
700925,EM-0200,VC-0300,SL,0,0,0,0,
700926,EM-0200,SS-1250,SM,4,1,0,0,
700928,DB-3800,MT-0875,SR,0,0,0,0,JJ-1550
700929,DB-3800,BC-2325,SL,11,1,1,0,
700931,DB-3800,MI-0100,SL,2,1,0,0,
700932,DB-3800,CF-0650,SL,0,0,0,0,
700935,EM-0200,WT-0600,SR,0,0,0,0,
700936,EM-0200,SV-0200,SR,12,1,1,0,
700938,EM-0200,OB-0075,SL,14,1,1,0,
700941,EM-0200,SS-1250,DR,32,1,1,0,
700945,EM-0200,RJ-0800,SR,7,1,0,0,
700946,EM-0200,OB-0075,SL,0,0,0,0,
700949,DB-3800,CF-0650,SR,0,0,0,0,KS-0800
700950,DB-3800,JK-2200,SL,3,1,0,0,
700951,DB-3800,WS-0925,SM,15,1,1,0,
700953,DB-3800,BC-2325,SL,12,1,1,0,
700954,DB-3800,MI-0100,SR,13,1,1,0,
700955,DB-3800,BC-2325,SL,3,1,0,0,
700956,DB-3800,MT-0875,SL,8,1,1,0,
700957,DB-3800,WS-0925,DM,17,1,1,0,
700960,EM-0200,SS-1250,SM,14,1,1,0,
700961,EM-0200,OB-0075,SL,10,1,1,0,
700963,EM-0200,OD-0200,SR,3,1,0,0,
700964,EM-0200,SS-1250,SM,32,1,1,0,
700965,EM-0200,SV-0200,SM,9,1,1,0,
700969,EM-0200,VC-0300,SR,0,0,0,0,CJ-2400
700972,DB-3800,CF-0650,DL,21,1,1,0,
700973,DB-3800,WS-0925,SM,0,0,0,0,KR-0950
700974,DB-3800,BC-2325,DR,0,0,0,0,EA-0575
700976,DB-3800,BC-1850,DL,0,0,0,0,JJ-1550
700978,EM-0200,LD-0650,SR,5,1,1,0,
700980,EM-0200,VC-0300,DL,0,0,0,0,KC-2550
700982,DB-3800,BC-2325,SL,14,1,1,0,
700983,DB-3800,MT-0875,SR,8,1,1,0,
700984,DB-3800,BC-1850,SM,10,1,1,0,
700987,DB-3800,BC-2325,DR,18,1,1,0,
700989,DB-3800,TC-0050,SR,0,0,0,0,
700990,DB-3800,BC-1850,DR,0,0,0,0,
700996,EM-0200,VC-0300,SR,11,1,1,0,
700997,EM-0200,SS-1250,SM,6,1,1,0,
700999,EM-0200,OB-0075,DL,0,0,0,0,
701000,EM-0200,VC-0300,DR,34,1,1,0,
701007,CN-0500,ED-0400,SM,0,0,0,0,NB-0400
701013,BG-0100,TS-2300,SR,0,0,0,0,
701018,CN-0500,JS-6700,SL,7,1,1,0,
701019,CN-0500,JS-6700,SL,0,1,0,0,
701020,CN-0500,CB-3850,SR,8,1,1,0,
701029,CN-0500,GO-0100,DR,0,0,0,0,
701035,BG-0100,JK-1000,SR,12,1,1,0,
701036,BG-0100,TS-2300,DL,20,1,1,0,
701038,BG-0100,QP-0050,SR,9,1,1,0,
701039,BG-0100,GC-0350,DR,0,0,0,0,
701041,BG-0100,AB-3862,DR,0,0,0,0,
701044,CN-0500,KB-0950,SL,9,1,1,0,
701045,CN-0500,FW-0750,SR,24,1,1,0,
701046,CN-0500,FW-0750,SM,0,0,0,0,
701051,BG-0100,RS-3250,SM,13,1,1,0,
701054,BG-0100,TS-2300,DR,28,1,1,0,
701057,CN-0500,GO-0100,DR,78,1,1,0,
701061,BG-0100,JK-1000,SR,4,1,0,0,
701062,BG-0100,JK-1000,SL,0,0,0,0,
701065,CN-0500,FW-0750,SR,5,1,1,0,
701069,CN-0500,CB-3850,DL,0,0,0,0,
701070,CN-0500,DF-2200,SR,0,0,0,0,
701072,BG-0100,GC-0350,SR,12,1,1,0,
701075,BG-0100,JK-1000,SR,13,1,1,0,
701076,BG-0100,TS-2300,DM,0,0,0,0,
701078,BG-0100,RS-3250,SL,0,0,0,0,
701080,CN-0500,TG-0900,SM,0,0,0,0,
701082,CN-0500,MT-1300,SR,0,0,0,0,
701084,CN-0500,TG-0900,SL,-1,1,0,0,
701091,CN-0500,KB-0950,DM,17,1,1,0,
701093,CN-0500,,NL,0,0,0,1,
701094,CN-0500,GO-0100,DL,0,0,0,0,KR-0325
701095,CN-0500,DF-2200,SL,0,0,0,0,
701100,BG-0100,TS-2300,DR,0,0,0,0,
701101,BG-0100,CH-5000,SL,-1,1,0,0,
701105,CN-0500,KB-0950,SL,13,1,1,0,
701106,CN-0500,FW-0750,SL,2,1,0,0,
701108,CN-0500,TG-0900,SM,0,0,0,0,
701109,CN-0500,CB-3850,SR,3,1,0,0,
701110,CN-0500,KB-0950,DR,25,1,1,0,
701112,CN-0500,KB-0950,SR,10,1,1,0,
701116,BG-0100,TS-2300,SR,0,0,0,0,
701117,BG-0100,QP-0050,SL,0,0,0,0,DW-4750
701119,CN-0500,TG-0900,DR,52,1,1,0,
701120,CN-0500,DF-2200,SR,3,1,0,0,
701122,CN-0500,GO-0100,SL,12,1,1,0,
701124,CN-0500,KB-0950,SL,9,1,1,0,
701127,BG-0100,CH-5000,SL,13,1,1,0,
701128,BG-0100,CH-5000,SL,6,1,1,0,
701129,BG-0100,TS-2300,SR,7,1,1,0,
701130,BG-0100,QP-0050,SL,11,1,1,0,
701132,BG-0100,JK-1000,DR,0,0,0,0,
701134,BG-0100,TS-2300,SR,0,0,0,0,JB-4975
701137,CN-0500,GO-0100,SL,0,0,0,0,
701143,BG-0100,QP-0050,SL,0,0,0,0,BB-1750
701151,CN-0500,CB-3850,SR,4,1,1,0,
701152,CN-0500,GO-0100,SR,9,1,1,0,
701156,CN-0500,CB-3850,SR,0,0,0,0,AB-3100
701160,BG-0100,QP-0050,NL,0,0,0,0,LE-0050
701161,BG-0100,VM-0250,SL,75,1,1,0,
701164,CN-0500,CB-3850,SR,0,0,0,0,
701165,CN-0500,KB-0950,SL,0,0,0,0,
701166,CN-0500,KB-0950,DM,25,1,1,0,
701168,CN-0500,GO-0100,SR,11,1,1,0,
701171,CN-0500,KB-0950,DR,0,0,0,0,TB-2700
701174,BG-0100,VM-0250,DM,0,0,0,0,
701175,BG-0100,JK-1000,SM,0,0,0,0,
701176,CN-0500,GO-0100,SR,12,1,1,0,
701179,CN-0500,DF-2200,DR,16,1,1,0,
701182,BG-0100,TS-2300,SR,0,0,0,0,
701183,BG-0100,SD-0800,SL,0,0,0,0,
701184,BG-0100,BB-1550,SM,0,0,0,0,
701185,BG-0100,TS-2300,DR,0,0,0,0,
701193,BG-0100,BB-1550,SM,6,1,1,0,
701194,BG-0100,QP-0050,SL,5,1,1,0,
701195,BG-0100,MD-0150,SM,10,1,1,0,
701200,MM-0912,DM-4300,SR,7,1,1,0,
701203,MM-0912,DW-0500,DL,32,1,1,0,
701210,MS-4100,AB-2000,SM,0,0,0,0,SS-2450
701211,MS-4100,GT-0100,DR,0,0,0,0,
701217,MS-4100,MJ-2250,DL,30,1,1,0,
701218,MS-4100,AB-2000,SR,12,1,1,0,
701220,MS-4100,EE-0050,SL,6,1,1,0,
701223,MS-4100,EE-0050,DR,0,0,0,0,DS-1400
701224,MS-4100,AB-2000,DL,24,1,1,0,
701227,MM-0912,AF-0200,SR,1,1,0,0,
701228,MM-0912,DW-0500,SL,8,1,1,0,
701230,MM-0912,DW-0500,SR,-1,1,0,0,
701231,MM-0912,AJ-0900,SL,0,0,0,0,
701233,MM-0912,DW-0500,SR,5,1,1,0,
701236,MM-0912,TS-1262,SL,11,1,1,0,
701237,MM-0912,AF-0200,DL,0,0,0,0,
701239,MM-0912,DM-4300,SR,3,1,0,0,
701240,MM-0912,DM-4300,SM,8,1,0,0,
701244,MS-4100,MJ-2250,SR,0,0,0,0,
701245,MS-4100,AB-2000,SR,6,1,1,0,
701247,MS-4100,GT-0100,DL,0,0,0,0,
701248,MS-4100,TR-0370,SR,12,1,1,0,
701251,MS-4100,MJ-2250,SR,9,1,1,0,
701256,MM-0912,AF-0200,SR,0,0,0,0,AR-1115
701260,MS-4100,MJ-2250,SR,4,1,0,0,
701261,MS-4100,MJ-2250,SR,9,1,1,0,
701264,MS-4100,AB-2000,SL,0,0,0,0,
701266,MS-4100,MJ-2250,SR,47,1,1,0,
701271,MS-4100,GT-0100,SL,5,1,0,0,
701272,MS-4100,MJ-2250,DR,0,0,0,0,
701273,MS-4100,,NL,0,0,0,0,
701277,MM-0912,RM-1500,SL,0,0,0,0,NL-0250
701278,MM-0912,RM-1500,SM,7,1,1,0,
701284,MS-4100,MJ-2250,SL,8,1,1,0,
701287,MS-4100,AB-2000,SM,6,1,0,0,
701288,MS-4100,GT-0100,SR,0,0,0,0,
701290,MM-0912,TS-1262,SL,0,0,0,0,NL-0250
701293,MM-0912,TS-1262,SM,12,1,1,0,
701294,MM-0912,DW-0500,SR,9,1,1,0,
701296,MM-0912,RM-1500,DR,0,0,0,0,
701299,MS-4100,EE-0050,SR,11,1,1,0,
701301,MS-4100,MJ-2250,DL,0,0,0,0,
701302,MS-4100,EE-0050,SR,7,1,1,0,
701305,MS-4100,GT-0100,DR,0,0,0,0,
701311,MS-4100,MJ-2250,SL,1,1,0,0,
701312,MS-4100,TR-0370,SL,0,0,0,0,
701313,MS-4100,EE-0050,SL,0,0,0,0,DS-3450
701316,MM-0912,RM-1500,DM,20,1,1,0,
701319,MM-0912,DH-2450,SL,9,1,1,0,
701321,MM-0912,DW-0500,DL,30,1,1,0,
701324,MS-4100,TR-0370,SL,8,1,1,0,
701325,MS-4100,MJ-2250,SR,10,1,1,0,
701329,MS-4100,GT-0100,DL,0,0,0,0,JM-2800
701330,MS-4100,TR-0370,SL,8,1,0,0,
701335,MM-0912,TS-1262,DM,0,0,0,0,
701336,MM-0912,RM-1500,SR,3,1,0,0,
701337,MM-0912,TS-1262,SM,0,0,0,0,DS-2250
701339,MS-4100,GT-0100,SL,8,1,1,0,
701341,MS-4100,GT-0100,DR,0,0,0,0,
701345,MM-0912,DM-4300,SR,4,1,0,0,
701346,MM-0912,TS-1262,SR,7,1,1,0,
701347,MM-0912,PS-0950,SL,7,1,1,0,
701349,MM-0912,DM-4300,SL,5,1,1,0,
701350,MM-0912,DM-4300,SL,22,1,1,0,
701351,MM-0912,RM-1500,SM,10,1,1,0,
701354,MM-0912,DM-4300,SM,7,1,0,0,
701355,MM-0912,TS-1262,SR,3,1,0,0,
701356,MM-0912,AJ-0900,SM,9,1,1,0,
701359,MS-4100,AB-2000,SL,0,0,0,0,BM-0800
701361,MS-4100,EE-0050,DM,29,1,1,0,
701362,MS-4100,GT-0100,SR,0,0,0,0,
701363,MS-4100,TR-0370,SL,0,1,0,0,
701364,MS-4100,EE-0050,SR,0,0,0,0,
701367,CK-0250,LK-0200,SR,4,1,1,0,
701368,CK-0250,KB-1900,SL,4,1,1,0,
701369,CK-0250,KB-1900,SL,7,1,1,0,
701370,CK-0250,TA-1050,DR,0,0,0,0,
701372,CK-0250,TA-1050,DR,17,1,1,0,
701374,CK-0250,LK-0200,SL,8,1,1,0,
701375,CK-0250,LK-0200,SL,0,0,0,0,
701380,RW-3850,CM-2280,SL,7,1,0,0,
701384,CK-0250,TA-1050,SR,0,0,0,0,
701385,CK-0250,BC-3070,SM,7,1,0,0,
701387,RW-3850,TR-0112,SR,2,1,0,0,
701390,RW-3850,DB-0500,SL,7,1,1,0,
701391,RW-3850,TL-1025,DL,35,1,1,0,
701395,RW-3850,TL-1025,SM,7,1,1,0,
701398,RW-3850,TR-0112,SL,11,1,1,0,
701400,RW-3850,TL-1025,SR,4,1,0,0,
701402,RW-3850,WT-0400,SR,0,0,0,0,
701403,RW-3850,JK-0250,SL,0,0,0,0,LJ-1800
701406,CK-0250,KB-1900,SR,0,0,0,0,
701408,CK-0250,KB-1900,SL,0,0,0,0,
701411,RW-3850,DB-0500,SL,8,1,1,0,
701415,RW-3850,PR-0150,DL,0,0,0,0,TH-1650
701418,CK-0250,TA-1050,SL,0,0,0,0,
701419,CK-0250,TA-1050,SM,6,1,0,0,
701426,RW-3850,JK-0250,SL,0,0,0,0,
701427,RW-3850,PR-0150,SR,14,1,1,0,
701429,RW-3850,TR-0112,SL,2,1,0,0,
701430,RW-3850,JK-0250,SL,0,0,0,0,AO-0250
701432,CK-0250,TA-1050,DR,0,0,0,0,
701433,CK-0250,TG-1950,SL,19,1,1,0,
701436,CK-0250,LK-0200,DL,44,1,1,0,
701438,CK-0250,TA-1050,SR,-2,1,0,0,
701439,CK-0250,KB-1900,SR,0,0,0,0,
701442,RW-3850,JG-2900,SM,9,1,1,0,
701443,RW-3850,JG-2900,SM,17,1,1,0,
701444,RW-3850,JK-0250,SM,9,1,1,0,
701445,RW-3850,PR-0150,SL,0,0,0,0,MB-0650
701446,RW-3850,PR-0150,SL,8,1,1,0,
701447,RW-3850,JG-2900,SL,0,0,0,0,
701454,RW-3850,LW-1450,SR,6,1,0,0,
701458,CK-0250,KB-1900,DL,36,1,1,0,
701460,CK-0250,KB-1900,DR,0,0,0,0,
701470,RW-3850,JK-0250,DL,0,0,0,0,
701472,CK-0250,TA-1050,DL,27,1,1,0,
701474,CK-0250,BQ-0050,SL,8,1,1,0,
701476,CK-0250,KB-1900,DL,18,1,1,0,
701479,CK-0250,BC-3070,SL,0,0,0,0,
701483,RW-3850,JK-0250,SL,2,1,0,0,
701484,RW-3850,DB-0500,DL,0,0,0,0,
701487,CK-0250,LK-0200,DL,0,0,0,0,
701491,CK-0250,TA-1050,SL,2,1,0,0,
701496,RW-3850,JG-2900,SM,16,1,1,0,
701498,RW-3850,CM-2280,SL,13,1,1,0,
701499,RW-3850,PR-0150,SL,13,1,1,0,
701500,RW-3850,PR-0150,DL,0,0,0,0,
701501,RW-3850,DB-0500,SR,0,0,0,0,
701502,RW-3850,DB-0500,SR,0,0,0,0,LJ-1800
701505,CK-0250,KB-1900,SL,18,1,1,0,
701508,CK-0250,KB-1900,SR,11,1,1,0,
701511,CK-0250,,NL,0,0,0,0,TM-1700
701515,CK-0250,LK-0200,SL,5,1,0,0,
701517,RW-3850,TL-1025,DL,53,1,1,0,
701518,RW-3850,CM-2280,SM,0,0,0,0,
701520,RW-3850,DB-0500,SR,5,1,0,0,
701521,RW-3850,CM-2280,SR,6,1,0,0,
701525,CP-0500,LF-0200,SR,4,1,1,0,
701526,CP-0500,MF-0950,SR,7,1,1,0,
701528,CP-0500,LF-0200,SL,0,0,0,0,AV-0300
701529,CP-0500,MF-0950,DL,0,0,0,0,AV-0300
701531,JW-5650,ME-0600,SL,8,1,1,0,
701535,JW-5650,AH-3862,SR,7,1,1,0,
701536,JW-5650,,NL,0,0,0,0,
701537,CP-0500,JB-6950,DL,0,0,0,0,
701539,CP-0500,MF-0950,DR,0,0,0,0,
701541,CP-0500,DF-0550,SM,0,0,0,0,BM-1250
701544,JW-5650,ME-0600,SL,11,1,1,0,
701546,JW-5650,VJ-0100,DR,0,0,0,0,
701547,JW-5650,AH-3862,SR,15,1,1,0,
701549,JW-5650,VJ-0100,SM,0,0,0,0,CC-0200
701550,JW-5650,VJ-0100,DL,0,0,0,0,
701554,CP-0500,AE-0750,SM,9,1,1,0,
701556,CP-0500,LF-0200,DL,25,1,1,0,
701558,CP-0500,MF-0950,SL,0,0,0,0,
701559,CP-0500,LF-0200,SR,11,1,1,0,
701561,CP-0500,DF-0550,SL,7,1,1,0,
701563,CP-0500,LF-0200,SM,4,1,1,0,
701567,JW-5650,VJ-0100,DM,0,0,0,0,
701570,CP-0500,JG-3700,SL,0,0,0,0,
701572,CP-0500,MF-0950,SL,0,0,0,0,
701575,JW-5650,CS-1950,SR,2,1,0,0,
701576,JW-5650,ME-0600,SM,11,1,1,0,
701577,JW-5650,CS-1950,SR,-1,1,0,0,
701581,JW-5650,CS-1950,SL,3,1,0,0,
701582,JW-5650,AH-3862,SR,0,0,0,0,
701586,CP-0500,DF-0550,SR,4,1,0,0,
701588,JW-5650,AS-0550,SL,5,1,1,0,
701590,JW-5650,CB-2775,SR,15,1,1,0,
701591,JW-5650,CB-2775,SR,1,1,0,0,
701592,JW-5650,,NL,-3,0,0,0,
701593,CP-0500,LF-0200,DR,0,0,0,0,
701594,CP-0500,DJ-1325,SR,0,0,0,0,
701595,CP-0500,JB-6750,DR,27,1,1,0,
701596,CP-0500,DJ-1325,SL,16,1,1,0,
701597,CP-0500,LF-0200,DR,24,1,1,0,
701598,CP-0500,LF-0200,SR,0,0,0,0,
701599,CP-0500,LF-0200,SR,0,0,0,0,
701600,CP-0500,MF-0950,SM,1,1,1,0,
701603,JW-5650,CS-1500,DR,0,0,0,0,
701604,JW-5650,CB-2775,SM,0,0,0,0,
701605,JW-5650,AH-3862,DL,0,0,0,0,
701609,CP-0500,JB-6950,SL,14,1,1,0,
701610,CP-0500,DF-0550,SR,9,1,1,0,
701611,CP-0500,JB-6750,DL,51,1,1,0,
701618,JW-5650,AH-3862,SL,9,1,1,0,
701620,JW-5650,AH-3862,SL,5,1,1,0,
701621,JW-5650,ME-0600,SL,0,0,0,0,
701622,JW-5650,AS-0550,SL,9,1,1,0,
701624,JW-5650,AH-3862,SR,24,1,1,0,
701626,JW-5650,RS-0975,SL,10,1,1,0,
701627,JW-5650,ME-0600,DL,0,0,0,0,
701629,JW-5650,ME-0600,DL,19,1,1,0,
701632,CP-0500,DJ-1325,SR,58,1,1,0,
701634,CP-0500,DJ-1325,DR,0,0,0,0,
701639,JW-5650,VJ-0100,SM,15,1,1,0,
701640,JW-5650,ME-0600,SR,0,0,0,0,
701641,JW-5650,ME-0600,SM,10,1,1,0,
701643,JW-5650,CS-1500,SM,12,1,1,0,
701644,JW-5650,CS-1950,SL,0,0,0,0,JM-1650
701649,JW-5650,AH-3862,SL,7,1,1,0,
701651,JW-5650,VJ-0100,SL,4,1,1,0,
701652,JW-5650,ME-0600,SR,0,0,0,0,MC-2570
701653,JW-5650,VJ-0100,DM,0,0,0,0,TB-2400
701657,CP-0500,DJ-1325,SL,24,1,1,0,
701658,CP-0500,LF-0200,SL,13,1,1,0,
701666,JW-5650,VJ-0100,SR,12,1,1,0,
701667,JW-5650,ME-0600,DL,0,0,0,0,
701669,JW-5650,ME-0600,SR,0,0,0,0,
701672,DS-3800,TN-0550,SR,0,0,0,0,
701673,DS-3800,JB-6950,SL,0,0,0,0,
701675,JW-5650,,NL,0,0,0,0,
701676,JW-5650,ME-0600,SM,11,1,1,0,
701677,JW-5650,CS-1950,SR,0,0,0,0,
701678,JW-5650,ME-0600,DR,0,0,0,0,
701679,JW-5650,JR-2800,SR,0,0,0,0,
701683,DS-3800,DF-0550,SM,11,1,1,0,
701686,DS-3800,LF-0200,SM,0,0,0,0,
701688,JW-5650,VJ-0100,SL,13,1,1,0,
701689,JW-5650,CB-2775,SR,0,1,0,0,
701690,JW-5650,ME-0600,SM,0,0,0,0,
701691,JW-5650,ME-0600,DR,0,0,0,0,
701697,JW-5650,RS-0975,SL,6,1,1,0,
701698,JW-5650,ME-0600,SM,0,0,0,0,
701701,JW-5650,ME-0600,DR,0,0,0,0,
701703,MR-2500,JJ-4700,SR,9,1,1,0,
701706,MR-2500,JT-0300,SM,14,1,1,0,
701712,MR-2500,JH-1350,SM,0,0,0,0,JW-0725
701713,MR-2500,JT-0300,SM,0,0,0,0,
701715,DC-0725,LS-1550,SR,7,1,1,0,
701718,DC-0725,LS-1550,SR,1,1,0,0,
701719,DC-0725,CW-0225,SR,2,1,0,0,
701721,MR-2500,AR-1200,SM,0,0,0,0,DA-0950
701723,MR-2500,TG-0025,SR,11,1,1,0,
701726,MR-2500,JH-1350,SL,0,0,0,0,DA-0950
701728,DC-0725,AC-2350,SL,5,1,1,0,
701729,DC-0725,AC-2350,SL,0,0,0,0,
701733,DC-0725,AC-2350,SM,0,0,0,0,DT-1970
701737,MR-2500,JT-0300,SR,15,1,1,0,
701739,MR-2500,AH-3650,SL,6,1,1,0,
701740,MR-2500,AR-1200,DR,20,1,1,0,
701741,MR-2500,LT-0550,SL,16,1,1,0,
701744,MR-2500,MS-0150,SL,2,1,0,0,
701747,DC-0725,MC-2900,SM,10,1,1,0,
701749,DC-0725,LM-1850,SR,10,1,1,0,
701751,DC-0725,SR-0750,SL,3,1,0,0,
701752,DC-0725,AC-2350,DM,25,1,1,0,
701757,MR-2500,JT-0300,SM,13,1,1,0,
701758,MR-2500,MS-0150,DL,0,0,0,0,
701759,MR-2500,JT-0300,SM,19,1,1,0,
701760,MR-2500,JT-0300,SL,0,0,0,0,
701761,MR-2500,MS-0150,SM,0,0,0,0,
701762,MR-2500,AR-1200,SM,10,1,1,0,
701766,MR-2500,JJ-4700,SM,21,1,1,0,
701769,DC-0725,MC-2900,SL,9,1,1,0,
701771,DC-0725,DW-1350,SR,6,1,1,0,
701774,DC-0725,CW-0225,SR,3,1,0,0,
701778,MR-2500,TC-2050,SR,1,1,0,0,
701781,DC-0725,CW-0225,SR,4,1,1,0,
701782,DC-0725,LM-1850,SR,5,1,1,0,
701783,DC-0725,JH-5125,SR,4,1,1,0,
701784,DC-0725,LM-1850,SM,10,1,1,0,
701785,DC-0725,LS-1550,SR,4,1,1,0,
701786,DC-0725,CW-0225,SM,0,0,0,0,
701787,DC-0725,SR-0750,SR,8,1,1,0,
701790,DC-0725,MC-2900,SR,10,1,1,0,
701793,DC-0725,SR-0750,SR,0,0,0,0,
701797,DC-0725,LS-1550,SL,12,1,1,0,
701799,DC-0725,CW-0225,DL,31,1,1,0,
701803,MR-2500,AH-3650,DR,44,1,1,0,
701805,MR-2500,JT-0300,DM,0,0,0,0,
701809,DC-0725,JR-2075,SL,10,1,0,0,
701810,DC-0725,AC-2350,SL,9,1,1,0,
701811,DC-0725,MC-2900,SM,0,0,0,0,
701813,DC-0725,LM-1850,SM,3,1,0,0,
701815,MR-2500,TC-2050,SM,24,1,1,0,
701816,MR-2500,AH-3650,DL,34,1,1,0,
701817,MR-2500,TG-0025,SL,9,1,1,0,
701819,MR-2500,JT-0300,SM,14,1,1,0,
701822,DC-0725,CW-0225,SR,3,1,0,0,
701825,DC-0725,CW-0225,SR,7,1,1,0,
701829,DC-0725,LM-1850,SL,5,1,1,0,
701832,DC-0725,AC-2350,SR,0,0,0,0,KI-0150
701833,DC-0725,AH-3600,SR,0,0,0,0,
701834,DC-0725,MC-2900,SR,2,1,1,0,
701838,MR-2500,JJ-4700,SM,8,1,1,0,
701839,MR-2500,JJ-4700,DR,48,1,1,0,
701841,MR-2500,MS-0150,SR,2,1,0,0,
701842,MR-2500,JH-1350,SR,8,1,1,0,
701845,DC-0725,AH-3600,SR,0,0,0,0,
701850,DC-0725,AC-2350,DL,0,0,0,0,
701854,MR-2500,LT-0550,SM,5,1,1,0,
701855,MR-2500,JJ-4700,SM,20,1,1,0,
701860,DC-0725,SR-0750,DR,0,0,0,0,
701861,DC-0725,AC-2350,SL,16,1,1,0,
701862,DC-0725,LM-1850,SM,11,1,1,0,
701863,DC-0725,SR-0750,SM,14,1,1,0,
701864,DC-0725,JO-0550,SM,15,1,1,0,
701865,DC-0725,JO-0550,SM,13,1,1,0,
701866,DC-0725,SR-0750,SL,0,0,0,0,
701867,DC-0725,AH-3600,SR,6,1,1,0,
701871,MR-2500,TG-0025,SL,8,1,1,0,
701872,MR-2500,MS-0150,SM,15,1,1,0,
701877,DC-0725,AC-2350,SM,17,1,1,0,
701879,TS-1450,ES-0200,SR,6,1,1,0,
701880,TS-1450,ES-0200,SL,14,1,1,0,
701881,TS-1450,AJ-0375,SL,11,1,1,0,
701886,AL-1100,JD-2550,SL,0,0,0,0,
701887,AL-1100,TH-1850,SR,8,1,1,0,
701888,AL-1100,DM-2775,SR,9,1,1,0,
701894,TS-1450,ES-0200,SM,19,1,1,0,
701896,TS-1450,DT-0900,SL,44,1,1,0,
701898,TS-1450,ES-0200,SL,0,0,0,0,
701899,TS-1450,ES-0200,SL,0,0,0,0,
701902,AL-1100,TH-1850,DL,0,0,0,0,
701904,AL-1100,DM-2775,SL,0,0,0,0,
701906,TS-1450,DB-2950,SL,5,1,1,0,
701910,TS-1450,DT-0900,DL,0,0,0,0,
701912,AL-1100,DM-2775,SM,0,0,0,0,
701913,AL-1100,TH-1850,SL,16,1,1,0,
701915,AL-1100,PD-0800,DM,0,0,0,0,TW-0600
701916,AL-1100,TH-1850,SR,0,0,0,0,VM-0300
701918,TS-1450,DT-0900,SL,9,1,1,0,
701920,TS-1450,JT-1050,DM,20,1,1,0,
701927,AL-1100,PD-0800,SR,0,0,0,0,
701932,TS-1450,DT-0900,SL,17,1,1,0,
701934,TS-1450,ES-0200,SR,0,0,0,0,
701935,TS-1450,VG-0300,SM,16,1,1,0,
701936,TS-1450,CA-0750,SL,2,1,0,0,
701937,TS-1450,JN-1900,SR,9,1,1,0,
701938,TS-1450,ES-0200,SL,0,0,0,0,
701939,AL-1100,QB-0250,SR,7,1,1,0,
701941,AL-1100,DA-0850,DM,0,0,0,0,
701942,AL-1100,PD-0800,SM,0,0,0,0,JC-5630
701943,AL-1100,DA-0850,SM,13,1,1,0,
701945,AL-1100,DA-0850,DM,0,0,0,0,
701951,TS-1450,JN-1900,SM,9,1,1,0,
701953,TS-1450,KB-1050,SM,0,0,0,0,DJ-0500
701954,TS-1450,JN-1900,SL,0,0,0,0,
701955,TS-1450,CA-0750,SL,11,1,1,0,
701956,TS-1450,JN-1900,SM,6,1,1,0,
701957,TS-1450,CL-0275,SL,8,1,1,0,
701958,TS-1450,DT-0900,SL,9,1,1,0,
701959,TS-1450,DT-0900,SL,0,0,0,0,
701967,AL-1100,TH-1850,SR,0,0,0,0,
701968,AL-1100,TH-1850,SM,0,0,0,0,AT-0100
701974,AL-1100,PD-0800,DL,30,1,1,0,
701978,AL-1100,JD-2550,SR,3,1,1,0,
701979,AL-1100,RT-1950,SL,0,0,0,0,BM-0330
701984,TS-1450,CA-0750,SR,0,0,0,0,
701985,TS-1450,VG-0300,SL,12,1,1,0,
701986,TS-1450,CL-0275,SM,4,1,1,0,
702002,AL-1100,TH-1850,SM,0,0,0,0,
702003,AL-1100,JF-1250,SR,0,1,0,0,
702004,AL-1100,PD-0800,SR,0,0,0,0,
702007,AL-1100,JD-2550,SL,5,1,1,0,
702008,AL-1100,CR-1525,SR,0,0,0,0,DW-4250
702009,AL-1100,JF-1250,SL,4,1,0,0,
702015,TS-1450,CA-0750,SL,0,0,0,0,
702016,TS-1450,CA-0750,SL,6,1,0,0,
702018,AL-1100,FG-0200,SM,6,1,1,0,
702021,AL-1100,TH-1850,SR,0,0,0,0,
702022,AL-1100,JD-2550,SM,22,1,1,0,
702023,AL-1100,FG-0200,SM,6,1,1,0,
702024,AL-1100,TH-1850,SR,7,1,1,0,
702025,AL-1100,TH-1850,SR,0,0,0,0,
702027,AL-1100,JD-2550,SM,7,1,0,0,
702028,AL-1100,TH-1850,SM,10,1,1,0,
702029,AL-1100,,NL,0,0,0,0,
702030,AL-1100,FG-0200,SL,7,1,1,0,
702034,TS-1450,VG-0300,DM,18,1,1,0,
702036,TS-1450,ES-0200,SR,0,0,0,0,
702037,TS-1450,DT-0900,SL,11,1,1,0,
702047,AL-1100,JF-1250,SL,11,1,1,0,
702049,AL-1100,JF-1250,SL,8,1,1,0,
702050,AL-1100,JF-1250,SL,6,1,0,0,
702052,AL-1100,DA-0850,SM,12,1,1,0,
702057,PR-0300,AG-0500,SM,6,1,1,0,
702059,PR-0300,TB-1060,SL,11,1,1,0,
702068,BB-2425,TY-0150,SR,-2,1,0,0,
702069,BB-2425,ML-1500,SM,13,1,0,0,
702071,PR-0300,TB-1060,SR,9,1,1,0,
702075,PR-0300,DI-0075,SR,0,0,0,0,
702079,BB-2425,ML-0650,SM,0,0,0,0,
702081,PR-0300,DW-4300,SR,4,1,0,0,
702082,PR-0300,AG-0500,SR,7,1,1,0,
702085,PR-0300,TW-2875,SM,12,1,1,0,
702086,PR-0300,TB-1060,SL,6,1,1,0,
702089,BB-2425,AH-3900,DM,19,1,1,0,
702091,BB-2425,JT-2000,DM,0,0,0,0,
702092,BB-2425,ML-0650,SL,6,1,1,0,
702093,BB-2425,TY-0150,SL,-1,1,0,0,
702095,PR-0300,TB-1060,DR,43,1,1,0,
702097,PR-0300,AG-0500,SM,0,0,0,0,
702098,PR-0300,DI-0075,SR,7,1,0,0,
702100,PR-0300,AG-0500,SL,2,1,1,0,
702104,BB-2425,AR-1250,SL,0,0,0,0,
702105,BB-2425,RG-1812,SM,7,1,0,0,
702107,PR-0300,MG-1150,SM,4,1,1,0,
702114,PR-0300,TW-2875,SM,0,0,0,0,
702117,BB-2425,TY-0150,SR,7,1,1,0,
702119,BB-2425,TY-0150,SL,7,1,1,0,
702120,BB-2425,JT-2000,SM,22,1,1,0,
702121,BB-2425,RG-1812,DL,0,0,0,0,
702123,PR-0300,MG-1150,SL,3,1,0,0,
702126,BB-2425,JT-2000,SL,8,1,1,0,
702127,BB-2425,JT-2000,SL,24,1,1,0,
702128,BB-2425,ML-0650,SL,22,1,1,0,
702130,BB-2425,TY-0150,SR,-4,1,0,0,
702135,BB-2425,TY-0150,SR,8,1,0,0,
702140,PR-0300,TW-2875,SR,44,1,1,0,
702143,BB-2425,JT-2000,SM,17,1,1,0,
702144,BB-2425,ML-1500,SR,0,0,0,0,DP-1250
702146,BB-2425,TY-0150,SL,0,0,0,0,
702147,BB-2425,AR-1250,SL,0,0,0,0,
702150,PR-0300,TB-1060,SR,1,1,0,0,
702151,PR-0300,KF-0150,SL,0,0,0,0,
702154,BB-2425,AH-3900,DL,24,1,1,0,
702155,BB-2425,AH-3900,SR,0,0,0,0,JV-0425
702156,BB-2425,,NL,0,0,0,0,TW-2650
702157,BB-2425,AH-3900,DM,0,0,0,0,JA-0280
702162,PR-0300,TW-2875,SL,0,0,0,0,
702166,PR-0300,TB-1060,DR,45,1,1,0,
702169,BB-2425,AH-3900,SR,9,1,1,0,
702170,BB-2425,JT-2000,SM,0,0,0,0,DL-2300
702173,BB-2425,ML-0650,DL,0,0,0,0,
702174,BB-2425,AR-1250,SM,10,1,1,0,
702175,BB-2425,TY-0150,SL,-1,1,0,0,
702176,BB-2425,AH-3900,SM,0,0,0,0,CR-0650
702177,BB-2425,AH-3900,SR,7,1,0,0,
702178,BB-2425,ML-0650,SL,14,1,1,0,
702179,BB-2425,AH-3900,SM,5,1,1,0,
702180,BB-2425,ML-1500,SM,4,1,1,0,
702187,PR-0300,MG-1150,SM,11,1,1,0,
702190,PR-0300,TW-2875,SM,5,1,1,0,
702192,PR-0300,AG-0500,SL,0,0,0,0,
702193,PR-0300,DI-0075,SL,0,0,0,0,
702196,BB-2425,AR-1250,SL,9,1,1,0,
702198,BB-2425,AR-1250,DL,35,1,1,0,
702199,BB-2425,RG-1812,SR,0,0,0,0,BF-0800
702200,BB-2425,DR-2250,SL,7,1,1,0,
702201,BB-2425,DR-2250,SL,0,0,0,0,JB-6825
702202,BB-2425,AH-3900,DM,0,0,0,0,DM-1250
702206,KC-1400,TW-2875,DR,0,0,0,0,
702208,BB-2425,AB-1200,SR,9,1,1,0,
702209,BB-2425,TY-0150,SL,-4,1,0,0,
702211,BB-2425,JT-2000,SM,0,0,0,0,
702212,BB-2425,ML-0650,DM,17,1,1,0,
702213,BB-2425,AB-1200,SL,0,0,0,0,PD-0450
702214,BB-2425,ML-0650,SR,16,1,1,0,
702215,BB-2425,AH-3900,SR,0,0,0,0,
702216,BB-2425,CG-1950,SM,15,1,1,0,
702222,SB-1100,AP-0700,SR,0,1,0,0,
702224,SB-1100,AT-0350,SR,15,1,1,0,
702226,SB-1100,KR-1200,DL,0,0,0,0,
702227,SB-1100,KR-1200,SR,0,0,0,0,
702229,AR-1300,DA-0212,SL,3,1,0,0,
702231,AR-1300,JC-4300,SM,0,0,0,0,EK-0250
702232,AR-1300,JN-0900,DL,0,0,0,0,
702234,SB-1100,JM-3450,SR,-1,1,0,0,
702236,SB-1100,SD-0537,SL,14,1,0,0,
702238,AR-1300,RC-1500,SL,5,1,1,0,
702244,AR-1300,JN-0900,SL,1,1,1,0,
702248,SB-1100,SD-0537,SR,15,1,1,0,
702249,SB-1100,KR-1200,SR,0,0,0,0,MB-5100
702252,SB-1100,MA-1150,SL,11,1,0,0,
702254,AR-1300,JN-0900,SR,6,1,1,0,
702255,AR-1300,RC-1500,SL,7,1,1,0,
702257,AR-1300,DA-0212,DL,0,0,0,0,
702261,SB-1100,KR-1200,DL,19,1,1,0,
702262,SB-1100,AT-0350,SR,12,1,1,0,
702263,SB-1100,AT-0350,DL,0,0,0,0,
702264,SB-1100,KR-1200,SR,0,0,0,0,
702265,SB-1100,AT-0350,SL,9,1,0,0,
702266,SB-1100,SD-0537,SM,4,1,1,0,
702269,SB-1100,AP-0700,SL,7,1,0,0,
702270,SB-1100,SD-0537,SM,9,1,1,0,
702271,SB-1100,KR-1200,SR,8,1,1,0,
702276,AR-1300,TD-0737,DR,0,0,0,0,
702279,SB-1100,KR-1200,SR,0,0,0,0,JR-3650
702282,AR-1300,JN-0900,SL,0,0,0,0,
702283,AR-1300,RC-1500,SM,7,1,1,0,
702284,AR-1300,JN-0900,SL,21,1,1,0,
702286,AR-1300,DA-0212,SL,0,0,0,0,
702287,AR-1300,RC-1500,SM,0,0,0,0,
702292,SB-1100,SD-0537,DR,44,1,1,0,
702293,SB-1100,AP-0700,SR,0,0,0,0,
702294,SB-1100,CJ-1450,SL,5,1,0,0,
702295,SB-1100,KR-1200,SR,4,1,0,0,
702301,AR-1300,RC-1500,SR,9,1,1,0,
702305,AR-1300,JN-0900,DL,0,0,0,0,
702306,AR-1300,JC-4300,SL,10,1,0,0,
702308,SB-1100,SD-0537,SM,10,1,1,0,
702310,SB-1100,CJ-1450,SM,10,1,1,0,
702314,AR-1300,JC-4300,SM,14,1,1,0,
702319,AR-1300,JC-4300,SL,4,1,0,0,
702322,AR-1300,RR-1050,SL,10,1,1,0,
702323,AR-1300,JN-0900,SL,0,0,0,0,
702326,SB-1100,SD-0537,SR,46,1,1,0,
702329,SB-1100,AT-0350,SR,5,1,1,0,
702330,SB-1100,SD-0537,DM,25,1,1,0,
702336,AR-1300,JN-0900,DM,0,0,0,0,
702337,AR-1300,JS-6200,SM,16,1,1,0,
702340,AR-1300,JN-0900,DL,39,1,1,0,
702341,AR-1300,DA-0212,SR,0,0,0,0,TN-0400
702348,SB-1100,SD-0537,SM,15,1,0,0,
702350,AR-1300,EL-0010,SR,0,0,0,0,
702352,AR-1300,JN-0900,SR,6,1,1,0,
702354,AR-1300,DA-0212,SL,10,1,1,0,
702356,AR-1300,RR-1050,SM,15,1,1,0,
702360,SB-1100,SD-0537,SM,0,0,0,0,KC-1225
702364,AR-1300,JC-4300,SR,0,0,0,0,
702365,AR-1300,JC-4300,SL,3,1,0,0,
702366,AR-1300,RC-1500,SM,14,1,1,0,
702368,AR-1300,RC-1500,SM,0,0,0,0,CM-3400
702369,AR-1300,DA-0212,SL,13,1,1,0,
702371,AR-1300,JN-0900,SR,0,0,0,0,TN-0400
702372,AR-1300,DA-0212,SL,0,0,0,0,
702380,SB-1100,SD-0537,SR,0,0,0,0,
702384,JC-6200,JL-0280,SL,0,0,0,0,
702386,CW-1425,NA-0050,SL,9,1,1,0,
702387,CW-1425,DG-2650,SR,9,1,1,0,
702388,CW-1425,JM-1550,SL,4,1,1,0,
702389,CW-1425,JM-1550,SL,2,1,0,0,
702390,CW-1425,DS-3300,SR,2,1,0,0,
702391,CW-1425,DG-2650,SR,9,1,1,0,
702393,CW-1425,BC-0700,DR,0,0,0,0,BC-0150
702394,CW-1425,NA-0050,SL,7,1,1,0,
702396,CW-1425,RM-1200,SL,3,1,0,0,
702402,JC-6200,ER-0500,SL,31,1,1,0,
702403,JC-6200,AJ-0430,DM,22,1,1,0,
702404,JC-6200,ZM-0250,SL,12,1,1,0,
702405,JC-6200,KC-0250,SM,3,1,0,0,
702406,JC-6200,AJ-0430,SL,2,1,0,0,
702407,JC-6200,ER-0500,SR,0,0,0,0,RB-3350
702409,CW-1425,JM-1550,SR,4,1,1,0,
702412,CW-1425,DG-2650,SR,0,0,0,0,
702414,JC-6200,ER-0500,SR,8,1,1,0,
702417,JC-6200,AJ-0430,DR,49,1,1,0,
702425,CW-1425,WS-0650,SL,0,0,0,0,JF-3060
702429,JC-6200,KW-0887,SR,9,1,1,0,
702430,JC-6200,ER-0500,SR,0,0,0,0,
702434,CW-1425,TB-3950,SL,8,1,1,0,
702435,CW-1425,JM-1550,DR,32,1,1,0,
702436,CW-1425,DG-2650,SR,0,0,0,0,
702438,CW-1425,TB-3950,SL,14,1,1,0,
702441,CW-1425,TB-3950,SM,0,0,0,0,DH-0850
702446,JC-6200,KW-0887,SR,3,1,0,0,
702447,JC-6200,JL-0280,SR,6,1,0,0,
702449,CW-1425,DS-3300,SR,6,1,1,0,
702450,CW-1425,NA-0050,DM,18,1,1,0,
702451,CW-1425,JM-1550,SL,0,0,0,0,
702452,CW-1425,TB-3950,SM,14,1,1,0,
702453,CW-1425,,NL,0,0,0,1,
702454,CW-1425,JM-1550,DL,0,0,0,0,
702455,CW-1425,JM-1550,SL,0,0,0,0,
702462,CW-1425,NA-0050,DR,0,0,0,0,JG-1550
702465,JC-6200,ZM-0250,SL,5,1,1,0,
702466,JC-6200,ER-0500,SR,7,1,1,0,
702468,CW-1425,NA-0050,DR,0,0,0,0,JG-1550
702469,CW-1425,TB-3950,SM,0,0,0,0,AH-3050
702479,JC-6200,ZM-0250,SL,0,0,0,0,
702481,CW-1425,JM-1550,SR,22,1,1,0,
702485,CW-1425,TB-3950,SL,11,1,1,0,
702486,CW-1425,NA-0050,SL,8,1,1,0,
702491,JC-6200,AJ-0430,SR,0,0,0,0,
702492,CW-1425,TB-3950,SR,2,1,1,0,
702495,BH-1900,KW-0887,SM,5,1,1,0,
702497,BH-1900,ER-0500,SR,6,1,1,0,
702498,BH-1900,AJ-0430,SL,11,1,1,0,
702503,CW-1425,NA-0050,SR,0,0,0,0,TP-2000
702509,BH-1900,ZM-0250,SR,7,1,1,0,
702510,BH-1900,JH-5575,SL,2,1,1,0,
702512,BH-1900,KW-0887,SM,19,1,1,0,
702513,BH-1900,JH-5575,SM,7,1,1,0,
702514,BH-1900,AJ-0430,SR,12,1,1,0,
702515,BH-1900,ZM-0250,SR,9,1,1,0,
702516,BH-1900,AJ-0430,DR,0,0,0,0,JM-4850
702517,BH-1900,KW-0887,DR,0,0,0,0,
702518,BH-1900,KW-0887,DR,0,0,0,0,MJ-0600
702521,CW-1425,JH-5750,SR,-1,1,0,0,
702532,CW-1425,JM-1550,SL,7,1,1,0,
702539,BO-0650,DH-3950,SR,14,1,1,0,
702541,BO-0650,SA-0850,SL,0,0,0,0,
702545,JB-5725,JE-0100,SR,6,1,1,0,
702546,JB-5725,CH-3350,DL,0,0,0,0,
702551,BO-0650,WF-0300,DR,18,1,1,0,
702553,BO-0650,LM-1150,SR,0,0,0,0,
702556,JB-5725,MB-1800,SL,5,1,1,0,
702560,JB-5725,MB-1800,SL,5,1,1,0,
702562,JB-5725,MM-3450,SL,27,1,1,0,
702565,JB-5725,RG-2200,SL,0,0,0,0,
702573,BO-0650,DH-3950,SL,0,0,0,0,LR-0600
702574,BO-0650,DH-3950,SR,14,1,1,0,
702576,BO-0650,WF-0300,SM,7,1,0,0,
702579,BO-0650,DH-3950,DL,0,0,0,0,
702585,BO-0650,DH-3950,SR,12,1,1,0,
702586,BO-0650,LM-1150,SM,9,1,1,0,
702588,BO-0650,DH-3950,DL,0,0,0,0,
702590,BO-0650,RG-1870,DL,0,0,0,0,
702592,JB-5725,MM-3450,DL,0,0,0,0,
702595,JB-5725,DA-0900,SR,16,1,1,0,
702600,BO-0650,LM-1150,SM,7,1,1,0,
702602,BO-0650,RG-1870,SM,11,1,1,0,
702604,BO-0650,RG-1870,SR,5,1,1,0,
702605,BO-0650,RG-1870,SR,3,1,1,0,
702614,JB-5725,JE-0100,SL,23,1,1,0,
702622,JB-5725,DA-0900,SR,7,1,1,0,
702624,JB-5725,CH-3350,SL,3,1,0,0,
702625,JB-5725,JE-0100,SR,0,0,0,0,
702628,JB-5725,JE-0100,SL,6,1,1,0,
702633,JB-5725,MB-1800,SL,0,0,0,0,JJ-5000
702638,BO-0650,DH-3950,DR,16,1,1,0,
702639,BO-0650,WF-0300,DM,0,0,0,0,
702640,BO-0650,CF-0375,SM,0,0,0,0,CL-1400
702641,BO-0650,JS-7075,SR,0,0,0,0,
702644,JB-5725,CH-3350,DL,0,0,0,0,
702645,JB-5725,JE-0100,SL,3,1,0,0,
702647,BO-0650,WF-0300,SM,6,1,1,0,
702648,BO-0650,RG-1870,SL,6,1,1,0,
702649,BO-0650,JS-7075,SR,15,1,1,0,
702650,BO-0650,LM-1150,SR,7,1,1,0,
702652,BO-0650,RG-1870,SR,7,1,1,0,
702654,BO-0650,JG-3850,SL,0,1,0,0,
702655,BO-0650,WF-0300,SM,0,0,0,0,MB-5250
702656,JB-5725,JE-0100,SR,0,0,0,0,
702658,JB-5725,JW-2550,SM,0,0,0,0,
702668,BO-0650,JG-3850,SR,5,1,1,0,
702669,BO-0650,JG-3850,SR,4,1,1,0,
702671,BO-0650,JS-7075,SM,0,0,0,0,
702672,BO-0650,JG-3850,SL,6,1,1,0,
702674,BO-0650,WF-0300,DR,0,0,0,0,
702677,JB-5725,JW-2550,SL,2,1,0,0,
702679,BO-0650,RG-1870,SL,0,0,0,0,
702680,BO-0650,LM-1150,SL,4,1,0,0,
702681,BO-0650,RG-1870,SL,7,1,1,0,
702682,BO-0650,JS-7075,SM,0,0,0,0,
702684,BO-0650,RG-1870,SL,6,1,1,0,
702685,BO-0650,RG-1870,SR,7,1,1,0,
702687,BO-0650,,NL,0,0,0,0,TF-0750
702688,BO-0650,DH-3950,SR,0,0,0,0,
702689,BO-0650,WF-0300,DL,0,0,0,0,
