pid,bc,dir,yds,succ,kne
697187,CA-0750,MD,13,1,0
697188,CA-0750,RG,5,1,0
697189,DB-2950,RG,0,0,0
697190,JS-6700,MD,6,1,0
697191,JS-6700,LE,11,1,0
697192,MT-1300,RG,1,0,0
697195,TG-0900,LE,20,1,0
697196,JS-6700,MD,2,0,0
697201,CA-0750,MD,3,0,0
697203,CA-0750,RG,-1,0,0
697205,DB-2950,RG,6,1,0
697206,DB-2950,RG,2,0,0
697208,CA-0750,LG,0,0,0
697212,JS-6700,LG,4,0,0
697216,CA-0750,LT,28,1,0
697217,TS-1450,RT,8,1,0
697218,CA-0750,LT,1,0,0
697219,AJ-0375,RG,28,1,0
697222,CN-0500,LT,4,1,0
697225,CN-0500,LG,6,1,0
697226,JS-6700,MD,3,1,0
697227,JS-6700,MD,3,1,0
697229,FW-0750,RG,6,1,0
697230,FW-0750,LT,4,1,0
697233,JS-6700,RG,0,0,0
697236,CN-0500,LE,3,0,0
697240,CN-0500,RE,2,1,0
697243,CA-0750,LG,2,0,0
697244,CA-0750,LG,1,0,0
697247,CN-0500,MD,9,1,0
697248,FW-0750,MD,3,1,0
697251,CN-0500,MD,12,1,0
697256,TS-1450,NL,-1,0,1
697258,JS-6700,RG,3,0,0
697259,JS-6700,MD,7,1,0
697260,CN-0500,RG,4,1,0
697261,JS-6700,RG,5,1,0
697262,CN-0500,LE,0,0,0
697265,CA-0750,RT,2,0,0
697267,CA-0750,RG,10,1,0
697269,JS-6700,MD,7,1,0
697273,CA-0750,LG,1,0,0
697284,TS-1450,RE,11,1,0
697287,CA-0750,RT,10,1,0
697293,JS-6700,LT,6,1,0
697295,CA-0750,LG,9,1,0
697296,CA-0750,RG,0,0,0
697297,TS-1450,RE,3,1,0
697298,CA-0750,MD,3,0,0
697301,CA-0750,MD,1,1,0
697303,CA-0750,LT,0,0,0
697304,CA-0750,MD,1,1,0
697307,CN-0500,LT,5,1,0
697308,JS-6700,LT,3,1,0
697310,JS-6700,RT,3,0,0
697313,CN-0500,LT,4,1,0
697314,JS-6700,MD,1,0,0
697319,CA-0750,RT,3,0,0
697324,CN-0500,LE,5,0,0
697327,MT-1300,MD,5,1,0
697337,TS-1450,NL,-1,0,1
697339,JF-2800,RE,6,1,0
697341,JF-2800,LG,0,0,0
697343,TW-1350,RT,0,0,0
697347,LM-1000,RT,-6,0,0
697356,JF-1900,MD,0,0,0
697358,LM-1000,RT,-1,0,0
697362,TW-1350,LG,2,0,0
697365,TW-1350,LG,6,1,0
697367,TW-1350,LG,3,0,0
697370,KJ-1400,RG,2,0,0
697374,LM-1000,LG,5,0,0
697381,JF-2800,RT,9,1,0
697382,JF-2800,MD,1,1,0
697384,TW-1350,RE,10,1,0
697389,LM-1000,RG,16,1,0
697390,LM-1000,LT,8,1,0
697394,LM-1000,LE,13,1,0
697396,RB-4900,LT,-3,0,0
697398,LM-1000,LG,3,1,0
697399,LM-1000,LT,0,0,0
697400,TT-0500,MD,0,0,0
697401,LM-1000,LG,1,1,0
697405,JF-2800,RT,5,0,0
697408,JF-2800,RG,3,1,0
697414,LM-1000,LT,4,1,0
697415,LM-1000,RT,6,1,0
697418,RB-4900,LG,5,1,0
697419,LM-1000,RT,0,0,0
697420,TT-0500,LE,6,1,0
697422,RB-4900,RE,-6,0,0
697426,JF-2800,LG,8,1,0
697429,LM-1000,RG,0,0,0
697431,LM-1000,RG,4,1,0
697432,TT-0500,MD,4,1,0
697433,TT-0500,LE,-2,0,0
697435,JF-2800,LG,-2,0,0
697444,LM-1000,RG,2,0,0
697448,TW-1350,RT,0,0,0
697451,LM-1000,RG,3,0,0
697453,TT-0500,RE,3,0,0
697457,JF-2800,RT,4,1,0
697459,TW-1350,LG,2,0,0
697461,TW-1350,RT,2,0,0
697466,TW-1350,RG,3,0,0
697475,TW-1350,LT,-1,0,0
697476,MW-0500,RE,11,1,0
697477,TW-1350,LG,2,0,0
697478,JF-2800,RE,7,1,0
697479,TW-1350,MD,3,1,0
697480,JF-1900,NL,-1,0,1
697481,JF-1900,NL,-1,0,1
697482,JF-1900,NL,-1,0,1
697484,LM-1150,MD,8,1,0
697487,LM-1150,RE,2,0,0
697488,BO-0650,MD,15,1,0
697489,LM-1150,LG,2,0,0
697491,JL-0280,MD,4,1,0
697493,JL-0280,RE,2,0,0
697494,JL-0280,MD,1,0,0
697499,JL-0280,RG,4,1,0
697500,JL-0280,RG,1,1,0
697506,LM-1150,LG,6,0,0
697507,LM-1150,MD,12,0,0
697509,JL-0280,RT,4,1,0
697512,JC-6200,MD,0,0,0
697513,LM-1150,LT,4,1,0
697514,LM-1150,MD,11,1,0
697515,LM-1150,LG,7,1,0
697520,LM-1150,LG,4,1,0
697522,LM-1150,MD,6,1,0
697524,LM-1150,RG,3,0,0
697530,JL-0280,MD,7,1,0
697533,KC-0250,RG,4,1,0
697536,LM-1150,MD,3,0,0
697539,LM-1150,LE,4,1,0
697542,TE-0350,MD,3,0,0
697543,LM-1150,RG,6,1,0
697544,JP-4187,RG,2,1,0
697550,JL-0280,RE,-1,0,0
697554,LM-1150,RT,5,0,0
697557,JC-6200,MD,12,1,0
697563,BO-0650,NL,-1,0,1
697565,JL-0280,RG,5,1,0
697574,JL-0280,RG,-1,0,0
697579,LM-1150,MD,-4,0,0
697582,JL-0280,LE,15,1,0
697583,JL-0280,RE,7,1,0
697584,JL-0280,LG,1,0,0
697587,LM-1150,RG,1,0,0
697591,LM-1150,LG,4,0,0
697594,JL-0280,RT,4,1,0
697598,LM-1150,RT,0,0,0
697602,LM-1150,LE,0,0,0
697603,AB-1975,LT,4,1,0
697604,BO-0650,MD,1,1,0
697606,LM-1150,RG,3,0,0
697610,JL-0280,RE,6,1,0
697611,JL-0280,RT,-1,0,0
697613,JL-0280,LG,-1,0,0
697617,LM-1150,MD,6,1,0
697618,LM-1150,LT,1,0,0
697620,LM-1150,LG,4,1,0
697629,LM-1150,RT,2,0,0
697630,LM-1150,RT,3,0,0
697632,LM-1150,RG,0,0,0
697633,LM-1150,LG,3,0,0
697644,BO-0650,NL,-1,0,1
697646,JH-4025,LT,1,0,0
697652,RF-0500,MD,4,1,0
697654,MF-1300,MD,3,0,0
697656,MF-1300,RT,14,1,0
697659,MF-1300,MD,3,0,0
697669,MF-1300,RG,2,0,0
697676,JH-4025,RT,6,1,0
697679,JH-4025,MD,5,0,0
697683,MF-1300,RG,-2,0,0
697685,MF-1300,LT,5,1,0
697691,GB-0350,MD,4,0,0
697696,MF-1300,RE,-1,0,0
697700,MF-1300,MD,10,1,0
697708,MF-1300,LE,3,0,0
697709,MF-1300,RT,8,1,0
697711,MF-1300,MD,2,0,0
697713,MF-1300,LT,6,1,0
697720,AD-0100,RE,5,1,0
697723,GB-0350,LT,1,0,0
697732,MF-1300,RT,1,0,0
697734,MF-1300,LT,2,0,0
697740,GB-0350,MD,3,0,0
697745,RF-0500,MD,0,0,0
697750,JW-6545,LE,-8,0,0
697753,AD-0100,RT,2,0,0
697755,JW-6545,LE,2,1,0
697756,JH-4025,RT,0,0,0
697757,JH-4025,LT,12,1,0
697760,MF-1300,RE,13,1,0
697761,MF-1300,RG,8,1,0
697762,BP-1200,RT,16,1,0
697763,BP-1200,RT,7,1,0
697765,BP-1200,RT,16,1,0
697766,MF-1300,RG,3,0,0
697767,MF-1300,MD,9,1,0
697768,RF-0500,MD,2,1,0
697769,MF-1300,MD,-1,0,0
697773,GB-0350,LG,11,1,0
697775,GB-0350,LE,6,1,0
697780,RF-0500,MD,9,1,0
697782,MF-1300,LG,4,1,0
697783,MF-1300,LG,1,0,0
697785,MF-1300,MD,3,0,0
697787,BP-1200,RG,2,0,0
697791,JH-4025,MD,6,1,0
697793,JH-4025,RT,4,1,0
697795,JH-4025,MD,-1,0,0
697796,JH-4025,RG,-2,0,0
697803,AD-0100,NL,0,0,1
697805,RM-1200,MD,6,1,0
697806,KB-0350,LE,1,0,0
697811,KB-0350,MD,5,1,0
697813,RM-1200,RE,1,0,0
697818,IC-0300,MD,1,0,0
697819,RG-1850,RE,4,0,0
697821,RM-1200,MD,4,1,0
697825,RM-1200,MD,3,0,0
697829,IC-0300,RE,1,0,0
697833,RM-1200,RE,7,1,0
697834,RM-1200,MD,5,1,0
697835,RM-1200,RE,4,1,0
697836,DS-3300,RE,2,0,0
697840,AH-1900,LE,-1,0,0
697842,DJ-1850,RE,-6,0,0
697844,RM-1200,RE,1,0,0
697845,RM-1200,RE,2,0,0
697854,IC-0300,RT,1,0,0
697857,IC-0300,LE,2,1,0
697861,RM-1200,LE,1,0,0
697865,IC-0300,LG,6,1,0
697866,IC-0300,LE,-4,0,0
697868,RG-1850,RE,20,1,0
697869,IC-0300,RE,5,1,0
697871,DS-3300,LE,3,0,0
697872,KB-0350,RE,17,1,0
697873,RM-1200,MD,1,0,0
697883,DJ-1850,RE,17,1,0
697884,RG-1850,RE,2,0,0
697889,IC-0300,RT,0,0,0
697894,RM-1200,LG,1,0,0
697897,DS-3300,MD,4,1,0
697902,RG-1850,MD,0,0,0
697906,RM-1200,LE,6,1,0
697908,WS-0650,MD,1,0,0
697915,IC-0300,RE,10,1,0
697922,RM-1200,LE,6,1,0
697923,KB-0350,LE,19,1,0
697924,DS-3300,LE,6,1,0
697925,CW-1425,MD,0,0,0
697933,RM-1200,LE,2,0,0
697934,CW-1425,LE,1,0,0
697939,DJ-1850,MD,11,0,0
697942,RM-1200,LE,7,1,0
697943,RM-1200,RE,5,1,0
697946,DS-3300,RE,-3,0,0
697954,RG-1850,RE,11,0,0
697956,RM-1200,MD,6,1,0
697957,RM-1200,RE,6,1,0
697958,RM-1200,RE,1,1,0
697959,RM-1200,RT,1,1,0
697961,RM-1200,LE,1,1,0
697964,IC-0300,MD,16,1,0
697965,IC-0300,MD,20,1,0
697966,IC-0300,MD,4,0,0
697968,TY-0150,MD,6,1,0
697969,TY-0150,RG,5,1,0
697971,TY-0150,LG,2,0,0
697973,EL-0010,LE,-2,0,0
697976,EL-0010,MD,9,1,0
697978,EL-0010,RE,0,0,0
697979,AR-1300,RE,6,1,0
697982,TY-0150,RE,-2,0,0
697987,TY-0150,MD,-2,0,0
697991,EL-0010,MD,3,0,0
697996,TY-0150,MD,6,1,0
697997,TY-0150,MD,5,1,0
698000,JS-6200,LE,2,0,0
698001,JS-6200,MD,4,0,0
698004,TY-0150,MD,7,1,0
698005,TY-0150,RE,-7,0,0
698009,EL-0010,LE,-1,0,0
698014,TY-0150,MD,-2,0,0
698019,TY-0150,MD,1,0,0
698021,TY-0150,MD,3,1,0
698022,TY-0150,MD,-1,0,0
698027,EL-0010,RE,5,1,0
698028,RC-1500,MD,6,1,0
698029,EL-0010,MD,6,1,0
698038,DR-2250,MD,2,0,0
698042,TY-0150,MD,0,0,0
698055,BB-2425,NL,-1,0,1
698058,EL-0010,MD,6,1,0
698064,JS-6200,MD,1,0,0
698072,BB-2425,LE,3,0,0
698075,TY-0150,MD,3,0,0
698076,TY-0150,MD,5,1,0
698077,DR-2250,MD,2,1,0
698078,DR-2250,LE,3,0,0
698087,RC-1500,LE,1,0,0
698089,AR-1300,MD,3,1,0
698092,EL-0010,MD,3,0,0
698093,EL-0010,RE,28,1,0
698094,EL-0010,MD,2,0,0
698097,RC-1500,RG,4,1,0
698098,EL-0010,MD,3,1,0
698099,EL-0010,MD,1,0,0
698100,JS-6200,MD,0,0,0
698105,TY-0150,LG,6,1,0
698106,TY-0150,RE,2,0,0
698107,TY-0150,MD,-2,0,0
698113,TY-0150,MD,4,1,0
698119,AR-1300,LE,8,1,0
698120,EL-0010,LE,-2,0,0
698125,TY-0150,LE,0,0,0
698136,AR-1300,NL,-1,0,1
698138,DM-4300,MD,6,1,0
698139,DH-2450,RG,3,1,0
698140,MM-0912,LE,3,1,0
698143,DM-4300,LE,12,1,0
698145,DM-4300,RG,-1,0,0
698148,AP-0700,LG,1,0,0
698152,DM-4300,LT,4,1,0
698154,DM-4300,MD,5,1,0
698156,MM-0912,RE,6,1,0
698157,DM-4300,LE,-2,0,0
698162,AP-0700,LG,2,1,0
698164,AP-0700,LT,7,1,0
698165,AP-0700,LT,1,0,0
698170,AP-0700,MD,9,1,0
698171,AP-0700,LG,2,1,0
698172,AP-0700,LT,-2,0,0
698173,AP-0700,RG,-2,0,0
698175,JM-3450,LE,6,0,0
698177,DM-4300,MD,2,0,0
698180,DH-2450,LG,5,1,0
698183,DH-2450,LE,-1,0,0
698185,AP-0700,RE,2,0,0
698195,DM-4300,MD,4,1,0
698197,DM-4300,MD,2,0,0
698217,AP-0700,LG,2,0,0
698222,DM-4300,LE,3,1,0
698223,DH-2450,MD,0,0,0
698225,AP-0700,RG,-2,0,0
698227,AP-0700,RG,2,0,0
698230,AP-0700,MD,3,0,0
698231,CP-0750,RE,8,1,0
698233,AP-0700,MD,-1,0,0
698234,SH-1100,RT,9,0,0
698240,DH-2450,LT,-4,0,0
698241,MM-0912,MD,10,1,0
698248,DM-4300,RT,4,0,0
698253,AP-0700,RT,-5,0,0
698255,AP-0700,RG,3,1,0
698258,AP-0700,MD,4,1,0
698263,MM-0912,MD,0,0,0
698267,DM-4300,LT,2,0,0
698268,DM-4300,MD,1,0,0
698269,AP-0700,MD,1,0,0
698270,AP-0700,RT,4,0,0
698277,MA-1150,LG,2,0,0
698278,MA-1150,RG,6,1,0
698280,MA-1150,MD,6,1,0
698281,MA-1150,MD,-1,0,0
698282,SD-0537,RE,-1,0,0
698297,SH-1100,NL,-1,0,1
698304,LM-1850,RG,1,0,0
698310,JK-2200,RT,2,1,0
698311,MI-0100,LG,12,1,0
698313,TC-0050,RE,1,0,0
698315,MI-0100,LG,4,1,0
698318,JK-2200,LG,2,0,0
698322,LM-1850,RG,4,1,0
698327,DW-1350,LT,5,1,0
698329,LM-1850,LG,6,1,0
698332,MI-0100,LT,3,0,0
698334,TH-1600,RT,3,1,0
698335,TH-1600,LT,5,1,0
698345,LM-1850,RE,1,0,0
698347,DC-0725,LE,11,1,0
698348,TJ-2400,RE,-8,0,0
698349,LM-1850,RG,9,0,0
698352,MI-0100,LG,0,0,0
698354,MI-0100,LG,9,1,0
698355,MI-0100,RG,3,1,0
698356,TH-1600,LT,1,0,0
698363,LM-1850,RT,9,1,0
698368,MI-0100,LG,2,1,0
698369,DB-3800,RG,1,1,0
698378,LM-1850,RG,2,1,0
698385,DW-1350,RG,4,1,0
698386,DW-1350,LG,3,0,0
698389,MI-0100,RG,-1,0,0
698396,LM-1850,LG,9,1,0
698397,LM-1850,LG,3,1,0
698399,DW-1350,RT,0,0,0
698408,LM-1850,RG,3,1,0
698409,LM-1850,LG,5,1,0
698412,LM-1850,RG,-1,0,0
698415,DW-1350,RG,2,0,0
698421,BC-2325,LE,11,1,0
698422,TH-1600,LG,0,0,0
698426,MI-0100,LG,3,0,0
698433,JO-0550,LG,2,1,0
698439,MI-0100,RG,17,1,0
698440,MI-0100,RG,2,0,0
698442,DB-3800,LE,4,0,0
698446,JR-2075,LG,75,1,0
698450,MI-0100,RT,4,1,0
698455,LM-1850,LG,10,1,0
698457,JR-2075,LG,8,1,0
698458,LM-1850,LG,-2,0,0
698460,JR-2075,RG,1,0,0
698464,DC-0725,RE,5,0,0
698480,SW-0350,MD,0,0,0
698481,SW-0350,RE,6,1,0
698486,MG-1150,RG,-2,0,0
698487,DW-4300,MD,6,0,0
698489,MG-1150,MD,17,1,0
698491,MG-1150,RG,1,1,0
698494,SW-0350,MD,11,1,0
698495,SW-0350,LE,1,0,0
698504,MG-1150,LG,5,1,0
698508,DW-4300,MD,3,1,0
698509,MG-1150,MD,5,1,0
698511,MG-1150,MD,4,1,0
698512,DW-4300,MD,12,1,0
698514,DW-4300,MD,9,1,0
698515,MG-1150,MD,6,1,0
698519,SW-0350,MD,10,0,0
698523,DW-4300,MD,0,0,0
698532,CW-1450,RE,8,1,0
698533,AS-1600,MD,1,0,0
698534,SW-0350,MD,2,1,0
698535,CW-1450,MD,-5,0,0
698539,MG-1150,MD,3,0,0
698555,PR-0300,NL,-1,0,1
698557,DW-4300,MD,21,1,0
698559,DW-4300,MD,3,1,0
698560,MG-1150,MD,0,0,0
698563,JM-0200,LE,-1,0,0
698567,MG-1150,MD,9,1,0
698568,MG-1150,MD,3,1,0
698569,PR-0300,LE,10,1,0
698570,DW-4300,MD,6,1,0
698573,DW-4300,MD,1,0,0
698579,CW-1450,LE,-4,0,0
698587,DW-4300,MD,5,1,0
698592,MG-1150,MD,2,0,0
698593,DW-4300,MD,2,0,0
698599,MG-1150,MD,2,0,0
698600,DW-4300,MD,6,1,0
698614,DW-4300,MD,4,1,0
698615,DW-4300,MD,3,1,0
698620,SW-0350,MD,14,1,0
698622,AS-1600,RE,7,1,0
698631,MG-1150,MD,2,0,0
698638,SW-0350,MD,5,1,0
698644,DW-4300,MD,4,0,0
698645,DW-4300,MD,4,0,0
698649,SW-0350,RE,13,1,0
698650,AS-1600,MD,5,1,0
698651,SW-0350,MD,2,0,0
698656,SW-0350,RE,6,1,0
698657,AS-1600,MD,2,1,0
698659,DF-1875,RT,1,0,0
698660,DF-1875,RG,0,0,0
698663,DM-0450,LT,2,0,0
698666,DM-0450,LG,12,1,0
698667,DM-0450,LE,-6,0,0
698678,DM-0450,LG,0,0,0
698683,TC-2050,RG,3,0,0
698684,MR-2500,LT,3,0,0
698686,CS-1950,RT,5,1,0
698692,DF-1875,LE,3,1,0
698703,DM-0450,RG,7,1,0
698704,CS-1950,RG,2,0,0
698706,DM-0450,RT,2,0,0
698710,TC-2050,LE,0,0,0
698713,DF-1875,RE,-3,0,0
698714,TC-2050,LE,4,0,0
698717,DM-0450,RG,3,0,0
698722,TC-2050,RG,4,0,0
698724,DF-1875,RG,3,0,0
698727,TC-2050,RG,1,0,0
698742,MR-2500,NL,-1,0,1
698745,DM-0450,LT,3,0,0
698751,DF-1875,RG,6,1,0
698754,DF-1875,RT,1,0,0
698758,DM-0450,RG,2,0,0
698761,RS-0975,LE,9,1,0
698762,DM-0450,LT,5,1,0
698763,DM-0450,LE,17,1,0
698764,DM-0450,LT,-1,0,0
698774,MR-2500,RG,8,1,0
698775,TC-2050,LE,0,0,0
698780,DM-0450,RE,0,0,0
698781,DM-0450,LE,0,0,0
698785,DF-1875,RE,10,1,0
698787,TC-2050,RT,7,1,0
698790,CS-1950,RT,0,0,0
698791,JW-5650,RE,4,0,0
698794,TC-2050,RE,3,0,0
698796,DF-1875,RE,-3,0,0
698801,DF-1875,LG,7,1,0
698802,DF-1875,LE,-5,0,0
698806,DM-0450,LT,9,1,0
698807,DM-0450,RG,4,1,0
698808,AH-3862,RE,7,1,0
698809,DM-0450,RT,0,0,0
698811,CS-1950,LE,2,0,0
698812,DM-0450,RT,3,0,0
698813,JW-5650,RT,3,0,0
698820,JW-5650,NL,-2,0,1
698821,JW-5650,NL,-2,0,1
698830,AF-0900,RE,8,1,0
698834,RW-3850,RE,3,0,0
698837,CM-2280,RT,1,0,0
698841,CM-2280,RT,12,1,0
698842,TR-0112,MD,1,0,0
698848,AF-0900,LG,2,0,0
698850,AF-0900,LG,3,0,0
698853,AF-0900,MD,0,0,0
698854,CP-2550,MD,-2,0,0
698855,RW-3850,LE,9,1,0
698856,CM-2280,MD,2,0,0
698862,TR-0112,MD,6,1,0
698863,TR-0112,RG,-1,0,0
698865,AF-0900,RT,6,1,0
698866,AF-0900,LT,9,1,0
698868,DW-3125,RT,4,0,0
698875,CM-2280,MD,3,0,0
698880,RT-0150,RE,11,1,0
698881,DW-3125,MD,5,1,0
698885,TR-0112,RT,8,1,0
698891,AF-0900,RE,0,0,0
698895,CM-2280,LG,4,1,0
698897,CM-2280,MD,11,1,0
698907,AF-0900,MD,3,0,0
698912,TR-0112,LT,2,1,0
698913,TR-0112,MD,2,1,0
698915,TR-0112,LT,1,0,0
698919,RT-0150,RT,1,0,0
698923,TR-0112,RE,5,1,0
698924,CM-2280,RT,4,1,0
698925,TR-0112,MD,0,0,0
698927,AF-0900,RE,2,0,0
698928,AF-0900,RG,0,0,0
698929,AF-0900,LG,3,0,0
698932,TR-0112,MD,2,0,0
698934,TR-0112,MD,1,0,0
698935,CM-2280,LE,3,0,0
698937,CM-2280,LT,6,1,0
698939,RW-3850,MD,0,0,0
698941,AF-0900,MD,0,0,0
698943,RT-0150,RE,5,1,0
698947,RT-0150,LT,-2,0,0
698951,TR-0112,MD,5,1,0
698953,CM-2280,RT,8,1,0
698954,CM-2280,MD,-4,0,0
698958,AF-0900,RG,2,0,0
698963,RT-0150,MD,2,1,0
698967,CM-2280,MD,8,1,0
698968,CM-2280,LE,1,0,0
698969,CM-2280,MD,7,1,0
698974,RW-3850,LT,4,1,0
698978,CM-2280,LG,0,0,0
698986,FG-0200,RE,3,1,0
698987,AL-1100,LG,1,1,0
698988,FG-0200,RG,4,1,0
698989,FG-0200,MD,2,0,0
698996,AA-0025,MD,4,1,0
698998,AA-0025,RT,4,1,0
699001,AA-0025,RE,13,1,0
699003,TR-0370,MD,21,1,0
699007,FG-0200,MD,2,0,0
699010,AA-0025,LE,1,0,0
699014,FG-0200,MD,2,0,0
699018,TR-0370,LE,-1,0,0
699020,MS-4100,LE,6,1,0
699021,TR-0370,MD,5,1,0
699029,GT-0100,RE,2,0,0
699031,DW-1550,MD,0,0,0
699032,DW-1550,MD,1,1,0
699036,FG-0200,LG,4,1,0
699044,AA-0025,MD,7,1,0
699045,AA-0025,RE,9,1,0
699046,AA-0025,RE,10,1,0
699049,AA-0025,LG,6,1,0
699057,JF-1250,RE,-2,0,0
699065,MS-4100,NL,-1,0,1
699072,FG-0200,MD,6,1,0
699073,FG-0200,MD,3,1,0
699074,RT-1950,MD,4,1,0
699085,TR-0370,MD,-4,0,0
699086,TR-0370,MD,5,0,0
699093,AA-0025,LT,7,1,0
699095,AA-0025,LE,-1,0,0
699102,FG-0200,MD,4,1,0
699104,AL-1100,RE,11,1,0
699106,FG-0200,MD,1,0,0
699113,AA-0025,MD,1,0,0
699118,FG-0200,RT,8,1,0
699123,FG-0200,RT,4,1,0
699124,AL-1100,RE,9,1,0
699128,AA-0025,MD,2,0,0
699131,TR-0370,MD,12,1,0
699132,TR-0370,RE,7,1,0
699140,FG-0200,RE,7,1,0
699143,FG-0200,MD,9,1,0
699156,EE-0250,RT,1,0,0
699158,EE-0250,RG,3,1,0
699160,EE-0250,RT,5,1,0
699161,EE-0250,LT,1,0,0
699164,EE-0250,MD,5,1,0
699166,EE-0250,MD,2,1,0
699168,EE-0250,RG,4,0,0
699172,RJ-0800,MD,2,0,0
699175,SV-0200,MD,3,0,0
699179,EE-0250,LT,2,0,0
699180,EE-0250,LG,3,0,0
699182,EE-0250,LG,2,0,0
699183,DP-2037,RE,1,0,0
699186,AM-2850,LE,6,1,0
699189,AM-2850,LG,2,1,0
699191,EE-0250,MD,-1,0,0
699196,RJ-0800,LT,1,0,0
699203,EE-0250,MD,4,1,0
699204,EE-0250,RE,0,0,0
699207,EE-0250,LT,2,1,0
699209,DP-2037,LE,11,1,0
699210,EE-0250,LE,-2,0,0
699215,RJ-0800,MD,17,1,0
699216,RJ-0800,RG,7,1,0
699219,SV-0200,MD,8,1,0
699231,RJ-0800,LE,1,0,0
699233,EE-0250,RT,2,0,0
699237,EE-0250,RE,8,1,0
699239,EE-0250,RG,8,1,0
699242,RJ-0800,MD,0,0,0
699244,RJ-0800,MD,-1,0,0
699252,RJ-0800,RG,4,1,0
699254,RJ-0800,MD,5,1,0
699255,RJ-0800,MD,1,0,0
699256,SV-0200,MD,6,1,0
699259,AM-2850,RE,9,1,0
699260,AM-2850,RE,1,1,0
699262,AM-2850,LT,0,0,0
699263,KS-1450,MD,3,1,0
699265,AM-2850,LG,13,1,0
699267,AM-2850,RT,4,0,0
699273,RJ-0800,LT,-2,0,0
699277,EE-0250,RG,2,0,0
699285,SV-0200,MD,10,1,0
699286,SV-0200,RG,2,0,0
699287,SV-0200,LG,9,1,0
699293,EE-0250,LT,0,0,0
699301,RJ-0800,MD,7,1,0
699302,RJ-0800,LT,12,1,0
699303,RJ-0800,LT,3,1,0
699304,RJ-0800,LG,9,1,0
699305,RJ-0800,LG,1,0,0
699306,RJ-0800,MD,-3,0,0
699307,RJ-0800,MD,11,0,0
699319,DJ-1325,LT,2,0,0
699322,DJ-1325,RE,-2,0,0
699327,JE-0100,RE,0,0,0
699331,LB-0500,MD,2,0,0
699333,LB-0500,RT,6,1,0
699338,DJ-1325,MD,3,0,0
699343,LB-0500,RT,1,0,0
699346,JW-2550,MD,4,1,0
699347,LB-0500,MD,13,1,0
699349,LB-0500,RT,2,0,0
699352,JE-0100,LE,7,1,0
699360,DJ-1325,MD,1,0,0
699361,DJ-1325,RT,7,1,0
699369,LB-0500,MD,1,0,0
699371,DJ-1325,MD,6,1,0
699373,DJ-1325,MD,8,1,0
699374,DJ-1325,RE,3,1,0
699375,DJ-1325,MD,3,0,0
699377,CJ-1700,MD,2,1,0
699379,DJ-1325,MD,0,0,0
699380,DJ-1325,MD,3,1,0
699384,BB-2250,MD,4,1,0
699385,JG-0650,MD,0,0,0
699392,LB-0500,MD,1,0,0
699393,LB-0500,RE,3,0,0
699395,LB-0500,MD,4,0,0
699396,LB-0500,RT,4,0,0
699401,LB-0500,LT,1,0,0
699402,JG-0650,MD,10,1,0
699404,LB-0500,RT,13,1,0
699405,LB-0500,RT,-1,0,0
699408,LB-0500,MD,8,1,0
699412,DJ-1325,RT,5,1,0
699413,CP-0500,MD,1,1,0
699414,CP-0500,MD,0,0,0
699419,LB-0500,MD,0,0,0
699423,DJ-1325,MD,3,1,0
699424,DJ-1325,MD,1,1,0
699427,LB-0500,LE,3,0,0
699428,JE-0100,RE,9,1,0
699430,LB-0500,MD,1,0,0
699432,LB-0500,LE,1,0,0
699435,LB-0500,MD,1,0,0
699445,DJ-1325,MD,45,1,0
699455,LB-0500,MD,-6,0,0
699458,LB-0500,MD,-1,0,0
699460,LB-0500,LT,13,1,0
699464,JG-0650,RE,3,0,0
699474,DJ-1325,RT,1,0,0
699479,JG-0650,NL,-1,0,1
699482,MJ-2275,MD,0,0,0
699486,MJ-2275,LE,-4,0,0
699489,DW-3600,LE,0,0,0
699493,MJ-2275,RE,5,1,0
699495,MJ-2275,RT,8,1,0
699498,MJ-2275,LG,4,1,0
699504,DW-3600,MD,4,1,0
699518,DW-3600,LG,8,1,0
699519,DW-3600,RE,3,1,0
699520,DW-3600,LT,3,0,0
699522,FT-0300,RT,2,0,0
699532,CT-1220,RG,6,0,0
699535,DW-3600,LG,5,1,0
699537,DW-3600,MD,3,1,0
699538,DW-3600,LE,9,1,0
699539,DW-3600,RE,0,0,0
699540,DW-3600,RG,3,1,0
699551,CT-1220,RT,9,1,0
699553,DW-3600,LE,7,1,0
699556,DW-3600,LE,17,1,0
699557,DW-3600,RE,0,0,0
699558,FT-0300,RG,7,1,0
699563,MJ-2275,LE,-1,0,0
699574,MJ-2275,LT,12,1,0
699586,DW-3600,LT,4,1,0
699587,DW-3600,MD,4,1,0
699591,CT-1220,LE,7,1,0
699596,CT-1220,RE,1,1,0
699600,DW-3600,RE,9,1,0
699601,DW-3600,MD,4,1,0
699603,DW-3600,RG,8,1,0
699604,DW-3600,MD,3,1,0
699605,FT-0300,RE,-3,0,0
699608,DW-3600,RE,5,1,0
699611,DW-3600,LE,15,1,0
699619,KC-2350,RE,8,0,0
699620,DW-3600,LE,13,1,0
699621,DW-3600,LT,1,0,0
699622,DW-3600,LG,4,0,0
699624,DW-3600,MD,5,1,0
699625,DW-3600,LE,6,1,0
699635,BR-1100,NL,-2,0,1
699637,TG-1950,RT,4,1,0
699641,CK-0250,RT,6,1,0
699646,CH-5000,LT,1,0,0
699648,BG-0100,MD,11,1,0
699649,BG-0100,LE,3,0,0
699653,TG-1950,LG,1,0,0
699654,TG-1950,RT,1,0,0
699659,BG-0100,MD,5,1,0
699661,BG-0100,LG,11,1,0
699662,CH-5000,MD,4,1,0
699665,SD-0800,MD,-1,0,0
699666,CH-5000,MD,11,1,0
699670,TG-1950,MD,3,0,0
699674,CH-5000,RG,1,0,0
699675,CH-5000,RT,18,1,0
699676,SD-0800,RT,6,1,0
699677,SD-0800,RT,1,0,0
699678,BG-0100,LE,2,0,0
699681,TG-1950,LE,2,0,0
699682,TG-1950,RE,5,1,0
699683,TG-1950,RE,2,0,0
699684,TG-1950,MD,3,1,0
699686,CH-5000,LT,16,1,0
699691,CH-5000,LE,0,0,0
699692,SD-0800,MD,6,1,0
699693,BG-0100,MD,9,1,0
699694,SD-0800,LE,3,1,0
699697,TA-1050,RE,2,0,0
699699,TG-1950,RG,5,1,0
699700,TG-1950,MD,0,0,0
699703,CH-5000,LG,11,1,0
699706,SD-0800,MD,3,0,0
699709,TG-1950,LE,2,0,0
699713,CH-5000,LE,-1,0,0
699714,CH-5000,LG,4,0,0
699721,BG-0100,NL,-1,0,1
699723,CH-5000,MD,0,0,0
699727,TG-1950,LT,4,1,0
699728,TG-1950,LG,-3,0,0
699732,CH-5000,RG,3,0,0
699739,CH-5000,LG,0,0,0
699740,CH-5000,RG,0,0,0
699743,TG-1950,MD,10,1,0
699745,TG-1950,LT,2,0,0
699749,CH-5000,LG,-2,0,0
699750,CH-5000,LG,4,0,0
699753,TG-1950,LT,5,1,0
699754,BC-3070,RG,1,0,0
699756,TG-1950,LE,1,0,0
699759,CH-5000,MD,2,0,0
699765,BG-0100,LT,1,0,0
699768,CH-5000,MD,-1,0,0
699780,CH-5000,MD,7,1,0
699781,CH-5000,MD,4,1,0
699783,SD-0800,LG,0,0,0
699784,BG-0100,RT,2,0,0
699785,CH-5000,LG,5,1,0
699787,CH-5000,LG,0,0,0
699788,CH-5000,MD,1,1,0
699792,MB-3862,MD,5,1,0
699800,CK-0250,RE,5,0,0
699801,MD-0150,LG,1,0,0
699802,MD-0150,RG,2,0,0
699803,MD-0150,MD,-2,0,0
699805,CK-0250,NL,-1,0,1
699808,MF-1300,RT,0,0,0
699810,MF-1300,LT,3,0,0
699813,MF-1300,RG,1,0,0
699816,MF-1300,MD,3,0,0
699818,RF-0500,MD,10,1,0
699819,MF-1300,MD,4,1,0
699820,RF-0500,MD,4,1,0
699825,LM-1000,LG,0,0,0
699830,MF-1300,RT,0,0,0
699832,MF-1300,RG,7,1,0
699833,MF-1300,RE,-2,0,0
699836,MF-1300,LG,2,0,0
699837,MF-1300,MD,6,1,0
699842,LM-1000,LE,1,0,0
699847,RF-0500,LE,6,1,0
699849,MF-1300,MD,3,1,0
699850,MF-1300,MD,1,1,0
699853,LM-1000,RT,1,0,0
699854,TT-0500,RE,15,1,0
699855,LM-1000,MD,10,1,0
699860,LM-1000,RT,6,0,0
699863,MF-1300,LT,3,0,0
699867,MF-1300,MD,0,0,0
699873,LM-1000,RG,6,1,0
699875,LM-1000,RG,4,1,0
699879,LM-1000,MD,1,0,0
699880,EM-0250,MD,2,1,0
699886,RF-0500,NL,-1,0,1
699893,MF-1300,LG,1,0,0
699894,MF-1300,LT,8,1,0
699895,BP-1200,LE,2,1,0
699896,MF-1300,LG,2,0,0
699906,LM-1000,MD,6,1,0
699910,MF-1300,MD,-2,0,0
699911,MF-1300,LG,10,1,0
699915,MF-1300,MD,11,1,0
699922,MF-1300,MD,3,1,0
699925,LM-1000,LE,-3,0,0
699927,LM-1000,RG,-1,0,0
699930,MF-1300,RG,1,0,0
699934,MF-1300,RG,1,0,0
699936,RF-0500,MD,2,0,0
699939,LM-1000,MD,24,1,0
699940,LM-1000,LE,6,1,0
699941,LM-1000,RG,-2,0,0
699943,EM-0250,MD,0,0,0
699944,LM-1000,LG,0,0,0
699945,MF-1300,RG,4,1,0
699947,MF-1300,LG,7,1,0
699948,MF-1300,MD,6,1,0
699949,MF-1300,LG,12,1,0
699958,TT-0500,MD,10,1,0
699964,MF-1300,LT,2,0,0
699965,MF-1300,RT,3,0,0
699966,MF-1300,LT,0,0,0
699970,IC-0300,RG,-1,0,0
699971,IC-0300,RT,4,0,0
699973,IC-0300,RG,5,1,0
699977,DJ-1850,LG,2,0,0
699978,IC-0300,LT,8,0,0
699982,JF-2800,RG,1,0,0
699986,JF-2800,RT,-1,0,0
699989,IC-0300,LG,85,1,0
699992,TW-1350,RT,4,1,0
699995,IC-0300,LG,2,0,0
700001,TW-1350,RT,5,0,0
700004,JF-2800,RG,2,0,0
700007,JF-2800,LT,11,1,0
700010,TW-1350,LG,0,0,0
700011,JF-2800,LE,1,0,0
700012,JM-2900,MD,0,0,0
700013,DJ-1850,RG,2,0,0
700016,IC-0300,RT,3,0,0
700019,JM-2900,RT,0,0,0
700026,JF-2800,RT,7,1,0
700031,IC-0300,RG,4,1,0
700034,IC-0300,LT,5,1,0
700036,DJ-1850,LG,8,0,0
700038,JF-2800,RG,5,1,0
700042,JF-2800,LT,2,0,0
700056,TW-1350,LT,5,1,0
700060,TW-1350,RT,3,0,0
700065,IC-0300,RE,-1,0,0
700068,IC-0300,LG,1,0,0
700071,JF-2800,LG,1,0,0
700077,IC-0300,LE,15,1,0
700082,TW-1350,LG,4,1,0
700083,TW-1350,RT,3,0,0
700091,IC-0300,RG,3,0,0
700092,IC-0300,RG,2,0,0
700094,IC-0300,RG,-5,0,0
700095,IC-0300,RT,2,0,0
700099,JF-2800,RG,2,0,0
700100,JF-2800,RT,2,0,0
700105,IC-0300,LT,4,1,0
700107,IC-0300,RG,-3,0,0
700112,TW-1350,RT,0,0,0
700114,TW-1350,RT,6,1,0
700115,JF-2800,LT,1,0,0
700117,TW-1350,RT,3,0,0
700118,TW-1350,LT,9,1,0
700119,JF-2800,RT,-1,0,0
700120,JF-2800,LE,4,0,0
700133,JF-1900,RG,1,0,0
700135,DW-3600,MD,8,1,0
700136,DW-3600,MD,1,0,0
700137,DW-3600,MD,0,0,0
700139,JH-4025,RG,0,0,0
700140,JH-4025,RG,5,0,0
700142,JH-4025,LG,2,0,0
700143,JH-4025,MD,2,0,0
700146,DW-3600,MD,1,0,0
700147,DW-3600,LT,3,0,0
700149,DW-3600,RE,11,1,0
700152,DW-3600,MD,0,0,0
700158,JH-4025,MD,3,0,0
700161,DW-3600,MD,1,0,0
700164,DW-3600,RT,1,0,0
700169,AD-0100,RG,5,1,0
700172,GB-0350,RG,4,1,0
700181,DW-3600,LE,7,1,0
700182,SC-0775,LE,6,1,0
700183,DW-3600,RG,1,0,0
700186,GB-0350,RT,0,0,0
700191,DW-3600,RT,3,0,0
700194,JH-4025,RG,1,0,0
700198,DW-3600,LG,0,0,0
700199,DW-3600,LT,0,0,0
700204,GB-0350,LG,1,0,0
700207,DR-1450,RT,6,1,0
700214,GB-0350,RG,2,0,0
700218,DW-3600,LT,8,1,0
700232,JH-4025,RG,3,0,0
700236,DW-3600,MD,8,1,0
700237,DW-3600,MD,0,0,0
700238,DW-3600,MD,6,1,0
700243,JH-4025,RE,1,0,0
700246,DW-3600,RT,8,1,0
700247,DW-3600,LE,6,1,0
700265,JH-4025,MD,-2,0,0
700270,DW-3600,MD,5,1,0
700271,DW-3600,RE,4,1,0
700274,DW-3600,RT,7,1,0
700277,JH-4025,RG,4,1,0
700280,JH-4025,RG,3,0,0
700284,DW-3600,LE,0,0,0
700286,DW-3600,RG,-3,0,0
700289,FT-0300,MD,4,1,0
700290,DW-3600,MD,1,0,0
700291,BR-1100,LG,14,1,0
700292,DW-3600,MD,1,0,0
700303,AD-0100,LE,2,0,0
700307,DW-3600,MD,3,1,0
700308,DW-3600,MD,1,0,0
700313,GB-0350,RT,10,1,0
700316,DW-3600,MD,-1,0,0
700317,DW-3600,MD,6,1,0
700318,DW-3600,RT,-3,0,0
700324,EE-0250,RG,2,0,0
700327,EE-0250,LG,2,0,0
700328,EE-0250,LT,-1,0,0
700337,MJ-2275,LG,6,1,0
700339,MJ-2275,MD,3,0,0
700340,MJ-2275,RT,0,0,0
700344,EE-0250,LG,9,1,0
700345,EE-0250,RE,3,1,0
700347,EE-0250,LE,9,1,0
700348,EE-0250,MD,3,0,0
700350,AM-2850,LE,0,0,0
700354,EE-0250,MD,1,1,0
700362,MJ-2275,RE,7,1,0
700366,MJ-2275,LE,14,1,0
700370,AM-2850,LG,0,0,0
700375,CT-1220,RE,1,0,0
700379,EE-0250,RT,1,0,0
700383,EE-0250,LG,6,1,0
700385,EE-0250,LG,7,1,0
700386,LD-0850,RE,3,0,0
700387,EE-0250,LT,2,0,0
700391,KC-2350,RE,10,1,0
700395,MJ-2275,RT,2,0,0
700405,LD-0850,RE,4,1,0
700407,MJ-2275,LT,4,1,0
700411,MJ-2275,RE,7,1,0
700418,EE-0250,LE,9,1,0
700419,EE-0250,RT,5,1,0
700421,EE-0250,LE,21,1,0
700422,EE-0250,RE,4,1,0
700426,DP-2037,MD,6,1,0
700430,MJ-2275,MD,7,1,0
700431,KC-2350,LE,10,1,0
700432,MJ-2275,RG,5,1,0
700438,EE-0250,RE,0,0,0
700440,MJ-2275,RT,0,0,0
700447,LD-0850,MD,-1,0,0
700451,MJ-2275,RE,3,1,0
700456,EE-0250,LE,-4,0,0
700459,EE-0250,LE,4,1,0
700461,EE-0250,MD,1,0,0
700463,EE-0250,MD,-1,0,0
700467,AM-2850,RG,4,1,0
700470,MJ-2275,LT,3,0,0
700475,CT-1220,LE,0,0,0
700477,AM-2850,RE,5,1,0
700478,AM-2850,RE,-2,0,0
700491,LM-1150,RG,2,0,0
700493,LM-1150,RE,8,1,0
700496,LM-1150,LG,1,0,0
700502,SW-0350,MD,4,0,0
700503,AS-1600,MD,0,0,0
700507,SW-0350,MD,2,0,0
700508,SW-0350,MD,1,0,0
700515,LM-1150,MD,4,0,0
700517,TH-1750,LG,-1,0,0
700521,LM-1150,LG,0,0,0
700531,LM-1150,RG,5,0,0
700535,SW-0350,MD,25,1,0
700537,CW-1450,RG,1,0,0
700542,AB-1975,MD,2,0,0
700544,AB-1975,LT,4,1,0
700547,AB-1975,LG,2,1,0
700548,LM-1150,RE,0,0,0
700552,BM-2350,RE,-2,0,0
700557,SW-0350,RT,2,0,0
700558,SW-0350,MD,5,1,0
700561,SW-0350,MD,9,0,0
700562,LM-1150,MD,2,0,0
700563,LM-1150,MD,6,1,0
700567,CW-1450,MD,4,1,0
700570,CW-1450,MD,28,1,0
700577,SW-0350,RG,7,1,0
700578,SW-0350,RG,1,0,0
700579,SW-0350,LG,1,0,0
700581,LM-1150,LG,1,0,0
700582,LM-1150,RG,4,0,0
700585,LM-1150,RG,3,0,0
700587,JG-3850,LT,8,0,0
700593,LM-1150,RT,2,0,0
700600,CW-1450,MD,8,0,0
700604,CW-1450,LE,21,1,0
700605,CW-1450,RT,-1,0,0
700610,LM-1150,MD,5,1,0
700611,LM-1150,RG,8,1,0
700612,LM-1150,MD,4,1,0
700613,LM-1150,MD,4,1,0
700615,LM-1150,MD,1,0,0
700617,LM-1150,RG,6,1,0
700618,LM-1150,RG,-1,0,0
700627,AS-1600,MD,2,0,0
700631,LM-1150,LG,3,1,0
700633,LM-1150,LE,5,1,0
700634,LM-1150,MD,6,1,0
700635,LM-1150,RG,3,1,0
700636,LM-1150,MD,1,0,0
700638,AB-1975,RG,4,1,0
700639,AB-1975,MD,-1,0,0
700658,BO-0650,NL,-2,0,1
700659,BO-0650,NL,-1,0,1
700662,LB-0500,MD,10,1,0
700663,LB-0500,MD,-1,0,0
700667,LB-0500,LT,2,0,0
700672,AF-0900,RE,3,0,0
700678,LB-0500,RG,2,1,0
700680,LB-0500,LT,1,0,0
700685,AF-0900,LT,5,1,0
700686,RT-0150,LE,4,1,0
700687,RT-0150,MD,0,0,0
700690,LB-0500,RG,3,1,0
700693,LB-0500,MD,3,0,0
700697,DF-1375,LE,7,0,0
700698,JW-2550,MD,16,1,0
700699,LB-0500,LG,-2,0,0
700704,AF-0900,RT,1,0,0
700709,JW-2550,MD,2,0,0
700715,JA-0450,LE,4,0,0
700716,RT-0150,MD,0,0,0
700721,LB-0500,MD,2,0,0
700729,LB-0500,RG,1,0,0
700731,LB-0500,RG,4,1,0
700732,LB-0500,RT,1,0,0
700736,JA-0450,RG,8,1,0
700740,LB-0500,LG,3,0,0
700741,LB-0500,MD,2,0,0
700749,RT-0150,LE,8,1,0
700759,JA-0450,MD,1,0,0
700761,JA-0450,LT,0,0,0
700763,LB-0500,RG,1,0,0
700767,LB-0500,RT,9,1,0
700779,LB-0500,MD,1,0,0
700780,JB-5725,RE,10,1,0
700781,LB-0500,RG,12,1,0
700783,JW-2550,MD,-4,0,0
700786,KD-1462,RE,5,1,0
700794,LB-0500,LE,26,1,0
700795,LB-0500,MD,3,1,0
700797,LB-0500,LT,5,1,0
700800,JW-2550,RG,5,0,0
700803,JA-0450,MD,1,0,0
700809,RT-0150,RE,6,1,0
700810,KD-1462,RE,7,1,0
700813,LB-0500,LE,6,1,0
700814,LB-0500,LE,7,1,0
700816,LB-0500,LE,9,1,0
700817,JB-5725,MD,1,1,0
700818,LB-0500,LT,1,0,0
700820,LB-0500,MD,9,1,0
700821,JB-5725,MD,2,1,0
700822,LB-0500,LT,-3,0,0
700823,LB-0500,MD,0,0,0
700824,LB-0500,LE,6,0,0
700828,RT-0150,RG,17,1,0
700833,JB-5725,NL,-1,0,1
700835,MI-0100,RG,6,1,0
700837,MI-0100,LG,5,1,0
700838,MI-0100,MD,0,0,0
700842,RJ-0800,LT,1,0,0
700845,MI-0100,RG,3,0,0
700846,TH-1600,LE,-2,0,0
700849,RJ-0800,LG,3,0,0
700851,RJ-0800,LG,2,1,0
700853,SV-0200,RE,3,0,0
700855,RJ-0800,MD,2,1,0
700856,RJ-0800,MD,-4,0,0
700861,SV-0200,RG,5,1,0
700864,JK-2200,RG,2,0,0
700871,RJ-0800,LG,5,1,0
700873,SV-0200,RT,0,0,0
700874,MI-0100,RT,9,1,0
700881,RJ-0800,LT,7,1,0
700883,RJ-0800,LT,4,1,0
700884,RJ-0800,RG,4,1,0
700887,TH-1600,LT,5,1,0
700888,TH-1600,RT,6,1,0
700892,RJ-0800,RG,1,0,0
700893,SV-0200,RE,9,1,0
700905,MI-0100,RE,1,0,0
700918,EM-0200,NL,-1,0,1
700920,RJ-0800,RG,-1,0,0
700924,RJ-0800,LG,1,0,0
700930,MI-0100,RG,1,0,0
700937,SV-0200,LG,-2,0,0
700939,SV-0200,RT,5,1,0
700940,SV-0200,LG,3,1,0
700944,SV-0200,MD,3,0,0
700952,MI-0100,LG,3,0,0
700962,OD-0200,RT,-1,0,0
700966,SV-0200,LG,7,1,0
700967,SV-0200,RG,0,0,0
700968,SV-0200,LG,0,0,0
700979,RJ-0800,LG,2,0,0
700988,MI-0100,LG,2,0,0
700993,SV-0200,MD,9,1,0
700995,SV-0200,RT,-2,0,0
700998,SV-0200,MD,2,0,0
701001,EM-0200,NL,-1,0,1
701002,EM-0200,NL,-1,0,1
701003,EM-0200,NL,-1,0,1
701006,JS-6700,MD,1,0,0
701008,CH-5000,LE,3,0,0
701009,CH-5000,LG,6,1,0
701010,CH-5000,MD,2,1,0
701011,CH-5000,RT,5,1,0
701012,SD-0800,LG,-5,0,0
701016,JS-6700,MD,9,1,0
701017,JS-6700,RG,2,1,0
701022,FW-0750,LE,7,1,0
701023,FW-0750,RT,0,0,0
701024,JS-6700,MD,0,0,0
701027,JS-6700,RT,-3,0,0
701028,CN-0500,RE,1,0,0
701031,BG-0100,RE,3,0,0
701032,CH-5000,MD,0,0,0
701037,CH-5000,LT,4,1,0
701040,SD-0800,RE,-3,0,0
701043,MT-1300,MD,4,1,0
701047,FW-0750,MD,4,0,0
701048,CH-5000,RE,-1,0,0
701049,CH-5000,LE,8,1,0
701050,SD-0800,LT,2,0,0
701052,SD-0800,MD,18,1,0
701053,CH-5000,LE,1,0,0
701060,CH-5000,RT,-2,0,0
701064,FW-0750,LE,19,1,0
701066,CN-0500,RE,4,1,0
701067,CN-0500,MD,2,1,0
701068,MT-1300,RG,3,0,0
701073,BG-0100,LE,6,1,0
701074,CH-5000,LG,2,0,0
701077,SD-0800,MD,0,0,0
701081,FW-0750,RT,25,1,0
701085,FW-0750,MD,16,0,0
701087,SD-0800,MD,1,0,0
701088,SD-0800,LT,0,0,0
701089,SD-0800,MD,3,0,0
701092,CN-0500,LG,16,1,0
701099,CH-5000,MD,2,0,0
701103,TG-0900,LE,5,1,0
701111,FW-0750,RT,1,0,0
701115,CH-5000,LG,2,0,0
701121,FW-0750,LE,-1,0,0
701123,MT-1300,RE,0,0,0
701131,SD-0800,MD,5,1,0
701136,MT-1300,LG,3,0,0
701138,CN-0500,LG,14,1,0
701139,FW-0750,MD,3,0,0
701140,FW-0750,MD,5,1,0
701142,CH-5000,RG,2,0,0
701147,BG-0100,MD,1,1,0
701150,FW-0750,LG,8,1,0
701153,MT-1300,LG,2,1,0
701154,MT-1300,RG,2,0,0
701155,MT-1300,MD,5,1,0
701167,FW-0750,RT,1,0,0
701169,MT-1300,MD,0,0,0
701170,FW-0750,LE,3,0,0
701177,MT-1300,LT,6,1,0
701178,CN-0500,RT,0,0,0
701186,FW-0750,LG,1,0,0
701187,FW-0750,LG,2,0,0
701188,FW-0750,LG,6,0,0
701198,DM-4300,MD,-1,0,0
701199,DM-4300,MD,1,0,0
701201,DM-4300,LT,3,0,0
701202,DH-2450,LT,9,1,0
701205,DM-4300,MD,3,1,0
701206,DM-4300,MD,-2,0,0
701209,AA-0025,RE,1,0,0
701213,DM-4300,RE,-5,0,0
701216,AA-0025,MD,5,1,0
701219,AA-0025,RT,3,0,0
701221,AA-0025,RE,4,1,0
701229,DH-2450,LT,5,1,0
701232,MM-0912,MD,5,0,0
701235,DH-2450,RT,4,1,0
701238,DH-2450,LT,3,0,0
701243,TR-0370,LT,7,1,0
701249,MS-4100,MD,7,0,0
701250,TR-0370,LT,-1,0,0
701252,TR-0370,RT,-1,0,0
701254,DM-4300,MD,67,1,0
701255,DH-2450,MD,0,0,0
701259,AA-0025,LT,1,0,0
701263,AA-0025,MD,24,1,0
701265,TR-0370,LT,1,0,0
701267,TR-0370,MD,3,0,0
701274,TR-0370,MD,2,0,0
701283,TR-0370,MD,6,1,0
701291,DM-4300,MD,4,0,0
701292,MM-0912,MD,6,1,0
701295,DM-4300,LT,5,1,0
701298,DW-1550,LT,28,1,0
701300,DW-1550,RT,4,1,0
701303,TR-0370,RE,1,0,0
701306,TR-0370,MD,6,1,0
701308,MS-4100,RT,24,1,0
701309,DW-1550,MD,1,0,0
701317,DH-2450,MD,6,1,0
701320,DH-2450,LT,5,1,0
701326,TR-0370,RT,3,1,0
701327,TR-0370,LT,10,1,0
701333,DM-4300,MD,3,0,0
701340,DW-1550,LE,-2,0,0
701343,DM-4300,RE,10,1,0
701344,DM-4300,RT,1,0,0
701348,DH-2450,LE,2,1,0
701352,DH-2450,LT,6,1,0
701365,MC-0700,NL,-1,0,1
701373,TG-1950,MD,-1,0,0
701378,TR-0112,RT,-2,0,0
701379,TR-0112,LE,-9,0,0
701382,TA-1050,RE,8,1,0
701388,RW-3850,MD,-2,0,0
701394,RW-3850,MD,5,0,0
701396,CM-2280,RT,3,1,0
701397,TR-0112,MD,0,0,0
701401,CM-2280,RT,-1,0,0
701407,TG-1950,MD,4,0,0
701410,CM-2280,RT,3,0,0
701413,RW-3850,MD,1,0,0
701414,CM-2280,MD,12,1,0
701417,TG-1950,MD,3,0,0
701421,TR-0112,MD,4,1,0
701422,TR-0112,MD,1,0,0
701425,TR-0112,LT,0,0,0
701428,TR-0112,MD,-1,0,0
701434,TG-1950,MD,5,1,0
701435,TG-1950,LT,8,1,0
701437,TG-1950,MD,-4,0,0
701450,CM-2280,LG,5,1,0
701451,CM-2280,MD,3,1,0
701452,CM-2280,RG,11,1,0
701455,RW-3850,MD,8,0,0
701457,TG-1950,LT,3,0,0
701459,TG-1950,LT,9,1,0
701461,TG-1950,MD,4,1,0
701462,TG-1950,MD,1,0,0
701463,BC-3070,MD,2,0,0
701466,CM-2280,LT,10,1,0
701467,CM-2280,RE,16,1,0
701468,AC-2150,RT,0,0,0
701469,AC-2150,RT,0,0,0
701473,TG-1950,RT,4,1,0
701475,TG-1950,MD,1,0,0
701477,TA-1050,LE,-2,0,0
701478,CK-0250,MD,7,1,0
701485,RW-3850,LE,2,0,0
701489,TG-1950,LE,11,1,0
701495,CM-2280,LT,-2,0,0
701504,TG-1950,RG,-1,0,0
701506,TG-1950,LT,2,0,0
701507,TG-1950,RT,0,0,0
701510,TG-1950,RT,2,0,0
701513,TG-1950,MD,4,1,0
701514,TG-1950,LT,-4,0,0
701522,CK-0250,NL,-1,0,1
701523,CK-0250,NL,-1,0,1
701527,DJ-1325,LE,0,0,0
701532,DM-0450,MD,3,1,0
701533,DM-0450,MD,12,1,0
701534,DM-0450,MD,4,1,0
701538,DJ-1325,LE,10,1,0
701540,DJ-1325,RT,8,1,0
701543,DM-0450,MD,2,0,0
701545,DM-0450,MD,3,0,0
701548,DM-0450,RE,-2,0,0
701552,DJ-1325,MD,5,1,0
701553,DJ-1325,RT,1,0,0
701555,DJ-1325,MD,0,0,0
701557,DJ-1325,MD,1,0,0
701560,DJ-1325,MD,0,0,0
701566,DM-0450,RT,1,0,0
701568,CJ-1700,LE,9,1,0
701569,CJ-1700,MD,1,1,0
701571,DJ-1325,LE,4,0,0
701578,CS-1950,MD,1,0,0
701580,CS-1950,LT,1,0,0
701584,CJ-1700,LT,3,0,0
701585,CJ-1700,MD,2,0,0
701589,CS-1950,RE,1,0,0
701608,DJ-1325,MD,10,1,0
701614,JW-5650,LE,2,0,0
701616,JW-5650,NL,-1,0,1
701619,CS-1950,RE,4,1,0
701625,JW-5650,MD,8,1,0
701628,CS-1950,LT,-3,0,0
701633,CJ-1700,LE,-1,0,0
701642,CS-1950,MD,7,1,0
701647,CS-1950,RE,9,1,0
701648,JR-2800,MD,5,1,0
701650,JR-2800,RE,24,1,0
701655,DJ-1325,RT,2,0,0
701656,DJ-1325,LT,4,0,0
701659,CJ-1700,MD,8,1,0
701660,CJ-1700,MD,9,1,0
701661,CJ-1700,MD,2,1,0
701662,CJ-1700,MD,3,1,0
701665,CS-1950,MD,-1,0,0
701668,CS-1950,LE,5,0,0
701671,CJ-1700,LT,3,1,0
701681,CJ-1700,RT,5,1,0
701682,CJ-1700,LT,2,0,0
701684,CJ-1700,RT,-1,0,0
701685,CJ-1700,RT,5,0,0
701693,CJ-1700,MD,1,0,0
701694,CJ-1700,MD,3,0,0
701695,AE-0750,MD,2,0,0
701704,DF-1875,LT,8,1,0
701708,DF-1875,LE,7,1,0
701709,DF-1875,RT,3,1,0
701710,TC-2050,MD,6,1,0
701716,LM-1850,MD,9,1,0
701717,JR-2075,MD,4,1,0
701722,TC-2050,MD,0,0,0
701724,TC-2050,MD,6,1,0
701725,TC-2050,LT,0,0,0
701731,DW-1350,RG,2,0,0
701732,JR-2075,LG,3,0,0
701735,DF-1875,MD,11,1,0
701736,DF-1875,RT,6,1,0
701738,TC-2050,MD,6,1,0
701742,DF-1875,MD,3,0,0
701743,DF-1875,MD,3,0,0
701748,DC-0725,RE,5,1,0
701750,JR-2075,MD,1,0,0
701754,LM-1850,LG,1,1,0
701763,DF-1875,MD,9,1,0
701764,DF-1875,MD,2,1,0
701765,DF-1875,MD,1,0,0
701770,DW-1350,MD,26,1,0
701776,TC-2050,RG,3,0,0
701777,TC-2050,LE,3,0,0
701791,LM-1850,MD,2,0,0
701792,LM-1850,MD,5,1,0
701795,JH-5125,LE,14,1,0
701798,LM-1850,LE,7,1,0
701802,DF-1875,MD,2,0,0
701804,DF-1875,MD,18,1,0
701806,DW-1350,LT,6,1,0
701812,JR-2075,RE,0,0,0
701818,TC-2050,MD,4,1,0
701823,LM-1850,LE,15,1,0
701824,DC-0725,RE,5,1,0
701826,DW-1350,MD,8,1,0
701827,DW-1350,RT,1,0,0
701828,JO-0550,LT,11,1,0
701830,LM-1850,RE,18,1,0
701831,LM-1850,MD,0,0,0
701837,DF-1875,RT,12,1,0
701840,DF-1875,MD,2,0,0
701846,DW-1350,MD,3,0,0
701848,JR-2075,LG,1,0,0
701849,JR-2075,MD,7,1,0
701851,JR-2075,MD,1,0,0
701852,DF-1875,MD,6,1,0
701853,DF-1875,MD,1,0,0
701857,TC-2050,MD,13,1,0
701870,DF-1875,MD,-1,0,0
701873,TC-2050,MD,2,0,0
701874,TC-2050,MD,-1,0,0
701875,TC-2050,MD,4,0,0
701882,CA-0750,LG,1,0,0
701883,CA-0750,RT,7,1,0
701889,FG-0200,MD,4,1,0
701890,FG-0200,RG,5,1,0
701891,FG-0200,LT,0,0,0
701895,CA-0750,RG,2,0,0
701897,CA-0750,MD,5,1,0
701903,FG-0200,RG,3,0,0
701907,DB-2950,LT,11,1,0
701908,CA-0750,LT,5,1,0
701909,CA-0750,RT,2,0,0
701914,FG-0200,MD,2,0,0
701919,CA-0750,LG,4,1,0
701921,CA-0750,RT,11,1,0
701923,DB-2950,MD,5,1,0
701924,CA-0750,MD,4,1,0
701928,FG-0200,MD,8,1,0
701931,DB-2950,RT,3,0,0
701933,DB-2950,LG,2,0,0
701940,FG-0200,MD,6,1,0
701944,FG-0200,MD,2,0,0
701950,CA-0750,LT,10,1,0
701952,KB-1050,MD,7,1,0
701962,AL-1100,NL,-1,0,1
701964,FG-0200,MD,3,0,0
701969,AL-1100,LT,21,1,0
701970,FG-0200,MD,3,0,0
701971,RT-1950,MD,3,0,0
701973,FG-0200,MD,4,1,0
701976,RT-1950,MD,2,1,0
701977,FG-0200,LG,1,0,0
701980,RT-1950,LE,5,1,0
701983,CA-0750,MD,-2,0,0
701987,CA-0750,MD,-1,0,0
701989,TS-1450,RE,7,1,0
701990,DB-2950,RG,12,1,0
701991,DB-2950,MD,6,1,0
701992,DB-2950,RG,5,1,0
701993,CA-0750,LT,9,1,0
701994,CA-0750,LT,0,0,0
701995,CA-0750,MD,-1,0,0
701998,JF-1250,MD,6,1,0
701999,JF-1250,RG,1,0,0
702011,CA-0750,MD,5,1,0
702012,DB-2950,RT,2,0,0
702014,DB-2950,RT,0,0,0
702019,FG-0200,MD,3,1,0
702020,AL-1100,RE,2,1,0
702035,CA-0750,LT,-1,0,0
702038,CA-0750,MD,1,0,0
702040,CA-0750,RT,13,1,0
702041,CA-0750,LG,0,0,0
702056,MG-1150,RT,2,0,0
702058,MG-1150,MD,7,1,0
702060,DW-4300,RG,2,0,0
702061,MG-1150,RE,21,1,0
702062,DW-4300,RT,23,1,0
702063,MG-1150,MD,3,1,0
702067,TY-0150,MD,-1,0,0
702072,DW-4300,MD,2,1,0
702073,MG-1150,LT,4,1,0
702074,MG-1150,RG,-2,0,0
702077,TY-0150,RE,4,1,0
702078,TY-0150,LT,2,0,0
702080,MG-1150,RG,2,0,0
702083,MG-1150,RE,4,1,0
702084,MG-1150,MD,-1,0,0
702090,TY-0150,RE,15,1,0
702096,MG-1150,MD,2,0,0
702108,MG-1150,MD,3,0,0
702109,MG-1150,MD,8,1,0
702110,MG-1150,MD,2,1,0
702118,TY-0150,LG,5,1,0
702124,MG-1150,MD,1,0,0
702132,TY-0150,RT,1,0,0
702133,TY-0150,MD,2,0,0
702138,MG-1150,MD,-1,0,0
702139,TB-1060,LE,-1,0,0
702149,MG-1150,LE,19,1,0
702159,MG-1150,MD,8,1,0
702160,MG-1150,MD,3,1,0
702161,MG-1150,MD,5,1,0
702163,PR-0300,MD,10,1,0
702165,MG-1150,RE,2,0,0
702171,BB-2425,RE,3,1,0
702172,BB-2425,LE,24,1,0
702183,MG-1150,LE,-4,0,0
702185,MG-1150,LE,11,1,0
702186,KF-0150,LT,1,0,0
702188,MG-1150,MD,3,1,0
702189,KF-0150,RE,4,1,0
702191,MG-1150,RE,0,0,0
702197,DR-2250,MD,7,1,0
702203,KF-0150,MD,4,1,0
702204,KF-0150,MD,4,1,0
702210,BB-2425,MD,7,1,0
702219,KC-1400,NL,-1,0,1
702220,KC-1400,NL,0,0,1
702223,AP-0700,LG,2,0,0
702225,AP-0700,LT,0,0,0
702230,EL-0010,MD,5,1,0
702239,EL-0010,LE,3,1,0
702241,EL-0010,RG,2,1,0
702243,EL-0010,MD,0,0,0
702247,AP-0700,MD,-1,0,0
702250,AP-0700,LG,0,0,0
702256,JS-6200,RE,2,0,0
702260,AP-0700,LG,-4,0,0
702274,EL-0010,RE,2,0,0
702275,EL-0010,LT,4,0,0
702278,AP-0700,MD,4,1,0
702285,RC-1500,RT,1,0,0
702289,AP-0700,LE,5,1,0
702290,AP-0700,RT,4,1,0
702291,AP-0700,RG,2,1,0
702303,EL-0010,LE,9,1,0
702309,AP-0700,LT,-2,0,0
702315,EL-0010,LG,-1,0,0
702317,EL-0010,LE,12,1,0
702320,AR-1300,LE,9,1,0
702321,JS-6200,RT,-2,0,0
702324,JS-6200,LG,1,0,0
702325,AP-0700,MD,4,1,0
702327,AP-0700,RG,5,1,0
702328,JM-3450,MD,2,0,0
702333,JS-6200,RE,1,0,0
702334,JS-6200,LE,5,0,0
702338,JS-6200,RE,2,0,0
702342,JS-6200,RE,-6,0,0
702343,AR-1300,MD,10,1,0
702346,CP-0750,RE,-2,0,0
702347,JM-3450,RG,0,0,0
702351,EL-0010,MD,13,1,0
702353,EL-0010,MD,1,0,0
702355,EL-0010,LT,0,0,0
702358,MA-1150,LT,12,1,0
702359,MA-1150,RT,-1,0,0
702367,AR-1300,MD,10,1,0
702373,MA-1150,RT,3,1,0
702374,MA-1150,LG,1,0,0
702376,MA-1150,LG,-2,0,0
702377,MA-1150,MD,1,0,0
702378,SB-1100,NL,-3,0,1
702382,JL-0280,LT,0,0,0
702392,DS-3300,RG,3,0,0
702395,DS-3300,LG,2,0,0
702400,KC-0250,LG,2,0,0
702411,DS-3300,LE,7,0,0
702415,KC-0250,RE,1,0,0
702416,PL-0050,RG,2,1,0
702418,JL-0280,LT,0,0,0
702420,JL-0280,LT,1,1,0
702423,RM-1200,LE,0,0,0
702426,DS-3300,LG,0,0,0
702432,JH-5750,LE,0,0,0
702433,RM-1200,LT,5,0,0
702437,DS-3300,LG,1,0,0
702439,CW-1425,LE,4,1,0
702440,KB-0350,LG,-1,0,0
702444,JL-0280,RG,4,1,0
702459,RM-1200,LT,2,0,0
702464,JL-0280,LE,16,1,0
702470,CW-1425,RE,7,0,0
702472,JL-0280,LT,6,1,0
702473,JL-0280,LG,3,1,0
702474,JL-0280,LG,3,1,0
702475,KW-0887,LE,9,1,0
702476,JH-5575,RT,10,1,0
702477,JH-5575,LE,8,1,0
702478,JL-0280,RG,-4,0,0
702482,CW-1425,RE,5,1,0
702483,WS-0650,RG,11,1,0
702484,WS-0650,LG,5,1,0
702487,KB-0350,RG,3,1,0
702488,RM-1200,RG,3,1,0
702496,JL-0280,LG,0,0,0
702499,JL-0280,RG,-1,0,0
702500,RM-1200,LE,30,1,0
702501,DS-3300,RE,14,1,0
702502,RM-1200,LG,-4,0,0
702504,DS-3300,LG,4,0,0
702506,RM-1200,LE,1,1,0
702511,JH-5575,LG,4,1,0
702519,RM-1200,LG,-1,0,0
702522,DS-3300,LG,0,0,0
702526,RM-1200,LT,-4,0,0
702528,DS-3300,RE,5,1,0
702529,DS-3300,LE,1,0,0
702530,DS-3300,RE,6,1,0
702531,DS-3300,RE,-3,0,0
702533,CW-1425,NL,-2,0,1
702534,CW-1425,NL,-3,0,1
702535,CW-1425,NL,-1,0,1
702537,LM-1150,RE,9,1,0
702538,LM-1150,RG,-2,0,0
702540,LM-1150,RG,2,0,0
702544,LB-0500,LT,0,0,0
702548,LM-1150,LG,3,0,0
702549,LM-1150,LT,6,1,0
702550,LM-1150,RG,1,1,0
702552,LM-1150,LG,2,0,0
702554,LM-1150,LT,6,0,0
702557,LB-0500,MD,0,0,0
702559,JB-5725,RT,13,1,0
702561,LB-0500,MD,3,1,0
702563,LB-0500,MD,5,1,0
702564,JE-0100,LE,4,1,0
702569,JB-5725,RE,27,1,0
702572,LM-1150,RT,1,0,0
702575,LM-1150,RE,-2,0,0
702577,LM-1150,LT,5,1,0
702580,LB-0500,LG,0,0,0
702581,JB-5725,MD,3,0,0
702584,LM-1150,RG,0,0,0
702587,LM-1150,MD,4,1,0
702589,JG-3850,LG,3,0,0
702594,JW-2550,LE,0,0,0
702596,MB-1800,RE,6,1,0
702597,LB-0500,MD,2,0,0
702598,LB-0500,RG,1,0,0
702601,LM-1150,MD,4,1,0
702603,LM-1150,RE,10,1,0
702606,LM-1150,RT,0,0,0
702608,JW-2550,MD,7,1,0
702609,JE-0100,RE,8,1,0
702610,JW-2550,LG,5,1,0
702611,JB-5725,NL,-1,0,1
702612,JB-5725,NL,-1,0,1
702615,LB-0500,LG,4,1,0
702616,LB-0500,LT,5,1,0
702617,LB-0500,LG,4,1,0
702618,JB-5725,LG,4,1,0
702619,LB-0500,LE,14,1,0
702620,LB-0500,LG,4,1,0
702621,JE-0100,LT,2,0,0
702623,LB-0500,RG,1,0,0
702629,LB-0500,LG,9,1,0
702630,LB-0500,LG,-1,0,0
702632,LB-0500,MD,-1,0,0
702635,LB-0500,LT,1,1,0
702643,LB-0500,LG,4,1,0
702651,LM-1150,RG,4,1,0
702653,JG-3850,LT,-1,0,0
702657,JB-5725,RT,1,0,0
702661,LM-1150,RG,4,0,0
702662,LM-1150,MD,7,0,0
702664,LB-0500,LT,6,1,0
702665,LB-0500,LE,41,1,0
702670,BO-0650,LT,13,1,0
702673,JG-3850,MD,2,0,0
702675,LB-0500,LT,2,0,0
702676,LB-0500,MD,-2,0,0
702683,LM-1150,RG,15,1,0
702686,LM-1150,MD,1,0,0
702690,LB-0500,RG,1,0,0
702691,LB-0500,LT,2,0,0
702692,JB-5725,RE,2,0,0
702695,AB-1975,LG,4,0,0
702696,AB-1975,MD,8,1,0
