uid,pid,tck,value
460080,697182,LK-0600,1
460081,697186,RM-1900,1
460082,697187,JB-4975,1
460083,697188,RM-1900,1
460084,697189,CJ-1300,1
460085,697190,BM-0330,1
460086,697191,TD-0725,1
460087,697192,DW-1100,1
460088,697194,JS-3150,1
460089,697195,DS-4300,1
460090,697196,SR-0250,1
460091,697201,KS-0850,1
460092,697202,JB-4975,1
460093,697203,LK-0600,1
460094,697204,TD-0700,1
460095,697205,JB-4975,0.5
460096,697205,KC-1800,0.5
460097,697206,TD-0700,1
460098,697207,JB-4975,1
460099,697208,LK-0600,1
460100,697212,DW-4250,1
460101,697213,DS-4300,1
460102,697215,BB-1750,1
460103,697216,TB-1850,1
460104,697217,LK-0600,1
460105,697218,ST-0550,1
460106,697222,VM-0300,1
460107,697224,DS-4300,1
460108,697225,BM-0330,1
460109,697226,DK-0550,1
460110,697227,BM-0330,1
460111,697228,BM-0330,1
460112,697229,TW-0600,1
460113,697230,TD-0725,1
460114,697233,JC-5630,1
460115,697235,BR-1050,1
460116,697236,TD-0725,1
460117,697237,CH-1500,1
460118,697238,TW-0600,1
460119,697243,ST-0550,1
460120,697244,TB-1850,1
460121,697247,DS-4300,1
460122,697248,SW-1750,1
460123,697249,CH-1500,1
460124,697251,BM-0330,1
460125,697258,DW-4250,1
460126,697259,DS-4300,1
460127,697260,BM-0330,1
460128,697261,TD-0725,1
460129,697262,SR-0250,0.5
460130,697262,AT-0100,0.5
460131,697264,JB-4975,1
460132,697265,LK-0600,1
460133,697267,LK-0600,1
460134,697269,SB-0225,1
460135,697273,RD-0850,1
460136,697274,TD-0700,1
460137,697275,LK-0600,1
460138,697281,BR-1050,1
460139,697283,TD-0700,1
460140,697284,KC-1800,1
460141,697285,ST-0550,1
460142,697286,TB-1850,1
460143,697287,LK-0600,1
460144,697288,RM-1900,1
460145,697289,JB-4975,1
460146,697293,CN-0450,1
460147,697295,KC-1800,1
460148,697296,KS-0850,1
460149,697297,RM-1900,1
460150,697298,CJ-1300,1
460151,697300,BB-1750,1
460152,697301,LK-0600,1
460153,697303,AK-0650,0.5
460154,697303,AK-0650,0.5
460155,697307,TD-0725,1
460156,697308,CN-0450,1
460157,697310,VM-0300,1
460158,697311,BR-1050,1
460159,697312,TW-0600,1
460160,697313,BR-1050,1
460161,697314,TD-0725,1
460162,697319,LK-0600,1
460163,697324,BR-1050,1
460164,697327,TW-0600,1
460165,697329,TW-0600,1
460166,697333,KW-0850,1
460167,697339,DW-3950,1
460168,697340,JH-5900,1
460169,697341,CB-4770,0.5
460170,697341,PB-0750,0.5
460171,697342,RD-0050,1
460172,697343,CB-4770,1
460173,697346,ZO-0100,0.5
460174,697346,EW-0400,0.5
460175,697347,SW-2300,1
460176,697348,SW-2300,1
460177,697350,RD-0050,1
460178,697351,RD-0050,1
460179,697354,SG-0650,1
460180,697357,ZO-0100,1
460181,697358,TJ-1025,1
460182,697362,PB-0750,0.5
460183,697362,SG-0650,0.5
460184,697363,SG-0650,1
460185,697364,PB-0750,1
460186,697365,LM-1020,0.5
460187,697365,ZB-0400,0.5
460188,697366,RD-0050,1
460189,697367,CG-1700,1
460190,697370,JH-5900,0.5
460191,697370,ZB-0400,0.5
460192,697373,SW-2300,1
460193,697374,ZO-0100,1
460194,697377,AL-0650,1
460195,697381,KW-1600,1
460196,697382,JW-6530,0.5
460197,697382,LA-0200,0.5
460198,697384,LM-1020,1
460199,697385,PB-0750,1
460200,697389,SW-2300,1
460201,697390,SW-2300,1
460202,697392,SW-2300,1
460203,697394,EW-0400,1
460204,697396,LG-1000,1
460205,697397,SW-2300,1
460206,697398,TS-3500,1
460207,697399,AM-1200,1
460208,697400,MP-1225,0.5
460209,697400,BU-0150,0.5
460210,697405,ZB-0400,1
460211,697406,SG-0650,1
460212,697407,AW-1200,1
460213,697408,JH-5900,1
460214,697409,PB-0750,1
460215,697414,SW-2300,1
460216,697415,ZO-0100,1
460217,697416,CM-3250,1
460218,697418,ZS-0075,1
460219,697419,ZO-0100,1
460220,697422,AM-1200,1
460221,697423,TY-0250,1
460222,697426,ZB-0400,0.5
460223,697426,JM-4050,0.5
460224,697429,MP-1225,1
460225,697430,JS-4300,1
460226,697431,EW-0400,1
460227,697432,MJ-2700,0.5
460228,697432,CM-3250,0.5
460229,697433,SW-2300,1
460230,697435,KW-1600,1
460231,697436,NR-0350,1
460232,697437,PB-0750,1
460233,697440,AW-1200,1
460234,697442,JH-5900,1
460235,697444,EW-0400,1
460236,697445,SW-2300,1
460237,697448,PB-0750,1
460238,697451,BW-2020,1
460239,697453,ZO-0100,1
460240,697456,RD-0050,1
460241,697457,RD-0050,1
460242,697458,RD-0050,1
460243,697459,JW-6530,0.5
460244,697459,ZB-0400,0.5
460245,697460,ZB-0400,1
460246,697461,KW-1600,1
460247,697465,JM-4050,0.5
460248,697465,SG-0650,0.5
460249,697466,ZB-0400,1
460250,697472,SW-2300,1
460251,697475,LA-0200,1
460252,697476,AW-1200,1
460253,697477,KW-1600,0.5
460254,697477,CB-4770,0.5
460255,697478,ZB-0400,1
460256,697479,PB-0750,1
460257,697484,JF-3060,0.5
460258,697484,HJ-0400,0.5
460259,697485,HJ-0400,1
460260,697486,EG-0350,0.5
460261,697486,JF-3060,0.5
460262,697487,LF-0450,1
460263,697488,JG-1550,1
460264,697489,LF-0450,0.5
460265,697489,HJ-0400,0.5
460266,697491,JS-3250,1
460267,697492,BC-3100,0.5
460268,697492,BM-1450,0.5
460269,697493,JW-1100,0.5
460270,697493,JS-3250,0.5
460271,697494,JC-3350,1
460272,697496,KJ-0650,1
460273,697499,BC-3100,1
460274,697504,JF-3060,1
460275,697506,DT-1950,1
460276,697507,JF-3060,1
460277,697509,MB-4950,0.5
460278,697509,BM-1450,0.5
460279,697511,KJ-0100,1
460280,697512,BM-1450,1
460281,697513,LF-0450,0.5
460282,697513,JF-3060,0.5
460283,697514,HJ-0400,1
460284,697515,JF-3060,0.5
460285,697515,DT-1950,0.5
460286,697516,TP-2000,1
460287,697518,JF-3060,1
460288,697519,AA-0543,1
460289,697520,CW-0850,1
460290,697521,AA-0543,1
460291,697522,LF-0450,0.5
460292,697522,HJ-0400,0.5
460293,697524,LH-1900,0.5
460294,697524,JF-3060,0.5
460295,697525,JG-1550,1
460296,697530,JJ-5000,1
460297,697531,QD-0100,1
460298,697532,JJ-5000,1
460299,697533,KJ-0100,1
460300,697536,AH-3050,0.5
460301,697536,JF-3060,0.5
460302,697537,JF-3060,1
460303,697538,HJ-0400,1
460304,697539,TP-2000,1
460305,697541,TP-2000,1
460306,697542,LF-0450,1
460307,697543,DT-1950,1
460308,697544,LH-1900,0.5
460309,697544,DT-1950,0.5
460310,697548,QD-0100,0.5
460311,697548,JJ-5000,0.5
460312,697549,AB-2250,1
460313,697550,JS-3250,0.5
460314,697550,KJ-0100,0.5
460315,697554,JF-3060,1
460316,697557,KJ-0100,1
460317,697559,AH-0250,1
460318,697565,MB-4950,1
460319,697567,JG-1550,1
460320,697570,JF-3060,1
460321,697574,VW-0200,1
460322,697579,AH-3050,1
460323,697582,QD-0100,1
460324,697583,JC-3350,0.5
460325,697583,AH-0250,0.5
460326,697584,MB-4950,1
460327,697587,EG-0350,1
460328,697588,AA-0543,1
460329,697589,JF-3060,0.5
460330,697589,TP-2000,0.5
460331,697591,JF-3060,0.5
460332,697591,DT-1950,0.5
460333,697592,JG-1550,1
460334,697594,MB-4950,1
460335,697598,EG-0350,1
460336,697599,DT-1950,1
460337,697600,LH-1900,0.5
460338,697600,DT-1950,0.5
460339,697602,AA-0543,1
460340,697603,JF-3060,0.5
460341,697603,JG-1550,0.5
460342,697604,SA-0100,1
460343,697606,DH-0850,1
460344,697610,WM-0550,0.5
460345,697610,BM-1450,0.5
460346,697611,DR-0625,0.5
460347,697611,CC-4550,0.5
460348,697612,QD-0100,1
460349,697613,WM-0550,0.5
460350,697613,MB-4950,0.5
460351,697614,BM-1450,0.5
460352,697614,KJ-0100,0.5
460353,697617,JF-3060,1
460354,697618,EG-0350,0.5
460355,697618,DT-1950,0.5
460356,697619,DH-0850,1
460357,697620,AH-3050,1
460358,697625,AB-2250,1
460359,697629,DT-1950,1
460360,697630,JF-3060,0.5
460361,697630,DH-0850,0.5
460362,697631,HJ-0400,1
460363,697632,LH-1900,1
460364,697633,EG-0350,0.5
460365,697633,DT-1950,0.5
460366,697636,JJ-5000,1
460367,697638,JS-3250,1
460368,697639,JS-3250,1
460369,697646,SM-2200,1
460370,697647,DR-1100,1
460371,697651,AJ-1200,1
460372,697652,CD-2200,1
460373,697654,CD-2200,0.5
460374,697654,KD-0100,0.5
460375,697655,AJ-1200,1
460376,697656,AJ-1200,1
460377,697658,KD-0100,1
460378,697659,KD-0100,0.5
460379,697659,GI-1300,0.5
460380,697664,EH-0600,1
460381,697668,JS-2050,1
460382,697669,CD-2200,1
460383,697674,JS-2050,1
460384,697676,DH-1400,1
460385,697677,DL-0550,0.5
460386,697677,MW-2250,0.5
460387,697679,MW-1800,1
460388,697683,MH-3750,1
460389,697684,VR-0200,1
460390,697685,KD-0100,0.5
460391,697685,AJ-1200,0.5
460392,697687,VR-0200,1
460393,697690,MG-0600,1
460394,697691,MW-1800,1
460395,697692,DR-1100,1
460396,697696,SW-1550,1
460397,697700,SW-1550,1
460398,697708,KD-0100,0.5
460399,697708,VR-0200,0.5
460400,697709,JS-2050,1
460401,697710,AJ-1200,1
460402,697711,DP-0900,0.5
460403,697711,VR-0200,0.5
460404,697712,CL-0950,1
460405,697713,KD-0100,0.5
460406,697713,VR-0200,0.5
460407,697714,KD-0100,1
460408,697718,MW-2250,1
460409,697719,MW-2250,1
460410,697721,DL-0550,1
460411,697723,LM-0550,0.5
460412,697723,DH-1400,0.5
460413,697725,DR-1100,1
460414,697728,DH-1400,1
460415,697729,BS-2300,1
460416,697732,GA-0400,0.5
460417,697732,MJ-1800,0.5
460418,697733,AJ-1200,1
460419,697734,CD-2200,1
460420,697740,LW-1350,1
460421,697741,DL-0550,1
460422,697744,CD-2200,1
460423,697745,GA-0400,1
460424,697746,KD-0100,1
460425,697750,SM-2200,1
460426,697752,MW-2250,1
460427,697753,LW-1350,0.5
460428,697753,DL-0550,0.5
460429,697755,DL-0550,1
460430,697756,MW-1800,1
460431,697760,GI-1300,1
460432,697761,KD-0100,1
460433,697762,SW-1550,1
460434,697763,PS-0300,0.5
460435,697763,SW-1550,0.5
460436,697764,CL-0950,1
460437,697765,DK-0750,0.5
460438,697765,SW-1550,0.5
460439,697766,DP-0900,0.5
460440,697766,SW-1550,0.5
460441,697767,GI-1300,1
460442,697768,VR-0200,1
460443,697769,GA-0400,1
460444,697773,SM-2200,1
460445,697774,DR-1100,1
460446,697775,BS-2300,1
460447,697780,KD-0100,1
460448,697781,VR-0200,1
460449,697782,VR-0200,0.5
460450,697782,GI-1300,0.5
460451,697783,VR-0200,1
460452,697784,CL-0950,0.5
460453,697784,SW-1550,0.5
460454,697785,MJ-1800,0.5
460455,697785,KD-0100,0.5
460456,697786,SW-1550,1
460457,697787,PS-0300,0.5
460458,697787,SW-1550,0.5
460459,697790,DR-1100,0.5
460460,697790,BS-2300,0.5
460461,697791,LW-1350,0.5
460462,697791,LM-0550,0.5
460463,697792,MW-1800,0.5
460464,697792,MG-0600,0.5
460465,697793,MW-1800,1
460466,697794,DL-0550,0.5
460467,697794,DR-1100,0.5
460468,697795,LT-0262,0.5
460469,697795,DH-1400,0.5
460470,697796,LT-0262,1
460471,697797,DR-1100,1
460472,697805,JP-4150,1
460473,697806,JM-3950,0.5
460474,697806,CK-0850,0.5
460475,697809,JP-4150,1
460476,697810,IC-0050,1
460477,697811,DS-1850,1
460478,697813,DS-1850,1
460479,697818,FC-0400,1
460480,697819,JH-3675,1
460481,697821,EO-0075,1
460482,697825,DD-0250,1
460483,697830,JH-3675,1
460484,697831,NB-0500,0.5
460485,697831,LM-1100,0.5
460486,697833,XC-0100,1
460487,697834,DD-0250,1
460488,697835,CK-0850,1
460489,697836,DK-0625,1
460490,697839,NC-0100,1
460491,697840,RM-3050,1
460492,697842,KG-1200,1
460493,697843,IC-0050,1
460494,697844,DD-0250,0.5
460495,697844,CK-0850,0.5
460496,697845,IC-0050,1
460497,697849,LM-1100,1
460498,697851,MJ-0600,1
460499,697853,NC-0100,1
460500,697854,BG-1200,0.5
460501,697854,BA-0350,0.5
460502,697860,DD-0250,1
460503,697861,JP-4150,1
460504,697864,RM-3050,1
460505,697865,NB-0500,1
460506,697866,BG-1200,1
460507,697867,CB-0800,1
460508,697869,NB-0500,1
460509,697871,XC-0100,1
460510,697873,DK-0625,1
460511,697874,JT-0850,1
460512,697875,TW-2700,1
460513,697876,JT-0850,1
460514,697877,DD-0250,1
460515,697886,NB-0500,1
460516,697888,NC-0100,1
460517,697889,FC-0400,1
460518,697894,DS-1850,1
460519,697896,IC-0050,1
460520,697897,JS-1025,1
460521,697900,CK-0850,1
460522,697905,JP-4150,1
460523,697906,JT-0850,1
460524,697907,JH-0100,1
460525,697908,TW-2700,1
460526,697909,JT-0850,1
460527,697911,JP-4150,1
460528,697915,JH-3675,1
460529,697919,JM-4850,1
460530,697921,DK-0625,1
460531,697922,DK-0625,1
460532,697923,DK-0625,1
460533,697925,JP-4150,1
460534,697928,NB-0500,1
460535,697933,CN-0250,1
460536,697935,CK-0850,1
460537,697939,RM-3050,1
460538,697941,JH-0100,1
460539,697942,CN-0250,1
460540,697943,XC-0100,1
460541,697945,JH-0100,1
460542,697946,DS-1850,0.5
460543,697946,JM-3950,0.5
460544,697947,JT-0850,1
460545,697954,JM-4850,1
460546,697956,DD-0250,1
460547,697957,IC-0050,1
460548,697958,DD-0250,1
460549,697959,XC-0100,1
460550,697964,RM-3050,1
460551,697965,JH-3675,1
460552,697966,FC-0400,1
460553,697968,JR-3650,1
460554,697969,BM-0345,1
460555,697971,NP-0130,1
460556,697973,DF-1481,1
460557,697974,TS-2050,1
460558,697975,TS-2050,1
460559,697976,TG-0950,1
460560,697978,JO-0300,0.5
460561,697978,TS-2050,0.5
460562,697982,LG-0900,1
460563,697986,HC-0050,1
460564,697987,LG-0900,1
460565,697988,HC-0050,1
460566,697991,PP-0800,1
460567,697995,DR-0450,1
460568,697996,JR-3650,1
460569,698000,SM-0500,1
460570,698001,YN-0100,1
460571,698004,KC-1225,0.5
460572,698004,BM-0345,0.5
460573,698005,CM-0900,1
460574,698006,MH-4000,1
460575,698009,TS-2050,1
460576,698014,MD-0060,1
460577,698016,JT-1650,1
460578,698017,MB-5100,1
460579,698018,MB-5100,1
460580,698019,JR-3650,0.5
460581,698019,MB-5100,0.5
460582,698020,SS-1300,1
460583,698021,DR-0450,1
460584,698022,CR-0950,1
460585,698024,DR-0450,1
460586,698027,PP-0800,1
460587,698028,DS-2200,1
460588,698029,TS-2050,1
460589,698031,YN-0100,0.5
460590,698031,JR-0150,0.5
460591,698032,PP-0800,1
460592,698033,TG-0950,1
460593,698034,DH-4000,1
460594,698038,JR-3650,1
460595,698039,BM-0345,1
460596,698040,MB-5100,1
460597,698041,QR-0100,1
460598,698042,MB-5100,1
460599,698048,JC-6400,1
460600,698049,JR-0150,1
460601,698058,TS-2050,0.5
460602,698058,PP-0800,0.5
460603,698059,JC-6400,1
460604,698060,DH-4000,1
460605,698063,JC-6400,1
460606,698064,JC-6400,1
460607,698066,JC-6400,1
460608,698067,DG-2450,1
460609,698069,PA-0300,1
460610,698072,JR-3650,1
460611,698074,HC-0050,1
460612,698075,JR-3650,1
460613,698076,BM-0345,1
460614,698077,CM-0900,1
460615,698078,BM-0345,1
460616,698084,JR-0150,1
460617,698086,TG-0950,1
460618,698087,JO-0300,1
460619,698088,PA-0300,1
460620,698089,JO-0300,1
460621,698092,DF-1481,1
460622,698093,JC-6400,1
460623,698094,JC-6400,1
460624,698097,PP-0800,1
460625,698098,JC-6400,1
460626,698099,JC-6400,1
460627,698100,DF-1481,0.5
460628,698100,JO-0300,0.5
460629,698104,MB-5100,1
460630,698105,DL-2325,1
460631,698106,MB-5100,1
460632,698107,NP-0130,1
460633,698108,DR-0450,1
460634,698111,SS-1300,1
460635,698112,LG-0950,1
460636,698113,JR-3650,1
460637,698119,TS-2050,1
460638,698120,TS-2050,1
460639,698124,LG-0950,1
460640,698125,SS-1300,1
460641,698127,JT-1650,1
460642,698130,MB-5100,1
460643,698131,HC-0050,1
460644,698133,QR-0100,1
460645,698135,DR-0450,1
460646,698138,BR-1000,0.5
460647,698138,LJ-1700,0.5
460648,698139,EG-0900,1
460649,698140,TW-1187,1
460650,698142,TW-1187,1
460651,698143,HS-0130,1
460652,698145,BR-1000,1
460653,698148,JC-1700,1
460654,698149,JM-2800,1
460655,698152,AB-0650,1
460656,698153,TW-1187,1
460657,698154,LJ-1700,1
460658,698155,TN-0400,1
460659,698156,EK-0250,1
460660,698157,EK-0250,1
460661,698161,RJ-0900,1
460662,698162,AW-1450,1
460663,698163,PC-0800,1
460664,698164,AW-1450,0.5
460665,698164,RJ-0900,0.5
460666,698165,AB-1925,0.5
460667,698165,DM-3600,0.5
460668,698166,PC-0800,1
460669,698168,KB-2850,1
460670,698170,KB-2850,1
460671,698171,WW-0900,1
460672,698172,SS-2450,0.5
460673,698172,AW-1450,0.5
460674,698173,JC-1700,1
460675,698175,SS-2450,1
460676,698177,DH-4650,1
460677,698178,AS-0600,1
460678,698179,HS-0130,1
460679,698180,EG-0900,1
460680,698182,EK-0250,1
460681,698183,TW-1187,1
460682,698185,AW-1450,1
460683,698186,DS-3450,1
460684,698189,BM-0800,1
460685,698190,RJ-0900,1
460686,698192,TW-1187,1
460687,698193,TN-0400,1
460688,698194,TN-0400,1
460689,698195,EK-0250,1
460690,698196,HS-0130,1
460691,698197,AS-0600,1
460692,698199,TW-1187,1
460693,698202,EG-0900,1
460694,698209,DS-1400,1
460695,698211,DS-1400,1
460696,698213,DS-1400,1
460697,698217,JC-1700,1
460698,698221,TW-1187,1
460699,698222,LJ-1700,0.5
460700,698222,HS-0130,0.5
460701,698223,HS-0130,1
460702,698225,DS-1400,1
460703,698226,BM-0800,1
460704,698227,KK-1000,1
460705,698228,JM-2800,1
460706,698229,DS-1400,1
460707,698230,JC-1700,0.5
460708,698230,DM-3600,0.5
460709,698231,KB-2850,1
460710,698233,AB-1925,1
460711,698234,DS-3450,1
460712,698238,TW-1187,1
460713,698239,AS-0600,1
460714,698240,HS-0130,1
460715,698241,AS-0600,1
460716,698242,EK-0250,1
460717,698243,TN-0400,1
460718,698248,AB-0650,0.5
460719,698248,TN-0400,0.5
460720,698253,KB-2850,1
460721,698254,BM-0800,1
460722,698255,AW-1900,1
460723,698256,PC-0800,1
460724,698257,DS-1400,1
460725,698258,KK-1000,1
460726,698266,TW-1187,1
460727,698267,DH-4650,1
460728,698268,LJ-1700,1
460729,698269,DS-3450,1
460730,698270,AJ-1137,0.5
460731,698270,AW-1450,0.5
460732,698277,WW-0900,1
460733,698278,DS-1400,1
460734,698279,JM-2800,1
460735,698280,AW-1450,1
460736,698281,AW-1900,1
460737,698282,DS-1400,1
460738,698285,TN-0400,1
460739,698288,HS-0130,1
460740,698289,TN-0400,1
460741,698291,EK-0250,0.5
460742,698291,HS-0130,0.5
460743,698292,TW-1187,1
460744,698303,PW-0850,1
460745,698304,TD-0850,1
460746,698309,DA-0950,1
460747,698310,JE-0450,1
460748,698311,RN-0300,1
460749,698312,RN-0300,1
460750,698313,BI-0150,0.5
460751,698313,KM-1150,0.5
460752,698314,RN-0300,1
460753,698315,MS-2400,0.5
460754,698315,KM-1150,0.5
460755,698316,JW-0725,0.5
460756,698316,MS-2400,0.5
460757,698318,DA-2050,0.5
460758,698318,KM-0050,0.5
460759,698322,KV-0050,1
460760,698324,PW-0850,1
460761,698325,CR-1150,1
460762,698326,PW-0850,1
460763,698327,NF-0100,1
460764,698328,JB-8800,1
460765,698332,KM-1150,1
460766,698333,KM-1150,1
460767,698334,BH-1110,1
460768,698335,KM-0050,1
460769,698336,SS-1700,1
460770,698337,RN-0300,1
460771,698339,MS-2400,1
460772,698345,CR-1150,1
460773,698347,DH-1425,1
460774,698348,CR-1150,1
460775,698349,MM-1550,1
460776,698352,JE-0450,1
460777,698353,BH-1110,1
460778,698354,BH-1110,0.5
460779,698354,MS-2400,0.5
460780,698355,KM-0050,1
460781,698356,JE-0450,1
460782,698357,DH-2150,1
460783,698358,RN-0300,1
460784,698363,KC-2550,1
460785,698365,JL-0600,1
460786,698367,DA-0950,1
460787,698368,DA-2050,1
460788,698369,KM-0050,1
460789,698373,KM-1150,1
460790,698377,CR-1150,1
460791,698378,CJ-2400,1
460792,698379,DH-1425,1
460793,698380,RH-0700,1
460794,698382,CR-1150,1
460795,698383,KV-0050,1
460796,698385,NF-0100,1
460797,698386,NF-0100,0.5
460798,698386,JL-0600,0.5
460799,698389,MS-2400,1
460800,698391,DA-0950,1
460801,698392,DA-0950,1
460802,698394,KC-2550,1
460803,698395,KC-2550,1
460804,698396,JL-0600,1
460805,698397,JJ-1650,0.5
460806,698397,DO-0250,0.5
460807,698399,JJ-1650,0.5
460808,698399,CR-1150,0.5
460809,698406,PK-0300,1
460810,698408,MM-1550,1
460811,698409,KV-0050,1
460812,698410,DH-1425,1
460813,698411,JL-0600,1
460814,698412,KV-0050,1
460815,698413,KC-2550,1
460816,698415,JL-0600,0.5
460817,698415,CR-1150,0.5
460818,698419,BH-1110,1
460819,698420,DH-2150,0.5
460820,698420,RN-0300,0.5
460821,698421,DH-2150,1
460822,698422,DA-2050,0.5
460823,698422,BH-1110,0.5
460824,698423,MS-2400,1
460825,698424,KM-1150,1
460826,698425,DH-2150,1
460827,698426,JW-0725,0.5
460828,698426,KM-0050,0.5
460829,698430,JB-8800,0.5
460830,698430,PW-0850,0.5
460831,698431,JL-0600,0.5
460832,698431,KV-0050,0.5
460833,698437,JW-0725,0.5
460834,698437,MS-2400,0.5
460835,698439,RN-0300,1
460836,698440,DL-0418,0.5
460837,698440,KM-0050,0.5
460838,698442,SM-1650,1
460839,698450,KM-0050,1
460840,698451,DH-2150,1
460841,698455,JL-0600,0.5
460842,698455,PW-0850,0.5
460843,698456,CR-1150,0.5
460844,698456,JB-8800,0.5
460845,698457,CR-1150,1
460846,698458,SA-1150,1
460847,698460,CR-1150,1
460848,698461,JB-8800,1
460849,698464,KV-0050,1
460850,698466,CR-1150,1
460851,698470,MS-2400,1
460852,698472,RN-0300,1
460853,698477,JA-0280,1
460854,698478,JV-0425,1
460855,698479,DL-2300,1
460856,698480,CL-1000,1
460857,698481,MT-0350,1
460858,698485,JM-0875,1
460859,698486,AB-0100,1
460860,698487,RP-0200,1
460861,698488,PG-0050,1
460862,698489,FZ-0100,1
460863,698494,DP-1250,1
460864,698495,MT-0350,1
460865,698496,CH-2250,0.5
460866,698496,JA-0280,0.5
460867,698503,SN-0450,1
460868,698504,FZ-0100,1
460869,698506,MP-0950,1
460870,698507,FZ-0100,1
460871,698508,AB-0100,1
460872,698509,SN-0450,1
460873,698510,JM-0875,1
460874,698511,JM-0875,1
460875,698512,EB-0800,1
460876,698514,EB-0800,1
460877,698519,MT-0350,0.5
460878,698519,CH-2250,0.5
460879,698523,FZ-0100,1
460880,698524,MP-0950,1
460881,698526,PG-0050,1
460882,698527,JM-0875,1
460883,698528,RP-0200,1
460884,698532,DP-1275,1
460885,698533,MI-0150,1
460886,698534,BM-1800,1
460887,698535,MT-0350,1
460888,698536,BF-0800,1
460889,698537,CL-1000,1
460890,698539,DJ-1600,1
460891,698540,MP-0950,1
460892,698541,DW-2325,1
460893,698542,PG-0050,1
460894,698543,JM-0875,1
460895,698545,DJ-1600,1
460896,698549,DM-1250,1
460897,698550,DM-1250,1
460898,698552,BF-0800,1
460899,698557,RP-0200,1
460900,698558,FZ-0100,0.5
460901,698558,RP-0200,0.5
460902,698559,JM-0875,1
460903,698560,NW-0400,0.5
460904,698560,JM-0875,0.5
460905,698563,BF-0800,1
460906,698564,CH-2250,1
460907,698567,SN-0450,1
460908,698568,DJ-1600,1
460909,698569,JM-0875,1
460910,698570,NW-0400,1
460911,698571,SN-0450,1
460912,698573,DF-1350,1
460913,698577,MT-0350,1
460914,698578,DP-1250,1
460915,698579,CL-1000,1
460916,698581,CH-2250,1
460917,698582,JA-0280,1
460918,698586,SN-0450,1
460919,698587,DF-1350,1
460920,698589,SN-0450,1
460921,698590,PG-0050,1
460922,698592,DJ-1600,1
460923,698593,EB-0800,1
460924,698597,BF-0800,1
460925,698599,DJ-1600,1
460926,698600,JM-0875,1
460927,698603,DL-2300,1
460928,698604,MT-0350,1
460929,698606,JB-6825,1
460930,698607,MT-0350,0.5
460931,698607,JB-6825,0.5
460932,698608,JV-0425,1
460933,698613,EB-0800,1
460934,698614,SN-0450,1
460935,698615,DP-1450,1
460936,698618,MT-0350,1
460937,698620,DM-1250,1
460938,698622,BF-0800,1
460939,698623,DL-2300,1
460940,698624,MT-0350,1
460941,698625,BF-0800,1
460942,698628,JA-0280,1
460943,698631,EB-0800,1
460944,698632,SN-0450,1
460945,698633,FZ-0100,1
460946,698635,MI-0150,1
460947,698637,BF-0800,1
460948,698642,EB-0800,1
460949,698644,TH-0200,1
460950,698645,DF-1350,1
460951,698648,DP-1250,1
460952,698649,DP-1250,1
460953,698650,KE-0550,1
460954,698651,MT-0350,1
460955,698652,DL-2300,1
460956,698653,BF-0800,1
460957,698654,KE-0550,1
460958,698656,JA-0280,1
460959,698659,KA-0625,1
460960,698660,RA-1500,1
460961,698661,LD-0150,1
460962,698663,AC-1500,1
460963,698664,DJ-2450,1
460964,698666,BP-1050,1
460965,698667,DC-0325,1
460966,698672,CC-4000,1
460967,698673,KA-0625,1
460968,698674,VH-0050,1
460969,698678,PW-0700,1
460970,698680,DS-1760,1
460971,698683,KA-0625,1
460972,698684,KA-0625,1
460973,698686,RA-0675,1
460974,698691,KA-0625,1
460975,698692,DS-2700,1
460976,698693,KA-0625,0.5
460977,698693,CC-4000,0.5
460978,698698,RA-0650,1
460979,698699,DT-1970,1
460980,698701,SW-0700,1
460981,698702,BP-1050,1
460982,698703,RA-0650,0.5
460983,698703,RA-0675,0.5
460984,698704,CU-0050,1
460985,698705,DJ-2450,1
460986,698706,GJ-0250,0.5
460987,698706,BP-1050,0.5
460988,698710,DS-2700,1
460989,698711,KA-0625,0.5
460990,698711,CC-4000,0.5
460991,698712,KA-0625,1
460992,698713,LD-0150,1
460993,698714,DS-2700,1
460994,698717,DS-1760,1
460995,698718,SW-0700,1
460996,698719,KI-0150,1
460997,698722,BM-1250,1
460998,698723,CC-4000,1
460999,698724,BM-1250,1
461000,698725,GM-0500,1
461001,698727,CM-1600,1
461002,698731,KI-0150,1
461003,698732,DC-0325,1
461004,698733,DC-0325,1
461005,698734,KI-0150,1
461006,698737,DT-1970,1
461007,698738,DT-1970,1
461008,698744,SW-0700,0.5
461009,698744,RA-0650,0.5
461010,698745,SW-0700,1
461011,698746,RA-0650,1
461012,698750,CC-4000,0.5
461013,698750,AV-0300,0.5
461014,698751,CC-4000,1
461015,698752,KA-0625,1
461016,698754,KA-0625,1
461017,698755,LD-0150,1
461018,698756,KA-0625,0.5
461019,698756,LD-0150,0.5
461020,698758,GJ-0250,1
461021,698761,DJ-2450,1
461022,698762,RA-0675,0.5
461023,698762,KI-0150,0.5
461024,698763,RA-0675,1
461025,698764,AC-1500,1
461026,698768,BM-1250,1
461027,698770,LD-0150,1
461028,698772,KA-0625,1
461029,698773,KA-0625,1
461030,698774,JA-0350,1
461031,698775,KA-0625,1
461032,698779,RA-0675,1
461033,698780,GJ-0250,0.5
461034,698780,KI-0150,0.5
461035,698781,DJ-2450,0.5
461036,698781,KI-0150,0.5
461037,698783,LD-0150,0.5
461038,698783,CC-4000,0.5
461039,698784,CC-4000,0.5
461040,698784,VH-0050,0.5
461041,698785,CC-4000,1
461042,698787,LD-0150,1
461043,698790,JB-0200,1
461044,698791,DJ-2450,1
461045,698794,BM-1250,1
461046,698795,KA-0625,1
461047,698796,GM-0500,1
461048,698797,BM-1250,1
461049,698798,KA-0625,1
461050,698800,KT-0150,1
461051,698801,KT-0150,1
461052,698802,LD-0150,1
461053,698806,RA-0675,0.5
461054,698806,KI-0150,0.5
461055,698807,DT-1970,1
461056,698808,RA-0650,0.5
461057,698808,RA-0675,0.5
461058,698809,DS-1760,1
461059,698810,DT-1970,1
461060,698811,JB-0200,1
461061,698812,DJ-2450,1
461062,698813,DC-0325,1
461063,698815,CC-4000,1
461064,698823,XH-0100,1
461065,698824,BM-0600,1
461066,698825,XH-0100,1
461067,698829,KC-0900,1
461068,698830,KC-0900,1
461069,698831,KW-2500,0.5
461070,698831,DS-1730,0.5
461071,698834,RJ-2000,1
461072,698835,KM-2000,1
461073,698836,KA-0750,0.5
461074,698836,IA-0100,0.5
461075,698837,AB-2730,0.5
461076,698837,EM-1200,0.5
461077,698838,KA-0750,0.5
461078,698838,MT-0850,0.5
461079,698839,JJ-1620,0.5
461080,698839,XH-0100,0.5
461081,698840,XH-0100,1
461082,698841,RJ-2000,0.5
461083,698841,XH-0100,0.5
461084,698842,JW-0850,1
461085,698847,RS-1000,1
461086,698848,MB-1900,0.5
461087,698848,KW-2500,0.5
461088,698849,KW-2500,1
461089,698850,MB-1900,1
461090,698851,BW-0150,1
461091,698852,BW-0150,1
461092,698853,KC-0900,1
461093,698854,AB-2730,0.5
461094,698854,JP-2850,0.5
461095,698855,BM-0600,1
461096,698856,NS-0800,0.5
461097,698856,KM-2000,0.5
461098,698860,QJ-0150,0.5
461099,698860,ET-0200,0.5
461100,698862,MW-2300,0.5
461101,698862,XH-0100,0.5
461102,698863,JJ-1620,0.5
461103,698863,RJ-2000,0.5
461104,698865,KW-2500,1
461105,698866,BW-0150,1
461106,698868,RS-1000,1
461107,698873,RJ-2000,1
461108,698874,KA-0750,0.5
461109,698874,KM-2000,0.5
461110,698875,KM-2000,1
461111,698877,IA-0100,1
461112,698880,BW-0150,1
461113,698881,TM-1700,0.5
461114,698881,FC-0150,0.5
461115,698885,JJ-1620,0.5
461116,698885,KM-2000,0.5
461117,698891,KW-2500,0.5
461118,698891,RS-1000,0.5
461119,698893,KW-2500,0.5
461120,698893,ET-0200,0.5
461121,698895,NS-0800,0.5
461122,698895,JP-2850,0.5
461123,698897,BM-0775,0.5
461124,698897,IA-0100,0.5
461125,698898,BM-0775,1
461126,698900,XH-0100,1
461127,698901,RJ-2000,1
461128,698902,XH-0100,1
461129,698903,RJ-2000,1
461130,698909,FC-0150,0.5
461131,698909,KW-2500,0.5
461132,698911,BM-0600,1
461133,698912,IA-0100,1
461134,698913,JJ-1620,0.5
461135,698913,IA-0100,0.5
461136,698915,JW-0850,0.5
461137,698915,KA-0750,0.5
461138,698918,JL-0230,1
461139,698919,JR-1025,0.5
461140,698919,KC-0900,0.5
461141,698922,KM-2000,0.5
461142,698922,IA-0100,0.5
461143,698923,KM-2000,1
461144,698924,RJ-2000,1
461145,698925,AB-2730,0.5
461146,698925,JP-2850,0.5
461147,698927,TM-1700,0.5
461148,698927,KC-0900,0.5
461149,698928,MB-1900,0.5
461150,698928,KC-0900,0.5
461151,698929,MB-1900,0.5
461152,698929,KC-0900,0.5
461153,698932,AB-2730,0.5
461154,698932,IA-0100,0.5
461155,698933,JJ-1620,0.5
461156,698933,XH-0100,0.5
461157,698934,KM-2000,1
461158,698935,KA-0750,1
461159,698937,JJ-4300,0.5
461160,698937,JJ-1620,0.5
461161,698941,JR-1025,0.5
461162,698941,DS-1730,0.5
461163,698942,JL-0230,1
461164,698943,BW-0150,1
461165,698945,KW-2500,0.5
461166,698945,JL-0230,0.5
461167,698947,MB-1900,0.5
461168,698947,KW-2500,0.5
461169,698950,KM-2000,1
461170,698951,KA-0750,0.5
461171,698951,KM-2000,0.5
461172,698953,KA-0750,0.5
461173,698953,RJ-2000,0.5
461174,698954,RJ-2000,1
461175,698957,ET-0200,1
461176,698958,CA-1300,1
461177,698959,ET-0200,1
461178,698960,KW-2500,0.5
461179,698960,DS-1730,0.5
461180,698961,BW-0150,1
461181,698967,KA-0750,0.5
461182,698967,RJ-2000,0.5
461183,698968,KA-0750,1
461184,698969,KA-0750,1
461185,698970,KA-0750,0.5
461186,698970,RJ-2000,0.5
461187,698973,IA-0100,1
461188,698974,JJ-1620,1
461189,698975,BM-0600,1
461190,698976,XH-0100,1
461191,698977,RJ-2000,0.5
461192,698977,XH-0100,0.5
461193,698978,NS-0800,1
461194,698985,TW-1750,1
461195,698986,DT-0150,1
461196,698987,DL-1200,0.5
461197,698987,TW-1750,0.5
461198,698988,TW-0160,0.5
461199,698988,DL-1200,0.5
461200,698989,TW-1750,1
461201,698990,GQ-0100,1
461202,698992,RB-4800,1
461203,698993,HN-0300,1
461204,698995,PR-0400,0.5
461205,698995,TG-1575,0.5
461206,698996,RM-1400,1
461207,698997,MA-0200,1
461208,698998,EW-0100,0.5
461209,698998,SM-2950,0.5
461210,698999,PR-0400,1
461211,699001,DM-4015,1
461212,699002,SM-2950,1
461213,699006,DL-1200,1
461214,699007,KT-0625,0.5
461215,699007,TW-1750,0.5
461216,699010,KL-0200,0.5
461217,699010,SM-2950,0.5
461218,699012,DM-4015,1
461219,699014,TW-1750,1
461220,699018,TC-2000,1
461221,699019,JM-3775,1
461222,699020,DM-4015,1
461223,699021,JM-3775,0.5
461224,699021,TG-1575,0.5
461225,699022,MA-0200,1
461226,699024,AC-2400,1
461227,699025,DM-4015,1
461228,699028,AM-2950,1
461229,699029,TC-2000,0.5
461230,699029,MA-0200,0.5
461231,699030,TG-1575,1
461232,699031,ZK-0300,0.5
461233,699031,WG-0800,0.5
461234,699035,DS-2250,1
461235,699036,DT-0150,0.5
461236,699036,EA-0550,0.5
461237,699037,DT-0150,0.5
461238,699037,TW-0160,0.5
461239,699038,RB-4800,0.5
461240,699038,GQ-0100,0.5
461241,699041,QD-0300,1
461242,699044,MA-0200,1
461243,699045,RM-1400,1
461244,699046,PR-0400,1
461245,699047,PR-0400,1
461246,699048,PR-0400,1
461247,699049,DJ-0500,0.5
461248,699049,MA-0200,0.5
461249,699054,GQ-0100,1
461250,699055,TW-1750,1
461251,699056,TW-1750,0.5
461252,699056,RB-4800,0.5
461253,699057,EA-0550,1
461254,699059,QD-0300,1
461255,699067,SM-2950,1
461256,699069,SM-2950,1
461257,699070,SM-2950,1
461258,699072,DT-0150,1
461259,699073,DT-0150,1
461260,699074,TW-1750,1
461261,699077,DS-2250,1
461262,699080,WG-0600,1
461263,699085,HR-0100,0.5
461264,699085,SM-2950,0.5
461265,699086,EW-0100,1
461266,699093,DP-0375,1
461267,699094,MA-0200,1
461268,699095,SM-2950,1
461269,699096,SM-2950,1
461270,699097,WG-0800,1
461271,699098,DM-4015,1
461272,699102,TW-0160,1
461273,699103,NL-0250,1
461274,699104,TW-3250,1
461275,699105,DL-1200,0.5
461276,699105,QD-0300,0.5
461277,699106,TW-3250,1
461278,699109,TW-3250,1
461279,699113,AA-1900,1
461280,699114,SM-2950,1
461281,699118,NL-0250,1
461282,699119,TW-0160,1
461283,699121,QD-0300,1
461284,699122,TW-3250,1
461285,699123,KH-3100,0.5
461286,699123,HN-0300,0.5
461287,699124,TW-1750,1
461288,699128,ZK-0300,0.5
461289,699128,DJ-0500,0.5
461290,699129,RM-3850,1
461291,699130,SM-2950,1
461292,699131,MA-0200,1
461293,699132,RM-3850,1
461294,699134,MA-0200,1
461295,699135,WG-0800,1
461296,699139,QD-0300,1
461297,699140,DT-0150,1
461298,699141,QD-0300,1
461299,699142,DS-2250,1
461300,699143,TW-1750,0.5
461301,699143,NL-0250,0.5
461302,699144,DS-2250,1
461303,699145,NL-0250,1
461304,699149,SM-2950,1
461305,699150,SM-2950,1
461306,699151,AC-2400,1
461307,699156,NB-0250,1
461308,699158,JP-2900,1
461309,699159,LC-0850,1
461310,699160,JP-2900,1
461311,699161,OV-0200,1
461312,699162,LC-0850,1
461313,699163,JC-1800,1
461314,699164,DH-1850,0.5
461315,699164,JH-0840,0.5
461316,699165,NB-0250,1
461317,699166,JP-2900,1
461318,699168,DH-1850,0.5
461319,699168,JH-0840,0.5
461320,699169,JC-1800,1
461321,699172,SL-0500,1
461322,699173,BC-1200,1
461323,699174,KW-0960,1
461324,699175,AH-3350,1
461325,699179,OV-0200,1
461326,699180,JH-0840,0.5
461327,699180,JC-1800,0.5
461328,699181,EA-0575,1
461329,699182,JH-0840,1
461330,699183,JC-1800,1
461331,699184,JC-1800,1
461332,699185,EA-0575,1
461333,699186,NB-0250,1
461334,699187,JC-1800,1
461335,699188,JC-1800,0.5
461336,699188,NB-0250,0.5
461337,699189,JB-5775,1
461338,699191,OV-0200,1
461339,699196,TM-1400,1
461340,699197,OS-0200,1
461341,699202,LC-0850,1
461342,699203,JP-2900,0.5
461343,699203,JB-5775,0.5
461344,699204,KW-2800,0.5
461345,699204,DT-1225,0.5
461346,699206,KS-0800,0.5
461347,699206,KR-0950,0.5
461348,699207,DH-1850,1
461349,699209,JJ-1550,1
461350,699210,DH-1850,1
461351,699212,KR-0950,0.5
461352,699212,DT-1225,0.5
461353,699215,JW-3050,1
461354,699216,AH-3350,1
461355,699218,BC-1200,1
461356,699219,AH-3350,0.5
461357,699219,AB-3450,0.5
461358,699220,BC-0500,1
461359,699221,AH-3350,0.5
461360,699221,SL-0500,0.5
461361,699223,JC-5560,1
461362,699224,BC-0500,1
461363,699225,SL-0500,1
461364,699226,SL-0500,1
461365,699231,TM-1400,0.5
461366,699231,SL-0500,0.5
461367,699233,JH-0840,0.5
461368,699233,NB-0250,0.5
461369,699234,DR-2800,1
461370,699235,EA-0575,1
461371,699237,KS-0800,0.5
461372,699237,JC-1800,0.5
461373,699238,LC-0850,1
461374,699242,TC-2950,0.5
461375,699242,SL-0500,0.5
461376,699244,TM-1400,1
461377,699249,DT-1225,1
461378,699252,BM-0750,0.5
461379,699252,JD-3300,0.5
461380,699254,JC-5560,0.5
461381,699254,JD-3300,0.5
461382,699255,TM-1400,0.5
461383,699255,JD-3300,0.5
461384,699256,SL-0500,0.5
461385,699256,BC-1200,0.5
461386,699259,JP-2900,1
461387,699260,DK-0465,1
461388,699261,DR-2800,1
461389,699262,LC-0850,1
461390,699263,JJ-1550,1
461391,699265,LC-0850,1
461392,699267,JP-2900,0.5
461393,699267,DK-0465,0.5
461394,699271,JW-3050,1
461395,699272,OS-0200,1
461396,699273,CT-1300,1
461397,699277,DH-1850,0.5
461398,699277,JC-1800,0.5
461399,699279,EA-0575,1
461400,699282,JD-3300,1
461401,699283,BJ-2350,1
461402,699284,JD-3300,1
461403,699285,BC-1200,1
461404,699286,CT-1300,0.5
461405,699286,SL-0500,0.5
461406,699287,JC-5560,0.5
461407,699287,BC-1200,0.5
461408,699293,OV-0200,0.5
461409,699293,DK-0465,0.5
461410,699295,DR-2800,1
461411,699299,JC-1800,1
461412,699301,TC-2950,0.5
461413,699301,SL-0500,0.5
461414,699302,AH-3350,0.5
461415,699302,BC-1200,0.5
461416,699303,TM-1400,0.5
461417,699303,AH-3350,0.5
461418,699304,BC-1200,1
461419,699305,SL-0500,1
461420,699306,DI-0200,1
461421,699307,JW-3050,1
461422,699310,KR-0950,1
461423,699314,JJ-1550,1
461424,699317,DR-2800,1
461425,699319,AB-2700,1
461426,699320,DM-1300,1
461427,699322,JS-2100,1
461428,699323,LR-0600,1
461429,699327,DB-5450,1
461430,699328,TM-0850,1
461431,699330,TJ-0950,1
461432,699331,CC-0200,1
461433,699332,TJ-0950,1
461434,699333,KM-1950,1
461435,699338,MB-3875,1
461436,699342,KM-1950,1
461437,699343,DB-5450,1
461438,699346,KM-1950,1
461439,699347,TB-2400,1
461440,699348,FR-0200,0.5
461441,699348,TM-0850,0.5
461442,699349,TJ-0950,1
461443,699350,TM-0850,1
461444,699352,TJ-0950,1
461445,699356,SM-1050,1
461446,699358,TF-0750,0.5
461447,699358,PC-0300,0.5
461448,699359,MB-5250,1
461449,699360,AJ-1050,1
461450,699361,PC-0300,0.5
461451,699361,DM-1300,0.5
461452,699365,TB-2400,1
461453,699367,TM-0850,1
461454,699369,CJ-2050,1
461455,699371,LR-0600,1
461456,699372,JC-3550,0.5
461457,699372,MB-5250,0.5
461458,699373,JC-3550,1
461459,699374,CL-1400,1
461460,699375,VV-0100,1
461461,699376,PC-0300,1
461462,699377,VV-0100,1
461463,699378,SM-1050,1
461464,699379,AB-2700,0.5
461465,699379,LR-0600,0.5
461466,699380,DM-1300,1
461467,699384,TB-2400,1
461468,699385,KM-1950,1
461469,699386,TM-0850,1
461470,699392,TJ-0950,1
461471,699393,PP-0400,1
461472,699395,CJ-2050,0.5
461473,699395,KM-1950,0.5
461474,699396,CJ-2050,1
461475,699400,PP-0400,1
461476,699401,CP-1300,0.5
461477,699401,FR-0200,0.5
461478,699402,TM-0850,1
461479,699403,PP-0400,1
461480,699404,DB-5450,1
461481,699405,MG-0925,1
461482,699406,PP-0400,1
461483,699407,DS-5150,1
461484,699411,PC-0300,0.5
461485,699411,LR-0600,0.5
461486,699412,JS-2100,1
461487,699413,DM-1300,1
461488,699414,JS-2100,1
461489,699418,BW-2040,1
461490,699419,FR-0200,1
461491,699420,MB-5250,1
461492,699422,DM-1300,1
461493,699423,CL-1400,1
461494,699427,JM-1650,1
461495,699428,TM-0850,1
461496,699429,DB-5450,1
461497,699430,CC-0200,0.5
461498,699430,TJ-0950,0.5
461499,699431,TB-2400,1
461500,699432,CC-0200,1
461501,699433,KM-1950,1
461502,699435,CP-1300,0.5
461503,699435,CJ-2050,0.5
461504,699436,BW-2040,1
461505,699442,DM-1300,1
461506,699443,JC-3550,1
461507,699445,DM-1300,1
461508,699448,MB-5250,1
461509,699454,TB-2400,1
461510,699455,TJ-0950,1
461511,699456,KM-1950,1
461512,699457,TJ-0950,1
461513,699458,TJ-0950,1
461514,699460,TJ-0950,1
461515,699462,TB-2400,1
461516,699463,TB-2400,1
461517,699464,DB-5450,1
461518,699467,PC-0300,1
461519,699468,DH-1250,1
461520,699470,LR-0600,1
461521,699472,DM-1300,1
461522,699473,LR-0600,1
461523,699474,DH-2950,1
461524,699476,JS-2100,1
461525,699477,DM-1300,1
461526,699481,LT-0400,0.5
461527,699481,RC-1550,0.5
461528,699482,RS-0962,0.5
461529,699482,JJ-4250,0.5
461530,699484,MM-3800,0.5
461531,699484,SD-0250,0.5
461532,699486,CH-3100,0.5
461533,699486,ST-1150,0.5
461534,699487,CH-3100,1
461535,699489,MF-1400,1
461536,699490,WC-0300,0.5
461537,699490,JN-1750,0.5
461538,699491,WC-0300,0.5
461539,699491,SC-1725,0.5
461540,699493,JJ-4250,1
461541,699494,MM-3800,1
461542,699495,JJ-4250,0.5
461543,699495,SD-0250,0.5
461544,699497,RC-1550,1
461545,699498,LT-0400,1
461546,699503,MF-1400,1
461547,699504,CB-0200,0.5
461548,699504,DB-5100,0.5
461549,699505,JN-1750,1
461550,699508,AC-1350,1
461551,699509,RG-1250,0.5
461552,699509,RC-1550,0.5
461553,699512,RG-1250,1
461554,699516,WC-0300,1
461555,699517,DP-1268,1
461556,699518,MF-1400,0.5
461557,699518,JN-1750,0.5
461558,699519,KG-0700,0.5
461559,699519,CB-0200,0.5
461560,699520,CB-0200,0.5
461561,699520,WC-0300,0.5
461562,699521,BB-2725,0.5
461563,699521,JN-1750,0.5
461564,699522,WC-0300,0.5
461565,699522,DB-5100,0.5
461566,699524,WC-0300,0.5
461567,699524,DB-5100,0.5
461568,699528,MM-3800,1
461569,699531,LT-0400,0.5
461570,699531,JJ-4250,0.5
461571,699532,RS-0962,1
461572,699533,LT-0400,1
461573,699534,RG-1250,1
461574,699535,MF-1400,1
461575,699536,DH-0700,1
461576,699537,MF-1400,0.5
461577,699537,DH-0700,0.5
461578,699538,ZH-0200,0.5
461579,699538,BB-2725,0.5
461580,699539,MF-1400,0.5
461581,699539,PS-0550,0.5
461582,699540,DB-5100,1
461583,699541,WC-0300,1
461584,699543,SC-1725,0.5
461585,699543,JN-1750,0.5
461586,699544,BB-2725,1
461587,699545,SC-1725,1
461588,699547,WC-0300,0.5
461589,699547,DH-0700,0.5
461590,699551,RG-1250,0.5
461591,699551,MM-3800,0.5
461592,699553,WC-0300,0.5
461593,699553,BB-2725,0.5
461594,699555,BB-2725,1
461595,699556,WC-0300,1
461596,699557,DB-5100,1
461597,699558,WC-0300,1
461598,699563,JH-2100,0.5
461599,699563,WG-0500,0.5
461600,699564,LT-0400,0.5
461601,699564,JH-2100,0.5
461602,699565,RS-0962,1
461603,699567,BB-2725,1
461604,699568,DH-0700,1
461605,699569,MF-1400,1
461606,699574,LT-0400,0.5
461607,699574,RG-1250,0.5
461608,699575,JJ-4250,1
461609,699576,WG-0500,1
461610,699578,RS-0962,1
461611,699579,RC-1550,1
461612,699581,SD-0250,1
461613,699582,WG-0500,0.5
461614,699582,SD-0250,0.5
461615,699586,KR-0460,0.5
461616,699586,DB-5100,0.5
461617,699587,KR-0460,1
461618,699590,RS-0962,1
461619,699591,MM-3800,1
461620,699592,RS-0962,0.5
461621,699592,LT-0400,0.5
461622,699594,MM-3800,1
461623,699595,LF-0550,1
461624,699599,WC-0300,0.5
461625,699599,DB-5100,0.5
461626,699600,MF-1400,1
461627,699601,MF-1400,0.5
461628,699601,PS-0550,0.5
461629,699602,MF-1400,0.5
461630,699602,DP-1268,0.5
461631,699603,DB-5100,1
461632,699604,ZH-0200,0.5
461633,699604,MF-1400,0.5
461634,699605,MF-1400,1
461635,699607,SC-1725,0.5
461636,699607,JN-1750,0.5
461637,699608,PS-0550,0.5
461638,699608,DH-0700,0.5
461639,699609,MF-1400,1
461640,699610,BB-2725,1
461641,699618,JJ-4250,0.5
461642,699618,WG-0500,0.5
461643,699619,AM-2300,1
461644,699620,BB-2725,1
461645,699621,KG-0700,0.5
461646,699621,WC-0300,0.5
461647,699622,MF-1400,1
461648,699623,BB-2725,1
461649,699624,DH-0700,1
461650,699629,LT-0400,1
461651,699630,WG-0500,1
461652,699632,WG-0500,0.5
461653,699632,RG-1250,0.5
461654,699637,DB-5475,0.5
461655,699637,GH-1050,0.5
461656,699638,TC-0370,0.5
461657,699638,ER-0150,0.5
461658,699639,DB-5475,0.5
461659,699639,TB-2700,0.5
461660,699640,GH-1050,1
461661,699641,TB-2700,1
461662,699646,MB-0650,0.5
461663,699646,CS-1250,0.5
461664,699649,CS-1250,1
461665,699650,CS-1250,1
461666,699651,LJ-1800,1
461667,699653,QD-0200,1
461668,699654,MP-2550,1
461669,699657,TJ-2250,1
461670,699659,AO-0250,1
461671,699660,LJ-1800,1
461672,699661,MB-0650,1
461673,699662,AD-1475,1
461674,699664,CS-1250,1
461675,699665,LJ-1800,1
461676,699669,AB-1500,1
461677,699670,MP-2550,0.5
461678,699670,QD-0200,0.5
461679,699673,MA-0450,1
461680,699674,TM-1750,1
461681,699675,AO-0250,1
461682,699676,AO-0250,1
461683,699677,AO-0250,1
461684,699678,WH-0300,1
461685,699679,TM-1750,1
461686,699680,JW-0750,1
461687,699681,DB-5475,0.5
461688,699681,EH-0150,0.5
461689,699683,NB-0400,0.5
461690,699683,RA-1350,0.5
461691,699684,MP-2550,1
461692,699686,CS-1250,1
461693,699689,TM-1750,1
461694,699690,CS-1250,1
461695,699691,MA-0450,1
461696,699692,AD-1475,1
461697,699693,MB-0650,0.5
461698,699693,TJ-2250,0.5
461699,699697,AB-3100,1
461700,699698,AB-1500,1
461701,699699,NB-0400,1
461702,699700,QD-0200,0.5
461703,699700,NB-0400,0.5
461704,699703,LJ-1800,1
461705,699705,TJ-2250,1
461706,699706,AD-1475,1
461707,699707,LJ-1800,1
461708,699708,DE-0050,1
461709,699713,AO-0250,0.5
461710,699713,CS-1250,0.5
461711,699714,RQ-0200,1
461712,699717,RA-1350,1
461713,699723,WH-0300,1
461714,699724,CS-1250,1
461715,699725,TM-1750,1
461716,699727,NB-0400,1
461717,699728,NB-0400,1
461718,699729,AB-1500,1
461719,699732,AO-0250,1
461720,699736,JW-0750,1
461721,699739,RQ-0200,1
461722,699740,CT-0900,1
461723,699741,TM-1750,1
461724,699743,NB-0400,1
461725,699744,ER-0150,1
461726,699745,AB-1500,1
461727,699747,JT-0650,1
461728,699749,TM-1750,1
461729,699750,MB-3650,1
461730,699753,MP-2550,1
461731,699754,QD-0200,1
461732,699755,JW-0750,1
461733,699756,RA-1350,1
461734,699759,WH-0300,0.5
461735,699759,MB-3650,0.5
461736,699760,CS-1250,1
461737,699761,LJ-1800,1
461738,699765,AO-0250,1
461739,699767,AO-0250,1
461740,699768,WH-0300,1
461741,699774,NB-0400,1
461742,699777,AO-0250,1
461743,699778,AO-0250,1
461744,699780,AO-0250,1
461745,699781,DE-0050,1
461746,699782,TM-1750,1
461747,699783,TM-1750,1
461748,699784,AO-0250,1
461749,699785,WH-0300,1
461750,699787,MA-0450,1
461751,699791,RA-1350,1
461752,699792,AB-3100,0.5
461753,699792,NB-0400,0.5
461754,699793,ER-0150,1
461755,699796,DJ-1750,1
461756,699800,NB-0400,1
461757,699801,ES-0800,1
461758,699802,DE-0050,0.5
461759,699802,LJ-1800,0.5
461760,699803,EW-0550,1
461761,699808,PB-0750,0.5
461762,699808,AW-1200,0.5
461763,699809,SG-0650,1
461764,699810,JH-5900,0.5
461765,699810,PB-0750,0.5
461766,699813,AW-0550,0.5
461767,699813,LA-0200,0.5
461768,699815,LA-0200,1
461769,699816,KW-1600,0.5
461770,699816,AW-0550,0.5
461771,699818,RD-0050,1
461772,699819,ZB-0400,0.5
461773,699819,PB-0750,0.5
461774,699820,LD-0800,0.5
461775,699820,JH-5900,0.5
461776,699825,SR-0670,1
461777,699826,MW-1800,1
461778,699830,KW-1600,0.5
461779,699830,ZB-0400,0.5
461780,699831,SG-0650,1
461781,699832,ZB-0400,0.5
461782,699832,PB-0750,0.5
461783,699833,JH-5900,0.5
461784,699833,PB-0750,0.5
461785,699835,DW-3950,1
461786,699836,ZB-0400,0.5
461787,699836,PB-0750,0.5
461788,699837,LD-0800,0.5
461789,699837,AW-1200,0.5
461790,699838,ZB-0400,0.5
461791,699838,PB-0750,0.5
461792,699842,MG-0600,1
461793,699843,DR-1100,1
461794,699845,RD-0050,1
461795,699847,NR-0350,1
461796,699848,SG-0650,1
461797,699849,PB-0750,0.5
461798,699849,CG-1700,0.5
461799,699853,DR-1100,1
461800,699854,CP-2600,1
461801,699855,CP-2600,0.5
461802,699855,MG-0600,0.5
461803,699860,JJ-1600,0.5
461804,699860,LM-0550,0.5
461805,699862,DW-3950,1
461806,699863,AW-0550,0.5
461807,699863,PB-0750,0.5
461808,699864,CG-1700,1
461809,699865,SG-0650,1
461810,699867,KW-1600,0.5
461811,699867,ZB-0400,0.5
461812,699868,AW-1200,1
461813,699872,BS-2300,1
461814,699873,SR-0670,0.5
461815,699873,CP-2600,0.5
461816,699874,DH-1400,1
461817,699875,MW-1800,1
461818,699876,CP-2600,1
461819,699879,JJ-1600,0.5
461820,699879,DH-1400,0.5
461821,699880,JJ-1600,1
461822,699881,DL-0550,0.5
461823,699881,MW-2250,0.5
461824,699888,DH-1400,1
461825,699893,ZB-0400,1
461826,699894,LD-0800,0.5
461827,699894,PB-0750,0.5
461828,699895,NR-0350,1
461829,699896,AW-1200,0.5
461830,699896,CG-1700,0.5
461831,699897,PB-0750,1
461832,699902,NR-0350,1
461833,699906,LW-1350,1
461834,699910,ZB-0400,0.5
461835,699910,PB-0750,0.5
461836,699911,PB-0750,1
461837,699912,JH-5900,0.5
461838,699912,RD-0050,0.5
461839,699913,RD-0050,1
461840,699915,CG-1700,1
461841,699916,NR-0350,1
461842,699918,AW-1200,0.5
461843,699918,KS-0450,0.5
461844,699919,SG-0650,1
461845,699920,AW-1200,1
461846,699925,DH-1400,1
461847,699927,MW-1800,1
461848,699928,MW-2250,1
461849,699930,ZB-0400,1
461850,699932,ZB-0400,0.5
461851,699932,SG-0650,0.5
461852,699933,RD-0050,1
461853,699934,KW-1600,1
461854,699935,ZB-0400,1
461855,699936,LD-0800,0.5
461856,699936,PB-0750,0.5
461857,699939,MG-0600,1
461858,699940,LW-1350,1
461859,699941,DL-0550,1
461860,699943,LW-1350,1
461861,699944,SR-0670,0.5
461862,699944,DL-0550,0.5
461863,699945,ZB-0400,0.5
461864,699945,PB-0750,0.5
461865,699946,NR-0350,1
461866,699947,KW-1600,0.5
461867,699947,PB-0750,0.5
461868,699948,JW-6530,0.5
461869,699948,CB-4770,0.5
461870,699952,SR-0670,1
461871,699954,MW-2250,1
461872,699955,DL-0550,1
461873,699956,DL-0550,1
461874,699957,MW-2250,1
461875,699958,DR-1100,1
461876,699959,MG-0600,1
461877,699964,ZB-0400,1
461878,699965,ZB-0400,0.5
461879,699965,RD-0050,0.5
461880,699966,LA-0200,1
461881,699970,CM-3250,1
461882,699971,TS-3500,0.5
461883,699971,CM-3250,0.5
461884,699972,ZO-0100,1
461885,699973,TS-3500,1
461886,699975,CM-3250,1
461887,699977,EW-0400,1
461888,699978,CM-3250,1
461889,699982,JM-3950,0.5
461890,699982,DS-1850,0.5
461891,699983,JT-0850,1
461892,699984,JH-0100,1
461893,699986,CK-0850,1
461894,699992,JM-3950,0.5
461895,699992,DS-1850,0.5
461896,699995,TJ-1025,0.5
461897,699995,EW-0400,0.5
461898,699996,ZO-0100,1
461899,700001,DD-0250,1
461900,700002,TW-2700,1
461901,700004,TW-2700,1
461902,700005,TW-2700,1
461903,700007,IC-0050,1
461904,700009,CK-0850,1
461905,700010,CK-0850,1
461906,700011,DD-0250,0.5
461907,700011,TW-2700,0.5
461908,700012,ZS-0075,1
461909,700013,BW-2020,0.5
461910,700013,ZO-0100,0.5
461911,700014,JS-4300,1
461912,700015,LW-0700,1
461913,700019,CM-3250,0.5
461914,700019,ZO-0100,0.5
461915,700022,CK-0850,1
461916,700024,DK-0625,1
461917,700025,CL-0850,1
461918,700026,DK-0625,1
461919,700028,TW-2700,1
461920,700031,ZO-0100,1
461921,700032,ZS-0075,1
461922,700033,JS-4300,1
461923,700034,MJ-2700,1
461924,700036,EW-0400,1
461925,700038,JT-0850,1
461926,700040,DK-0625,1
461927,700041,JP-4150,1
461928,700042,JS-1025,1
461929,700046,ZO-0100,1
461930,700049,DD-0250,0.5
461931,700049,TW-2700,0.5
461932,700050,DD-0250,1
461933,700052,JH-0100,0.5
461934,700052,JP-4150,0.5
461935,700056,DD-0250,1
461936,700058,TW-2700,1
461937,700059,JH-0100,1
461938,700060,DS-1850,0.5
461939,700060,DD-0250,0.5
461940,700065,CM-3250,1
461941,700066,TJ-1025,1
461942,700068,TJ-1025,0.5
461943,700068,ZO-0100,0.5
461944,700071,DS-1850,0.5
461945,700071,EO-0075,0.5
461946,700073,DK-0625,1
461947,700077,LW-0700,1
461948,700082,DS-1850,1
461949,700083,DS-1850,1
461950,700084,TC-0350,1
461951,700087,DD-0250,1
461952,700088,JT-0850,1
461953,700091,ZO-0100,1
461954,700092,EW-0400,1
461955,700093,SW-2300,1
461956,700094,LG-1000,1
461957,700095,TJ-1025,1
461958,700098,CK-0850,0.5
461959,700098,JP-4150,0.5
461960,700099,EO-0075,1
461961,700100,DD-0250,0.5
461962,700100,NO-0300,0.5
461963,700105,EW-0400,1
461964,700106,LW-0700,1
461965,700107,LG-1000,0.5
461966,700107,TS-3500,0.5
461967,700112,DS-1850,0.5
461968,700112,CK-0850,0.5
461969,700113,JP-4150,1
461970,700114,JH-0100,1
461971,700115,NO-0300,1
461972,700116,DK-0625,1
461973,700117,DS-1850,0.5
461974,700117,JP-4150,0.5
461975,700118,SP-0100,1
461976,700119,DD-0250,0.5
461977,700119,NO-0300,0.5
461978,700120,CK-0850,1
461979,700124,LW-0700,1
461980,700125,ZO-0100,1
461981,700126,EW-0400,1
461982,700127,TY-0250,1
461983,700128,TJ-1025,1
461984,700129,TY-0250,1
461985,700130,LW-0700,1
461986,700133,JM-3950,1
461987,700135,RM-1600,1
461988,700136,MJ-1800,1
461989,700137,VR-0200,0.5
461990,700137,GI-1300,0.5
461991,700139,RG-1250,1
461992,700140,RG-1250,1
461993,700141,RC-1550,1
461994,700142,ST-1150,1
461995,700143,RS-0962,0.5
461996,700143,LT-0400,0.5
461997,700146,VR-0200,1
461998,700147,GI-1300,1
461999,700148,AJ-1200,1
462000,700149,SW-1550,1
462001,700151,KD-0100,1
462002,700152,GA-0400,0.5
462003,700152,VR-0200,0.5
462004,700155,KD-0100,0.5
462005,700155,VR-0200,0.5
462006,700158,AM-2300,0.5
462007,700158,RS-0962,0.5
462008,700161,DP-0900,1
462009,700163,DD-0950,1
462010,700164,GA-0400,1
462011,700170,RG-1250,1
462012,700171,RS-0962,0.5
462013,700171,RG-1250,0.5
462014,700172,DM-1475,0.5
462015,700172,JJ-4250,0.5
462016,700174,RG-1250,0.5
462017,700174,MM-3800,0.5
462018,700177,KD-0100,0.5
462019,700177,RM-1600,0.5
462020,700179,DD-0950,1
462021,700180,KD-0100,0.5
462022,700180,AJ-1200,0.5
462023,700181,KD-0100,1
462024,700182,MJ-1800,0.5
462025,700182,AJ-1200,0.5
462026,700183,CD-2200,0.5
462027,700183,MJ-1800,0.5
462028,700186,LT-0400,1
462029,700191,CD-2200,0.5
462030,700191,GA-0400,0.5
462031,700194,LT-0400,1
462032,700195,RS-0962,0.5
462033,700195,RC-1550,0.5
462034,700198,PS-0300,1
462035,700199,DP-0900,1
462036,700204,WG-0500,1
462037,700207,PS-0300,0.5
462038,700207,SW-1550,0.5
462039,700211,LT-0400,1
462040,700213,MM-3800,1
462041,700214,RM-1100,0.5
462042,700214,LT-0400,0.5
462043,700216,ST-1150,0.5
462044,700216,AC-1350,0.5
462045,700218,SW-1550,1
462046,700220,KD-0100,1
462047,700222,CH-3100,1
462048,700224,AC-1350,1
462049,700226,RS-0962,1
462050,700232,JJ-4250,1
462051,700235,VR-0200,1
462052,700236,RM-1600,1
462053,700237,RM-1600,1
462054,700238,RM-1600,0.5
462055,700238,JS-2050,0.5
462056,700241,JH-1375,1
462057,700243,RS-0962,1
462058,700246,DP-0900,1
462059,700247,CD-2200,1
462060,700248,GI-1300,1
462061,700250,KD-0100,1
462062,700251,DD-0950,1
462063,700257,MM-3800,1
462064,700259,WG-0500,1
462065,700260,WG-0500,1
462066,700262,LT-0400,1
462067,700265,RS-0962,1
462068,700270,PS-0300,1
462069,700271,CD-2200,1
462070,700274,DK-0750,1
462071,700277,RS-0962,0.5
462072,700277,LT-0400,0.5
462073,700278,RG-1250,1
462074,700280,CH-3100,1
462075,700283,RM-1600,1
462076,700284,AJ-1200,1
462077,700286,MH-3750,1
462078,700287,SW-1550,1
462079,700288,MH-3750,0.5
462080,700288,DK-0750,0.5
462081,700289,RM-1600,1
462082,700290,CD-2200,1
462083,700291,MJ-1800,1
462084,700292,KD-0100,1
462085,700297,RS-0962,1
462086,700298,RS-0962,0.5
462087,700298,RG-1250,0.5
462088,700299,ST-1150,1
462089,700300,RC-1550,1
462090,700301,AM-2300,0.5
462091,700301,WG-0500,0.5
462092,700302,SD-0250,1
462093,700303,ST-1150,1
462094,700307,GI-1300,1
462095,700308,DP-0900,0.5
462096,700308,VR-0200,0.5
462097,700312,RS-0962,0.5
462098,700312,AB-3875,0.5
462099,700313,AB-3875,1
462100,700314,RG-1250,0.5
462101,700314,MM-3800,0.5
462102,700315,JH-2100,1
462103,700316,DP-0900,0.5
462104,700316,KD-0100,0.5
462105,700317,SW-1550,1
462106,700318,KD-0100,1
462107,700323,JN-1750,1
462108,700324,RJ-0550,0.5
462109,700324,CB-0200,0.5
462110,700326,DB-5100,0.5
462111,700326,DH-0700,0.5
462112,700327,ZH-0200,1
462113,700328,RK-0500,1
462114,700329,BB-2725,1
462115,700331,DH-0700,1
462116,700333,MF-1400,1
462117,700337,AH-3350,0.5
462118,700337,SL-0500,0.5
462119,700338,MC-1350,1
462120,700339,JC-5560,1
462121,700340,TM-1400,0.5
462122,700340,BC-1200,0.5
462123,700343,DB-5100,1
462124,700344,MF-1400,0.5
462125,700344,BB-2725,0.5
462126,700345,CJ-0900,0.5
462127,700345,WC-0300,0.5
462128,700347,BB-2725,1
462129,700348,CB-0200,0.5
462130,700348,MF-1400,0.5
462131,700349,WC-0300,1
462132,700350,RK-0500,1
462133,700351,DB-5100,1
462134,700357,AH-3350,1
462135,700360,SL-0500,1
462136,700361,SL-0500,1
462137,700362,BC-1200,0.5
462138,700362,MC-1350,0.5
462139,700363,SL-0500,1
462140,700365,BC-0500,1
462141,700369,BB-2725,1
462142,700370,WC-0300,0.5
462143,700370,DB-5100,0.5
462144,700373,SC-1725,0.5
462145,700373,WB-0700,0.5
462146,700375,TM-1400,1
462147,700379,RJ-0550,0.5
462148,700379,DH-0700,0.5
462149,700382,BB-2725,1
462150,700383,WC-0300,0.5
462151,700383,MF-1400,0.5
462152,700384,WC-0300,0.5
462153,700384,MF-1400,0.5
462154,700385,BB-2725,1
462155,700386,RJ-0550,0.5
462156,700386,WC-0300,0.5
462157,700387,MF-1400,1
462158,700391,SL-0500,1
462159,700393,BJ-2350,1
462160,700395,BJ-2350,1
462161,700396,JW-3050,0.5
462162,700396,MC-1350,0.5
462163,700397,BC-1200,1
462164,700399,SL-0500,0.5
462165,700399,BC-0500,0.5
462166,700402,MC-2150,1
462167,700405,DP-1268,0.5
462168,700405,DH-0700,0.5
462169,700407,AG-0100,1
462170,700408,BC-0500,1
462171,700409,SL-0500,0.5
462172,700409,MC-1350,0.5
462173,700410,BJ-2350,1
462174,700411,SL-0500,0.5
462175,700411,JD-3300,0.5
462176,700417,WC-0300,1
462177,700418,CB-0200,0.5
462178,700418,MF-1400,0.5
462179,700419,JN-1750,1
462180,700420,WC-0300,0.5
462181,700420,JN-1750,0.5
462182,700421,MF-1400,0.5
462183,700421,BB-2725,0.5
462184,700422,CB-0200,0.5
462185,700422,MF-1400,0.5
462186,700424,BB-2725,1
462187,700429,SL-0500,1
462188,700430,BC-1200,1
462189,700431,TM-1400,1
462190,700432,JC-5560,0.5
462191,700432,MC-2150,0.5
462192,700433,MC-1350,1
462193,700437,BB-2725,1
462194,700438,JN-1750,1
462195,700439,CT-1300,1
462196,700440,JC-5560,0.5
462197,700440,CT-1300,0.5
462198,700447,TM-3450,0.5
462199,700447,DP-1268,0.5
462200,700448,SC-1725,1
462201,700450,BJ-2350,1
462202,700451,AH-3350,1
462203,700452,OS-0200,1
462204,700456,SC-1725,0.5
462205,700456,TM-3450,0.5
462206,700457,MF-1400,1
462207,700458,DP-1268,1
462208,700459,DP-1268,0.5
462209,700459,DB-5100,0.5
462210,700460,DH-0700,1
462211,700461,WC-0300,0.5
462212,700461,TM-3450,0.5
462213,700463,TM-3450,1
462214,700465,JN-1750,1
462215,700466,WC-0300,1
462216,700470,MC-2150,1
462217,700471,OS-0200,1
462218,700472,JD-3300,1
462219,700474,OS-0200,1
462220,700475,SL-0500,1
462221,700477,RJ-0550,1
462222,700478,PS-0550,0.5
462223,700478,BB-2725,0.5
462224,700481,BC-0500,1
462225,700483,OS-0200,1
462226,700485,BC-0500,1
462227,700486,BC-1200,1
462228,700490,EB-0800,1
462229,700491,DJ-1600,1
462230,700492,PG-0050,1
462231,700493,DF-1350,0.5
462232,700493,JM-0875,0.5
462233,700494,MP-0950,0.5
462234,700494,EB-0800,0.5
462235,700496,DP-1450,0.5
462236,700496,MP-0950,0.5
462237,700498,JJ-5000,1
462238,700499,KJ-0100,1
462239,700500,QD-0100,1
462240,700502,AH-0250,1
462241,700507,QD-0100,1
462242,700508,JW-1100,0.5
462243,700508,AH-0250,0.5
462244,700513,JM-0875,1
462245,700515,DJ-1600,1
462246,700517,JC-3350,1
462247,700521,JH-5550,1
462248,700522,MP-0950,1
462249,700526,KJ-0100,1
462250,700531,NW-0400,1
462251,700535,AH-0250,1
462252,700536,JJ-5000,1
462253,700537,QD-0100,0.5
462254,700537,JJ-5000,0.5
462255,700542,DJ-1600,1
462256,700543,PG-0050,1
462257,700544,DJ-1600,1
462258,700545,MP-0950,0.5
462259,700545,RP-0200,0.5
462260,700546,DS-3162,1
462261,700547,DP-1450,0.5
462262,700547,DJ-1600,0.5
462263,700548,DF-1350,1
462264,700549,FZ-0100,1
462265,700550,EB-0800,1
462266,700552,JM-0875,1
462267,700553,DS-3162,1
462268,700557,BM-1450,0.5
462269,700557,JS-3250,0.5
462270,700558,WM-0550,0.5
462271,700558,AB-2250,0.5
462272,700559,WM-0550,0.5
462273,700559,KJ-0650,0.5
462274,700560,JJ-5000,1
462275,700561,QD-0100,1
462276,700562,JH-5550,1
462277,700563,RP-0200,1
462278,700567,JC-3350,1
462279,700569,KJ-0100,1
462280,700570,WM-0550,1
462281,700577,QD-0100,0.5
462282,700577,AB-2250,0.5
462283,700578,JW-1100,0.5
462284,700578,VW-0200,0.5
462285,700579,VW-0200,0.5
462286,700579,BM-1450,0.5
462287,700581,JM-0875,0.5
462288,700581,TH-0200,0.5
462289,700582,CJ-2168,0.5
462290,700582,AB-0100,0.5
462291,700583,DJ-1600,0.5
462292,700583,EB-0800,0.5
462293,700585,DP-1450,0.5
462294,700585,JM-0875,0.5
462295,700587,DP-1450,0.5
462296,700587,TH-0200,0.5
462297,700591,JW-1100,0.5
462298,700591,BM-1450,0.5
462299,700593,JH-5550,1
462300,700600,JS-3250,1
462301,700602,SN-0450,1
462302,700604,JS-3250,1
462303,700605,MB-4950,0.5
462304,700605,BM-1450,0.5
462305,700606,JS-3250,0.5
462306,700606,JJ-5000,0.5
462307,700607,BM-1450,1
462308,700610,PG-0050,1
462309,700611,DJ-1600,1
462310,700612,JH-5550,1
462311,700613,FZ-0100,1
462312,700614,MP-0950,1
462313,700615,CJ-2168,0.5
462314,700615,DJ-1600,0.5
462315,700616,PG-0050,1
462316,700617,DJ-1600,0.5
462317,700617,RP-0200,0.5
462318,700618,MP-0950,0.5
462319,700618,EB-0800,0.5
462320,700622,AB-2250,1
462321,700625,KJ-0100,1
462322,700627,JC-3350,1
462323,700631,DP-1450,0.5
462324,700631,JM-0875,0.5
462325,700632,JM-0875,0.5
462326,700632,MP-0950,0.5
462327,700633,FZ-0100,1
462328,700634,FZ-0100,1
462329,700635,JM-0875,0.5
462330,700635,RP-0200,0.5
462331,700636,JH-5550,0.5
462332,700636,FZ-0100,0.5
462333,700637,DF-1350,1
462334,700638,DJ-1600,1
462335,700639,RP-0200,1
462336,700641,PG-0050,1
462337,700644,AB-2250,1
462338,700645,KJ-0650,1
462339,700646,BM-1450,0.5
462340,700646,AH-0250,0.5
462341,700647,KJ-0100,1
462342,700650,KJ-0650,1
462343,700654,BM-1450,0.5
462344,700654,KJ-0100,0.5
462345,700661,RJ-2000,0.5
462346,700661,XH-0100,0.5
462347,700662,RJ-2000,0.5
462348,700662,MT-0850,0.5
462349,700663,JJ-1620,1
462350,700664,RJ-2000,0.5
462351,700664,XH-0100,0.5
462352,700665,BM-0600,1
462353,700666,TF-0250,1
462354,700667,JW-0850,0.5
462355,700667,CJ-2150,0.5
462356,700672,PC-0300,1
462357,700676,XH-0100,1
462358,700677,IA-0100,1
462359,700678,KM-2000,1
462360,700679,IA-0100,1
462361,700680,NS-0800,0.5
462362,700680,KM-2000,0.5
462363,700685,JS-2100,1
462364,700686,SM-1050,1
462365,700687,PC-0300,1
462366,700689,JJ-1620,0.5
462367,700689,BM-0600,0.5
462368,700690,JW-0850,1
462369,700692,IA-0100,1
462370,700693,TF-0250,0.5
462371,700693,XH-0100,0.5
462372,700695,KM-2000,1
462373,700697,RJ-2000,1
462374,700698,KA-0750,0.5
462375,700698,IA-0100,0.5
462376,700699,NS-0800,0.5
462377,700699,JP-2850,0.5
462378,700700,MT-0850,1
462379,700704,VV-0100,1
462380,700705,JC-3550,1
462381,700708,JJ-1620,1
462382,700709,NS-0800,0.5
462383,700709,JJ-1620,0.5
462384,700713,MB-5250,1
462385,700715,BM-2850,1
462386,700719,KA-0750,0.5
462387,700719,BM-0600,0.5
462388,700721,NS-0800,0.5
462389,700721,CJ-2150,0.5
462390,700723,BM-0775,1
462391,700725,LR-0600,1
462392,700729,NS-0800,0.5
462393,700729,JJ-4300,0.5
462394,700730,RJ-2000,1
462395,700731,JJ-4300,0.5
462396,700731,KM-2000,0.5
462397,700732,JP-2850,0.5
462398,700732,KM-2000,0.5
462399,700736,JC-3550,1
462400,700737,PC-0300,1
462401,700738,LR-0600,1
462402,700740,NS-0800,0.5
462403,700740,RJ-2000,0.5
462404,700741,MW-2300,1
462405,700745,LR-0600,1
462406,700747,JC-3518,1
462407,700748,PC-0300,1
462408,700750,PC-0300,1
462409,700751,MB-5250,1
462410,700756,PC-0300,1
462411,700757,MB-5250,1
462412,700759,TF-0750,0.5
462413,700759,AB-2700,0.5
462414,700760,LR-0600,1
462415,700761,JF-3150,1
462416,700762,KA-0750,0.5
462417,700762,IA-0100,0.5
462418,700763,KA-0750,1
462419,700765,IA-0100,1
462420,700766,BM-0775,1
462421,700770,ER-0250,0.5
462422,700770,MB-5250,0.5
462423,700771,LR-0600,1
462424,700772,CL-1400,1
462425,700774,JC-3550,1
462426,700775,LR-0600,1
462427,700779,KA-0750,0.5
462428,700779,KM-2000,0.5
462429,700780,KA-0750,1
462430,700781,AB-2730,0.5
462431,700781,RJ-2000,0.5
462432,700783,NS-0800,1
462433,700784,RJ-2000,1
462434,700786,AB-2700,0.5
462435,700786,JF-3150,0.5
462436,700787,JF-3150,1
462437,700788,MB-5250,1
462438,700789,MB-5250,1
462439,700794,NS-0800,0.5
462440,700794,JJ-1620,0.5
462441,700795,RJ-2000,1
462442,700796,XH-0100,1
462443,700797,KM-2000,1
462444,700800,NS-0800,1
462445,700802,JC-3550,1
462446,700803,MB-3875,0.5
462447,700803,SM-1050,0.5
462448,700804,JC-3518,1
462449,700805,MB-5250,1
462450,700806,MB-5250,1
462451,700807,JC-3550,1
462452,700808,DH-1250,1
462453,700809,AB-2700,1
462454,700813,NS-0800,1
462455,700814,KA-0750,1
462456,700816,BM-0600,1
462457,700817,NS-0800,1
462458,700818,KA-0750,0.5
462459,700818,KM-2000,0.5
462460,700819,KA-0750,0.5
462461,700819,IA-0100,0.5
462462,700820,KA-0750,0.5
462463,700820,BM-0600,0.5
462464,700821,KM-2000,1
462465,700822,KA-0750,1
462466,700823,NS-0800,0.5
462467,700823,IA-0100,0.5
462468,700824,NH-1225,1
462469,700826,DM-1300,1
462470,700828,LR-0600,1
462471,700835,JP-2900,0.5
462472,700835,LC-0850,0.5
462473,700836,JJ-1550,1
462474,700837,DH-1850,0.5
462475,700837,JH-0840,0.5
462476,700838,LC-0850,1
462477,700841,VB-0087,1
462478,700842,NF-0100,0.5
462479,700842,CJ-2400,0.5
462480,700845,DH-1850,0.5
462481,700845,JH-0840,0.5
462482,700846,KR-0950,1
462483,700849,CR-1150,0.5
462484,700849,VB-0087,0.5
462485,700850,VB-0087,1
462486,700851,JL-0600,0.5
462487,700851,KV-0050,0.5
462488,700852,SM-3000,1
462489,700853,PW-0850,1
462490,700854,PW-0850,1
462491,700855,CR-1150,0.5
462492,700855,KV-0050,0.5
462493,700856,CR-1150,1
462494,700857,KV-0050,1
462495,700859,SM-3000,1
462496,700860,CJ-2400,0.5
462497,700860,KV-0050,0.5
462498,700861,JB-8800,0.5
462499,700861,VB-0087,0.5
462500,700864,DH-1850,0.5
462501,700864,DK-0465,0.5
462502,700865,KS-0800,1
462503,700868,SM-3000,1
462504,700869,SM-3000,1
462505,700870,JB-8800,1
462506,700871,JJ-1650,1
462507,700872,SM-3000,1
462508,700873,KV-0050,1
462509,700874,EA-0575,1
462510,700875,JC-1800,1
462511,700878,JC-1800,0.5
462512,700878,KR-0950,0.5
462513,700881,VB-0087,1
462514,700882,JL-0600,0.5
462515,700882,CR-1150,0.5
462516,700883,VB-0087,1
462517,700884,CR-1150,1
462518,700885,KC-2550,0.5
462519,700885,JB-8800,0.5
462520,700886,NB-0250,1
462521,700887,JJ-1550,1
462522,700888,DK-0465,0.5
462523,700888,EA-0575,0.5
462524,700890,JJ-1550,1
462525,700892,CR-1150,1
462526,700893,PK-0300,1
462527,700894,KC-2550,1
462528,700895,KV-0050,1
462529,700900,KR-0950,0.5
462530,700900,LH-0300,0.5
462531,700901,KR-0950,0.5
462532,700901,LC-0850,0.5
462533,700905,EA-0575,1
462534,700907,DT-1225,1
462535,700908,EA-0575,0.5
462536,700908,DT-1225,0.5
462537,700909,LC-0850,1
462538,700910,JJ-1550,1
462539,700911,LH-0300,1
462540,700913,RO-0450,0.5
462541,700913,JH-0840,0.5
462542,700915,JJ-1550,1
462543,700920,TD-0850,0.5
462544,700920,CJ-2400,0.5
462545,700921,JB-8800,1
462546,700922,DH-1425,1
462547,700923,JL-0600,0.5
462548,700923,SM-3000,0.5
462549,700924,PK-0300,0.5
462550,700924,TD-0850,0.5
462551,700926,KV-0050,1
462552,700929,DR-2800,1
462553,700930,LH-0300,0.5
462554,700930,LC-0850,0.5
462555,700931,JC-1800,0.5
462556,700931,JJ-1550,0.5
462557,700936,CJ-2400,0.5
462558,700936,MM-1550,0.5
462559,700937,CJ-2400,0.5
462560,700937,KV-0050,0.5
462561,700938,DO-0250,1
462562,700939,KC-2550,0.5
462563,700939,DH-1425,0.5
462564,700940,CR-1150,1
462565,700941,DH-1425,1
462566,700944,NF-0100,0.5
462567,700944,VB-0087,0.5
462568,700945,JB-8800,1
462569,700950,LH-0300,1
462570,700951,DR-2800,1
462571,700952,DH-1850,0.5
462572,700952,OV-0200,0.5
462573,700953,EA-0575,1
462574,700954,EA-0575,1
462575,700955,JJ-1550,1
462576,700956,JC-1800,0.5
462577,700956,JJ-1550,0.5
462578,700960,JB-8800,1
462579,700961,SM-3000,1
462580,700962,TD-0850,0.5
462581,700962,VB-0087,0.5
462582,700963,CR-1150,0.5
462583,700963,KC-2550,0.5
462584,700964,SM-3000,1
462585,700965,CR-1150,1
462586,700966,JB-8800,0.5
462587,700966,VB-0087,0.5
462588,700967,CJ-2400,0.5
462589,700967,CR-1150,0.5
462590,700968,TD-0850,0.5
462591,700968,CJ-2400,0.5
462592,700972,DT-1225,1
462593,700978,CR-1150,0.5
462594,700978,SM-3000,0.5
462595,700979,DO-0250,0.5
462596,700979,CR-1150,0.5
462597,700982,KR-0950,1
462598,700983,JC-1800,0.5
462599,700983,EA-0575,0.5
462600,700984,JC-1800,1
462601,700987,DT-1225,1
462602,700988,JH-0840,1
462603,700993,NF-0100,1
462604,700995,CR-1150,1
462605,700996,KC-2550,1
462606,700997,KV-0050,1
462607,700998,MM-1550,1
462608,701000,KC-2550,1
462609,701006,QD-0200,0.5
462610,701006,NB-0400,0.5
462611,701008,TB-1850,1
462612,701009,KE-0050,0.5
462613,701009,LK-0600,0.5
462614,701010,TD-0700,1
462615,701011,KS-0850,1
462616,701012,KS-0850,1
462617,701016,TB-2700,1
462618,701017,DB-5475,0.5
462619,701017,NB-0400,0.5
462620,701018,DB-5475,0.5
462621,701018,JW-0750,0.5
462622,701019,AB-3100,1
462623,701020,AB-1500,1
462624,701022,AB-3100,1
462625,701023,NB-0400,1
462626,701024,RA-1350,1
462627,701027,TB-2700,1
462628,701028,RA-1350,1
462629,701031,CJ-1300,1
462630,701032,CJ-1300,1
462631,701035,ST-0550,0.5
462632,701035,LK-0600,0.5
462633,701036,BB-1750,1
462634,701037,MA-0300,0.5
462635,701037,ST-0550,0.5
462636,701038,ST-0550,1
462637,701040,TB-1850,1
462638,701043,AA-0562,0.5
462639,701043,QD-0200,0.5
462640,701044,NB-0400,0.5
462641,701044,ER-0150,0.5
462642,701045,AB-3100,1
462643,701047,AB-1500,1
462644,701048,JB-4975,1
462645,701049,TB-1850,1
462646,701050,LK-0600,1
462647,701051,DW-4750,1
462648,701052,TB-1850,1
462649,701053,MA-0300,0.5
462650,701053,DW-4750,0.5
462651,701060,LK-0600,0.5
462652,701060,RM-1900,0.5
462653,701061,KC-1800,1
462654,701064,JW-0750,1
462655,701065,DB-5475,1
462656,701066,RA-1350,1
462657,701067,MP-2550,0.5
462658,701067,GH-1050,0.5
462659,701068,NB-0400,0.5
462660,701068,GH-1050,0.5
462661,701072,KC-1800,1
462662,701073,TD-0700,1
462663,701074,LK-0600,0.5
462664,701074,BB-1750,0.5
462665,701075,LK-0600,1
462666,701077,KC-1800,1
462667,701081,TB-2700,1
462668,701084,JW-0750,1
462669,701085,JT-0650,1
462670,701087,KE-0050,0.5
462671,701087,LK-0600,0.5
462672,701088,LK-0600,1
462673,701089,VB-0375,0.5
462674,701089,KE-0050,0.5
462675,701091,RR-0925,0.5
462676,701091,JW-0750,0.5
462677,701092,AB-1500,1
462678,701099,KE-0050,0.5
462679,701099,LK-0600,0.5
462680,701101,BB-1750,1
462681,701103,AB-1500,1
462682,701105,JW-0750,1
462683,701106,RA-1350,1
462684,701110,JW-0750,1
462685,701111,EH-0150,1
462686,701115,KS-0850,0.5
462687,701115,LK-0600,0.5
462688,701119,TB-2700,1
462689,701120,GH-1050,0.5
462690,701120,JW-0750,0.5
462691,701121,NB-0400,1
462692,701123,TC-0370,0.5
462693,701123,GH-1050,0.5
462694,701127,TD-0700,1
462695,701128,DW-4750,1
462696,701129,JB-4975,1
462697,701130,DW-4750,1
462698,701131,LK-0600,1
462699,701136,DB-5475,0.5
462700,701136,MP-2550,0.5
462701,701138,AB-1500,1
462702,701139,NB-0400,0.5
462703,701139,ER-0150,0.5
462704,701140,GH-1050,0.5
462705,701140,JW-0750,0.5
462706,701142,CJ-1300,1
462707,701150,GH-1050,0.5
462708,701150,AB-1500,0.5
462709,701151,AB-1500,1
462710,701152,JW-0750,1
462711,701153,NB-0400,0.5
462712,701153,GH-1050,0.5
462713,701154,AB-1500,1
462714,701155,ER-0150,1
462715,701166,ER-0150,0.5
462716,701166,CD-0925,0.5
462717,701167,NB-0400,1
462718,701168,AB-1500,1
462719,701169,DB-5475,0.5
462720,701169,EH-0150,0.5
462721,701170,MP-2550,1
462722,701176,ER-0150,1
462723,701177,GH-1050,1
462724,701178,QD-0200,1
462725,701186,ER-0150,1
462726,701187,NB-0400,0.5
462727,701187,GH-1050,0.5
462728,701188,NB-0400,1
462729,701193,BB-1750,1
462730,701194,DW-4750,1
462731,701195,AK-0650,1
462732,701198,AW-1412,1
462733,701199,TW-0160,0.5
462734,701199,AW-1412,0.5
462735,701200,RB-4800,1
462736,701201,DT-0150,1
462737,701202,DT-0150,0.5
462738,701202,TW-1750,0.5
462739,701203,NL-0250,1
462740,701205,AR-1115,1
462741,701206,KT-0625,1
462742,701209,DS-1400,1
462743,701213,DT-0150,1
462744,701216,DB-0950,1
462745,701217,JM-2800,1
462746,701218,WW-0900,1
462747,701219,AW-1450,1
462748,701220,JM-2800,1
462749,701221,KK-1000,1
462750,701227,TW-1750,1
462751,701228,TW-3250,1
462752,701229,WG-0600,1
462753,701230,TW-3250,1
462754,701232,DT-0150,0.5
462755,701232,AW-1412,0.5
462756,701233,TW-1750,1
462757,701235,HN-0300,1
462758,701236,NL-0250,1
462759,701238,DS-2250,1
462760,701239,SC-0550,1
462761,701240,TW-1750,1
462762,701243,RJ-0900,1
462763,701245,PC-0800,1
462764,701248,KK-1000,1
462765,701249,DS-1400,1
462766,701250,AB-1925,0.5
462767,701250,WW-0900,0.5
462768,701251,PC-0800,1
462769,701252,AW-0275,0.5
462770,701252,RJ-0900,0.5
462771,701254,DS-2250,1
462772,701255,KV-0075,1
462773,701259,BO-0400,1
462774,701260,PC-0800,1
462775,701261,PC-0800,1
462776,701263,AW-1450,1
462777,701265,KD-1125,1
462778,701266,BM-0800,1
462779,701267,BO-0400,1
462780,701271,SS-2450,1
462781,701274,AB-1925,1
462782,701278,TW-3250,1
462783,701283,RJ-0900,1
462784,701284,JM-2800,1
462785,701287,AW-1450,0.5
462786,701287,DS-1400,0.5
462787,701291,SC-0550,1
462788,701292,TW-1750,1
462789,701293,TW-3250,1
462790,701294,TW-1750,0.5
462791,701294,GQ-0100,0.5
462792,701295,DT-0150,1
462793,701298,AW-1450,1
462794,701299,DS-3450,1
462795,701300,SS-2450,1
462796,701302,KB-2850,1
462797,701303,KK-1000,0.5
462798,701303,SS-2450,0.5
462799,701306,AW-0275,1
462800,701308,JM-2800,1
462801,701309,AW-1450,1
462802,701311,JM-2800,1
462803,701316,TW-3250,1
462804,701317,TW-0160,1
462805,701319,TW-1750,1
462806,701320,BC-2350,1
462807,701324,KD-1125,1
462808,701325,PC-0800,1
462809,701326,AW-1450,1
462810,701327,WW-0900,1
462811,701330,JC-1700,1
462812,701333,TW-3250,1
462813,701336,DS-2250,1
462814,701339,JM-2800,1
462815,701340,DS-3450,1
462816,701343,TA-0825,1
462817,701344,TA-0825,1
462818,701345,BC-2350,1
462819,701346,GQ-0100,1
462820,701347,TW-1750,1
462821,701348,TA-0825,1
462822,701349,RB-4800,1
462823,701350,GQ-0100,1
462824,701351,TW-1750,1
462825,701352,NL-0250,1
462826,701354,TW-1750,0.5
462827,701354,TW-3250,0.5
462828,701355,RB-4800,1
462829,701361,DS-1400,1
462830,701363,DS-3450,1
462831,701367,KW-2500,1
462832,701368,CA-1300,0.5
462833,701368,BW-0150,0.5
462834,701369,DS-1730,1
462835,701372,DS-1730,1
462836,701373,MB-1900,0.5
462837,701373,BW-0150,0.5
462838,701374,BW-0150,1
462839,701378,WH-0300,0.5
462840,701378,TJ-2250,0.5
462841,701379,AD-1475,1
462842,701380,MB-0650,1
462843,701382,FC-0150,0.5
462844,701382,KC-0900,0.5
462845,701385,JL-0230,1
462846,701387,MB-0650,1
462847,701388,AD-1475,1
462848,701390,LJ-1800,1
462849,701391,MA-0450,1
462850,701394,AO-0250,1
462851,701395,MB-0650,1
462852,701396,WH-0300,0.5
462853,701396,TJ-2250,0.5
462854,701397,WH-0300,0.5
462855,701397,AD-1475,0.5
462856,701398,CS-1250,1
462857,701400,TJ-2250,1
462858,701401,AO-0250,1
462859,701407,KC-0900,1
462860,701410,DE-0050,0.5
462861,701410,MB-0650,0.5
462862,701411,TJ-2250,1
462863,701413,AO-0250,1
462864,701414,MB-0650,1
462865,701417,BW-0150,1
462866,701419,BW-0150,1
462867,701421,ES-0800,1
462868,701422,AD-1475,1
462869,701425,LJ-1800,1
462870,701427,MA-0450,1
462871,701428,DE-0050,1
462872,701429,MB-0650,1
462873,701433,ET-0200,1
462874,701434,BW-0150,1
462875,701435,AR-2000,1
462876,701436,MM-5200,1
462877,701437,MB-1900,1
462878,701438,RS-1000,1
462879,701442,MB-0650,1
462880,701443,CD-0950,1
462881,701444,WH-0300,0.5
462882,701444,MA-0450,0.5
462883,701446,TH-1650,1
462884,701450,AO-0250,1
462885,701451,RQ-0200,0.5
462886,701451,AO-0250,0.5
462887,701452,TJ-2250,1
462888,701454,TJ-2250,1
462889,701455,MB-0650,1
462890,701457,JR-1025,1
462891,701459,KW-2500,1
462892,701461,KW-2500,1
462893,701462,JR-1025,0.5
462894,701462,BW-0150,0.5
462895,701463,KC-0900,1
462896,701466,TM-1750,1
462897,701467,AO-0250,1
462898,701468,AO-0250,1
462899,701469,DE-0050,0.5
462900,701469,ES-0800,0.5
462901,701472,KC-0900,1
462902,701473,KW-2500,0.5
462903,701473,RS-1000,0.5
462904,701474,RS-1000,1
462905,701475,FC-0150,1
462906,701477,KW-2500,1
462907,701478,BW-0150,1
462908,701483,LJ-1800,1
462909,701485,AO-0250,1
462910,701489,KW-2500,0.5
462911,701489,ET-0200,0.5
462912,701491,KW-2500,1
462913,701495,LJ-1800,1
462914,701496,MA-0450,0.5
462915,701496,LJ-1800,0.5
462916,701498,MB-0650,1
462917,701499,TH-1650,1
462918,701504,MB-1900,1
462919,701505,ET-0200,1
462920,701506,DS-1730,1
462921,701507,AR-2000,1
462922,701508,DS-1730,1
462923,701510,KW-2500,1
462924,701513,KC-0900,1
462925,701514,TM-1700,1
462926,701515,KW-2500,1
462927,701517,TH-1650,1
462928,701520,MB-0650,1
462929,701521,AO-0250,1
462930,701525,VH-0050,1
462931,701526,BG-2100,1
462932,701527,GM-0500,1
462933,701531,TJ-0950,1
462934,701532,BW-2040,1
462935,701533,TM-0850,1
462936,701534,TB-2400,1
462937,701535,BW-2040,1
462938,701538,CC-4000,1
462939,701540,CC-4000,1
462940,701543,ES-1475,1
462941,701544,PP-0400,1
462942,701545,XW-0100,1
462943,701547,TB-2400,1
462944,701548,CC-0200,0.5
462945,701548,MG-0925,0.5
462946,701552,BM-1250,1
462947,701553,WG-0550,1
462948,701554,BM-1250,1
462949,701555,WG-0550,1
462950,701556,CC-4000,1
462951,701557,RA-1500,1
462952,701559,BG-2100,1
462953,701560,KA-0625,1
462954,701561,GM-0500,1
462955,701566,TJ-0950,1
462956,701568,CC-4000,1
462957,701569,RA-1500,1
462958,701571,BM-1250,1
462959,701575,DB-5450,1
462960,701576,PP-0400,1
462961,701577,JM-1650,0.5
462962,701577,TJ-0950,0.5
462963,701578,TJ-0950,1
462964,701580,JM-1650,1
462965,701581,MC-2570,1
462966,701584,CM-1600,1
462967,701585,DS-2700,1
462968,701586,VH-0050,1
462969,701588,MC-2570,1
462970,701589,PP-0400,1
462971,701590,PP-0400,1
462972,701591,DB-5450,0.5
462973,701591,TJ-0950,0.5
462974,701595,CC-4000,1
462975,701596,VH-0050,1
462976,701597,BG-2100,1
462977,701608,CC-4000,1
462978,701610,BG-2100,1
462979,701614,KM-1950,1
462980,701618,KM-1950,1
462981,701619,MC-2570,0.5
462982,701619,TB-2400,0.5
462983,701620,CC-0200,1
462984,701622,TJ-0950,1
462985,701624,TJ-0950,1
462986,701625,DB-5450,1
462987,701626,TB-2400,1
462988,701628,DB-5450,1
462989,701632,BG-2100,1
462990,701633,VH-0050,1
462991,701639,MC-2570,0.5
462992,701639,TJ-0950,0.5
462993,701641,TM-0850,1
462994,701642,TB-2400,1
462995,701643,MC-2570,1
462996,701647,TB-2400,1
462997,701648,AO-0370,1
462998,701649,TB-2400,1
462999,701650,TB-2400,1
463000,701651,TB-2400,1
463001,701655,WG-0550,0.5
463002,701655,GM-0500,0.5
463003,701656,AV-0300,1
463004,701657,CC-4000,1
463005,701658,BG-2100,1
463006,701659,BM-1250,1
463007,701660,KA-0625,1
463008,701661,KT-0150,1
463009,701665,TJ-0950,1
463010,701666,MC-2570,1
463011,701668,CC-0200,1
463012,701671,KA-0625,1
463013,701676,TJ-0950,1
463014,701681,KA-0625,0.5
463015,701681,BG-2100,0.5
463016,701682,KA-0625,1
463017,701683,VH-0050,1
463018,701684,KA-0625,1
463019,701685,KA-0625,1
463020,701688,MC-2570,1
463021,701689,TJ-0950,1
463022,701693,CM-1600,1
463023,701694,AS-3050,1
463024,701695,CM-1600,1
463025,701697,TB-2400,1
463026,701703,DA-0950,1
463027,701704,RN-0300,1
463028,701706,KM-1150,1
463029,701708,SM-1650,0.5
463030,701708,BH-1110,0.5
463031,701709,KM-1150,1
463032,701710,SM-1650,1
463033,701715,DJ-2450,1
463034,701716,RA-0675,1
463035,701717,RA-0650,1
463036,701718,SW-0700,1
463037,701719,KI-0150,1
463038,701722,KM-0050,0.5
463039,701722,BH-1110,0.5
463040,701723,DA-0950,1
463041,701724,MS-2400,1
463042,701725,DA-2050,0.5
463043,701725,BI-0150,0.5
463044,701728,DJ-2450,1
463045,701731,GJ-0250,1
463046,701732,SW-0700,1
463047,701735,KM-1150,1
463048,701736,DA-0950,0.5
463049,701736,RN-0300,0.5
463050,701737,RN-0300,1
463051,701738,MS-2400,1
463052,701739,KM-1150,1
463053,701740,DA-0950,1
463054,701741,RN-0300,1
463055,701742,DL-0418,0.5
463056,701742,MS-2400,0.5
463057,701743,KM-0050,1
463058,701744,SS-1700,1
463059,701747,DJ-2450,1
463060,701748,KI-0150,1
463061,701749,DJ-2450,0.5
463062,701749,SW-0700,0.5
463063,701750,GJ-0250,1
463064,701751,RA-0675,1
463065,701752,DT-1970,1
463066,701757,KM-1150,0.5
463067,701757,RN-0300,0.5
463068,701759,RN-0300,1
463069,701762,DH-2150,1
463070,701763,DA-0950,1
463071,701764,JW-0725,0.5
463072,701764,MS-2400,0.5
463073,701765,KM-0050,1
463074,701769,KI-0150,1
463075,701770,RA-0675,1
463076,701771,KI-0150,1
463077,701774,SW-0700,1
463078,701776,BI-0150,0.5
463079,701776,BH-1110,0.5
463080,701777,SS-1700,1
463081,701778,MS-2400,1
463082,701781,BP-1050,1
463083,701782,SW-0700,1
463084,701783,KI-0150,1
463085,701784,KI-0150,1
463086,701785,KI-0150,1
463087,701787,BP-1050,1
463088,701790,RA-0650,1
463089,701791,TJ-0600,1
463090,701792,SW-0700,0.5
463091,701792,KI-0150,0.5
463092,701795,SW-0700,1
463093,701797,RA-0650,1
463094,701798,RA-0675,0.5
463095,701798,KI-0150,0.5
463096,701802,JE-0450,1
463097,701803,RN-0300,1
463098,701804,RN-0300,1
463099,701806,RA-0650,1
463100,701809,DJ-2450,1
463101,701810,DT-1970,1
463102,701812,VB-0075,1
463103,701813,KI-0150,1
463104,701815,RN-0300,1
463105,701816,BH-1110,1
463106,701817,BI-0150,1
463107,701818,DA-0950,1
463108,701822,PW-0700,0.5
463109,701822,SW-0700,0.5
463110,701823,RA-0675,1
463111,701824,SW-0700,1
463112,701825,KI-0150,1
463113,701826,RA-0650,1
463114,701827,RH-0150,1
463115,701828,BP-1050,1
463116,701829,KI-0150,1
463117,701830,RA-0675,0.5
463118,701830,DT-1970,0.5
463119,701831,DJ-2450,1
463120,701837,DA-0950,1
463121,701838,SS-1700,1
463122,701839,RN-0300,1
463123,701840,MS-2400,1
463124,701841,KM-0050,0.5
463125,701841,BH-1110,0.5
463126,701846,AC-1500,1
463127,701848,DS-1760,0.5
463128,701848,GJ-0250,0.5
463129,701849,DJ-2450,0.5
463130,701849,KI-0150,0.5
463131,701851,KI-0150,1
463132,701852,BH-1110,1
463133,701853,DA-0950,1
463134,701854,CJ-0675,1
463135,701855,RN-0300,0.5
463136,701855,SS-1700,0.5
463137,701861,DT-1970,1
463138,701862,RA-0675,0.5
463139,701862,BP-1050,0.5
463140,701863,AC-1500,1
463141,701864,DJ-2450,0.5
463142,701864,KI-0150,0.5
463143,701865,DJ-2450,1
463144,701870,SS-1700,1
463145,701871,RN-0300,1
463146,701872,DH-2150,1
463147,701873,JW-0725,1
463148,701874,BI-0150,1
463149,701875,CJ-0675,0.5
463150,701875,KM-1150,0.5
463151,701879,RM-3850,1
463152,701880,AC-2400,1
463153,701881,SM-2950,1
463154,701882,ZK-0300,1
463155,701883,HR-0100,0.5
463156,701883,MA-0200,0.5
463157,701887,BM-0330,1
463158,701888,DS-4300,1
463159,701889,JC-5630,0.5
463160,701889,TD-0725,0.5
463161,701890,BM-0330,1
463162,701891,DK-0550,0.5
463163,701891,SR-0250,0.5
463164,701894,AC-2400,1
463165,701895,SM-2950,1
463166,701896,MA-0200,1
463167,701897,MA-0200,1
463168,701903,DW-4250,1
463169,701906,CG-0750,1
463170,701907,SM-2950,1
463171,701908,CG-0750,1
463172,701909,DP-0375,1
463173,701913,AT-0100,1
463174,701914,DW-4250,1
463175,701918,DM-4015,1
463176,701919,DP-0375,1
463177,701920,DM-4015,1
463178,701921,JM-3775,0.5
463179,701921,CG-0750,0.5
463180,701923,RM-1400,0.5
463181,701923,CG-0750,0.5
463182,701928,TW-0600,1
463183,701931,RM-3850,1
463184,701932,DM-4015,1
463185,701933,HR-0100,1
463186,701935,DB-6100,1
463187,701936,CG-0750,1
463188,701937,DJ-0500,1
463189,701939,AT-0100,1
463190,701940,JS-3150,1
463191,701943,TW-0600,1
463192,701944,VM-0300,1
463193,701950,DM-4015,1
463194,701951,SM-2950,1
463195,701952,WG-0800,1
463196,701955,AC-2400,1
463197,701956,MA-0200,1
463198,701957,AC-2400,1
463199,701958,AC-2400,1
463200,701964,TD-0725,1
463201,701969,JS-3150,1
463202,701970,TD-0725,0.5
463203,701970,KW-0850,0.5
463204,701971,TW-0600,1
463205,701973,BW-2650,1
463206,701974,CH-1500,1
463207,701976,SB-0225,1
463208,701977,TD-0725,1
463209,701978,TW-0600,1
463210,701983,RM-1400,1
463211,701985,AA-1900,1
463212,701986,DJ-0500,1
463213,701987,ZK-0300,1
463214,701990,MA-0200,1
463215,701991,DM-4015,1
463216,701992,DP-0375,1
463217,701993,EW-0100,1
463218,701994,ZK-0300,1
463219,701995,DJ-0500,1
463220,701998,JC-5630,1
463221,701999,VM-0300,1
463222,702003,CH-1500,1
463223,702007,BM-0330,1
463224,702009,TW-0600,1
463225,702011,DP-0375,1
463226,702012,SM-2950,1
463227,702014,EW-0100,1
463228,702016,MF-0150,1
463229,702018,TD-0725,1
463230,702019,VM-0300,1
463231,702022,TW-0600,1
463232,702023,TW-0600,1
463233,702027,JS-3150,1
463234,702028,CH-1500,1
463235,702034,EW-0100,1
463236,702035,ZK-0300,1
463237,702037,AC-2400,1
463238,702038,DP-0375,1
463239,702040,RM-3850,1
463240,702041,DJ-0500,1
463241,702047,JS-3150,1
463242,702049,BM-0330,1
463243,702050,TW-0600,1
463244,702052,WP-0125,1
463245,702056,RM-4200,0.5
463246,702056,PP-0800,0.5
463247,702057,TS-2050,0.5
463248,702057,PP-0800,0.5
463249,702058,TS-2050,1
463250,702059,JR-0150,1
463251,702060,TS-2050,1
463252,702061,JC-6400,0.5
463253,702061,TG-0950,0.5
463254,702062,PP-0800,1
463255,702067,MT-0350,0.5
463256,702067,JA-0280,0.5
463257,702068,BF-0800,1
463258,702069,JA-0280,0.5
463259,702069,DL-2300,0.5
463260,702071,JC-6400,1
463261,702072,MJ-0030,0.5
463262,702072,PP-0800,0.5
463263,702073,PP-0800,0.5
463264,702073,JR-0150,0.5
463265,702074,RM-4200,1
463266,702077,CH-2250,1
463267,702078,CL-1000,0.5
463268,702078,DP-1250,0.5
463269,702080,PP-0800,0.5
463270,702080,DH-4000,0.5
463271,702081,TS-2050,1
463272,702082,PP-0800,0.5
463273,702082,DH-4000,0.5
463274,702083,PP-0800,1
463275,702084,TS-2050,1
463276,702085,JR-0150,1
463277,702089,DL-2300,1
463278,702090,MI-0150,1
463279,702092,BF-0800,0.5
463280,702092,DL-2300,0.5
463281,702093,MT-0350,0.5
463282,702093,JB-6825,0.5
463283,702095,TG-0950,1
463284,702096,DF-1481,1
463285,702098,TS-2050,0.5
463286,702098,DG-2450,0.5
463287,702105,BF-0800,1
463288,702107,PP-0800,1
463289,702108,YN-0100,0.5
463290,702108,RM-4200,0.5
463291,702109,PP-0800,0.5
463292,702109,JC-6400,0.5
463293,702110,DF-1481,0.5
463294,702110,JC-6400,0.5
463295,702117,DP-1250,1
463296,702118,BF-0800,1
463297,702119,JA-0280,1
463298,702120,DL-2300,1
463299,702123,JR-0150,1
463300,702124,YN-0100,1
463301,702126,JA-0280,1
463302,702127,JB-6825,0.5
463303,702127,CH-2250,0.5
463304,702128,CH-2250,1
463305,702130,JA-0280,1
463306,702132,DP-1250,1
463307,702133,KE-0550,1
463308,702135,JB-6825,1
463309,702138,TS-2050,1
463310,702139,JR-0150,1
463311,702143,MT-0350,1
463312,702149,TG-0950,1
463313,702150,DG-2450,1
463314,702159,DH-4000,1
463315,702160,JC-6400,1
463316,702161,TS-2050,0.5
463317,702161,DH-4000,0.5
463318,702163,PP-0800,1
463319,702165,RM-4200,0.5
463320,702165,AJ-1150,0.5
463321,702169,JV-0425,1
463322,702171,BF-0800,1
463323,702172,DL-2300,1
463324,702174,CR-0650,0.5
463325,702174,BF-0800,0.5
463326,702175,CR-0650,0.5
463327,702175,MT-0350,0.5
463328,702177,BF-0800,1
463329,702178,JA-0280,1
463330,702179,JB-6825,1
463331,702183,RM-4200,1
463332,702185,TS-2050,1
463333,702186,DF-1481,1
463334,702187,MJ-0015,1
463335,702188,MJ-0015,1
463336,702189,MJ-0030,0.5
463337,702189,DH-4000,0.5
463338,702190,JC-6400,1
463339,702191,DF-1481,0.5
463340,702191,JC-6400,0.5
463341,702196,DL-2300,0.5
463342,702196,JV-0425,0.5
463343,702197,DP-1250,1
463344,702198,DL-2300,1
463345,702200,DL-2300,1
463346,702203,HP-0200,0.5
463347,702203,JR-0150,0.5
463348,702204,HP-0200,1
463349,702208,JB-6825,1
463350,702209,CM-0150,1
463351,702210,CM-0150,1
463352,702212,DM-1250,1
463353,702214,PD-0450,1
463354,702222,BM-0345,1
463355,702223,MD-0060,0.5
463356,702223,BM-0345,0.5
463357,702224,DR-0450,1
463358,702225,LG-0900,0.5
463359,702225,NP-0130,0.5
463360,702229,EK-0250,1
463361,702230,LJ-1700,1
463362,702234,JT-1650,1
463363,702236,JT-1650,1
463364,702238,EK-0250,1
463365,702239,SS-2750,1
463366,702241,SS-2750,0.5
463367,702241,AB-0650,0.5
463368,702243,SS-2750,0.5
463369,702243,EK-0250,0.5
463370,702247,MD-0060,1
463371,702248,BM-0345,1
463372,702250,MD-0060,1
463373,702252,LG-0950,1
463374,702254,TN-0400,1
463375,702255,AS-0600,1
463376,702256,DH-4650,1
463377,702260,LG-0900,1
463378,702261,LG-0950,1
463379,702262,DR-0450,1
463380,702265,LG-0950,1
463381,702266,DR-0450,1
463382,702269,HC-0050,1
463383,702270,QR-0100,1
463384,702274,EK-0250,0.5
463385,702274,CM-3400,0.5
463386,702275,DH-4650,0.5
463387,702275,TJ-1900,0.5
463388,702278,KC-1225,1
463389,702283,HS-0130,1
463390,702284,AS-0600,1
463391,702285,DH-4650,1
463392,702289,CM-0900,1
463393,702290,CM-0900,1
463394,702291,NP-0130,0.5
463395,702291,JR-3650,0.5
463396,702292,DR-0450,1
463397,702294,LG-0950,1
463398,702295,MH-4000,1
463399,702301,AS-0600,0.5
463400,702301,CM-3400,0.5
463401,702303,HS-0130,1
463402,702306,HS-0130,1
463403,702308,QR-0100,1
463404,702309,JR-3650,1
463405,702310,LG-0950,1
463406,702314,HS-0130,1
463407,702315,LJ-1700,1
463408,702317,CG-2400,0.5
463409,702317,HS-0130,0.5
463410,702319,TW-1187,1
463411,702320,EG-0900,1
463412,702321,CG-2400,1
463413,702322,AS-0600,0.5
463414,702322,HS-0130,0.5
463415,702324,BR-1000,0.5
463416,702324,LJ-1700,0.5
463417,702325,JR-3650,1
463418,702326,JR-3650,1
463419,702327,KF-0050,1
463420,702328,HC-0050,1
463421,702329,JT-1650,1
463422,702333,LJ-1700,1
463423,702334,AS-0600,1
463424,702337,AS-0600,1
463425,702338,LJ-1700,1
463426,702340,AS-0600,1
463427,702342,CM-3400,1
463428,702346,DJ-2350,1
463429,702347,JT-1650,1
463430,702348,JT-1650,1
463431,702351,AS-0600,1
463432,702352,TN-0400,1
463433,702353,HS-0130,1
463434,702354,TW-1187,1
463435,702355,AB-0650,1
463436,702356,AS-0600,1
463437,702358,JR-3650,0.5
463438,702358,HC-0050,0.5
463439,702359,JR-3650,0.5
463440,702359,MB-5100,0.5
463441,702365,TW-1187,1
463442,702366,CM-3400,1
463443,702367,AS-0600,1
463444,702369,TW-1187,1
463445,702373,MH-4000,1
463446,702374,BM-0345,1
463447,702376,BM-0345,1
463448,702377,KC-1225,1
463449,702382,BG-1200,1
463450,702386,TP-2000,1
463451,702387,JG-1550,1
463452,702388,HJ-0400,1
463453,702389,HJ-0400,1
463454,702390,JG-1550,1
463455,702391,HJ-0400,1
463456,702392,JG-1550,1
463457,702394,TP-2000,1
463458,702395,WY-0300,1
463459,702396,AA-0543,1
463460,702400,MJ-0600,1
463461,702402,RM-3050,1
463462,702403,MJ-0600,0.5
463463,702403,NC-0100,0.5
463464,702404,MK-0730,1
463465,702405,MK-0730,1
463466,702406,JM-4850,1
463467,702409,TP-2000,1
463468,702411,BC-0150,1
463469,702414,RM-3050,1
463470,702415,ST-1200,1
463471,702416,VC-0400,1
463472,702417,JM-4850,1
463473,702418,MK-0730,1
463474,702423,WY-0300,1
463475,702426,WY-0300,0.5
463476,702426,SA-0100,0.5
463477,702429,JM-4850,1
463478,702432,JG-1550,1
463479,702433,JG-1550,1
463480,702434,JG-1550,1
463481,702435,TP-2000,1
463482,702437,AH-3050,1
463483,702438,DT-1950,1
463484,702439,DT-1950,1
463485,702440,WY-0300,1
463486,702444,BA-0350,1
463487,702446,RB-3350,1
463488,702447,JM-4850,1
463489,702449,JG-1550,1
463490,702450,AA-0543,1
463491,702452,JF-3060,1
463492,702459,EG-0350,1
463493,702464,NC-0100,1
463494,702465,NC-0100,1
463495,702466,JM-4850,1
463496,702470,SM-2300,1
463497,702472,VC-0400,1
463498,702473,BG-1200,1
463499,702474,BA-0350,1
463500,702475,MJ-0600,1
463501,702476,RM-3050,1
463502,702477,RB-3350,1
463503,702478,BG-1200,1
463504,702481,CP-2500,1
463505,702482,JB-7450,1
463506,702483,HJ-0400,1
463507,702484,WY-0300,1
463508,702485,CP-2500,1
463509,702486,TP-2000,1
463510,702487,LF-0450,1
463511,702495,ST-1200,1
463512,702496,FC-0400,1
463513,702497,RB-3350,1
463514,702498,ST-1200,1
463515,702499,BL-1350,1
463516,702500,TP-2000,1
463517,702501,CP-2500,1
463518,702502,JF-3060,1
463519,702504,LF-0450,1
463520,702509,RB-3350,1
463521,702510,RM-3050,1
463522,702511,FC-0400,1
463523,702512,JH-3675,1
463524,702513,RB-3350,1
463525,702514,JM-4850,1
463526,702515,NB-0500,1
463527,702519,AH-3050,1
463528,702521,JF-3060,1
463529,702522,DT-1950,1
463530,702526,WS-0950,0.5
463531,702526,WY-0300,0.5
463532,702528,JF-3060,1
463533,702529,DT-1950,1
463534,702530,SA-0100,1
463535,702531,JF-3060,1
463536,702532,SM-2300,1
463537,702537,DM-1300,1
463538,702538,AB-2700,1
463539,702540,MB-3875,0.5
463540,702540,JC-3550,0.5
463541,702544,KJ-0100,1
463542,702545,JS-3250,1
463543,702548,VV-0100,0.5
463544,702548,SM-1050,0.5
463545,702549,AB-2700,0.5
463546,702549,JF-3150,0.5
463547,702550,AB-2700,0.5
463548,702550,VV-0100,0.5
463549,702551,LR-0600,1
463550,702552,CL-1400,0.5
463551,702552,VV-0100,0.5
463552,702554,MB-5250,0.5
463553,702554,DM-1300,0.5
463554,702556,BM-1450,1
463555,702557,BM-1450,1
463556,702559,AH-0250,1
463557,702560,KJ-0100,0.5
463558,702560,QD-0100,0.5
463559,702561,WM-0550,0.5
463560,702561,BM-1450,0.5
463561,702562,BM-1450,1
463562,702563,CC-4550,0.5
463563,702563,BM-1450,0.5
463564,702564,JJ-5000,1
463565,702572,JC-3550,1
463566,702575,MB-5250,1
463567,702576,TF-0750,1
463568,702577,TF-0750,1
463569,702580,MB-4950,0.5
463570,702580,BM-1450,0.5
463571,702581,VW-0200,1
463572,702584,PC-0300,1
463573,702585,LR-0600,1
463574,702586,JF-3150,1
463575,702587,JC-3550,1
463576,702589,MB-3875,1
463577,702594,VW-0200,0.5
463578,702594,WM-0550,0.5
463579,702595,KJ-0650,0.5
463580,702595,AB-2250,0.5
463581,702596,JS-3250,0.5
463582,702596,KJ-0100,0.5
463583,702597,JW-1100,0.5
463584,702597,VW-0200,0.5
463585,702598,VW-0200,0.5
463586,702598,BM-1450,0.5
463587,702600,JC-3550,1
463588,702601,JF-3150,1
463589,702602,JF-3150,0.5
463590,702602,PC-0300,0.5
463591,702603,DM-1300,1
463592,702604,DM-1300,1
463593,702605,JC-3550,1
463594,702606,MB-3875,0.5
463595,702606,JC-3550,0.5
463596,702608,JC-3350,1
463597,702609,KJ-0100,1
463598,702610,BM-1450,1
463599,702614,JJ-5000,1
463600,702615,VW-0200,1
463601,702616,BM-1450,0.5
463602,702616,AH-0250,0.5
463603,702617,WM-0550,0.5
463604,702617,BM-1450,0.5
463605,702618,MB-4950,1
463606,702619,AH-0250,1
463607,702620,WM-0550,0.5
463608,702620,JC-3350,0.5
463609,702621,MB-4950,1
463610,702622,KJ-0100,1
463611,702623,VW-0200,0.5
463612,702623,BM-1450,0.5
463613,702624,BM-1450,1
463614,702628,QD-0100,1
463615,702629,QD-0100,1
463616,702630,MB-4950,0.5
463617,702630,BM-1450,0.5
463618,702632,JW-1100,0.5
463619,702632,DR-0625,0.5
463620,702643,VW-0200,0.5
463621,702643,BM-1450,0.5
463622,702645,AH-0250,0.5
463623,702645,JJ-5000,0.5
463624,702647,JC-3550,1
463625,702648,JF-3150,1
463626,702649,PC-0300,1
463627,702650,JF-3150,0.5
463628,702650,MB-5250,0.5
463629,702651,CL-1400,0.5
463630,702651,AJ-1050,0.5
463631,702652,JF-3150,1
463632,702653,TF-0750,0.5
463633,702653,JC-3550,0.5
463634,702654,JC-3550,1
463635,702657,JS-3250,1
463636,702661,JS-2100,1
463637,702662,AJ-1050,1
463638,702664,BM-1450,0.5
463639,702664,KJ-0100,0.5
463640,702668,LR-0600,1
463641,702669,MB-5250,1
463642,702670,CJ-2350,1
463643,702672,JC-3550,0.5
463644,702672,LR-0600,0.5
463645,702673,TF-0750,1
463646,702675,DR-0625,1
463647,702676,CC-4550,0.5
463648,702676,QD-0100,0.5
463649,702677,KJ-0100,1
463650,702680,JC-3550,1
463651,702681,PC-0300,1
463652,702683,DH-1250,1
463653,702684,SM-1050,1
463654,702685,JC-3550,0.5
463655,702685,CJ-2350,0.5
463656,702686,JC-3550,0.5
463657,702686,SM-1050,0.5
463658,702690,BS-0850,1
463659,702691,JH-3220,0.5
463660,702691,AD-1100,0.5
463661,702692,MB-4950,1
463662,702695,JC-3550,1
463663,702696,AJ-1050,1
