pid,rb,te,drp,mbt,yac
697182,1,1,0,0,12
697183,2,0,0,0,0
697184,1,1,0,0,0
697185,1,1,0,0,1
697186,1,1,0,0,0
697187,2,1,0,0,0
697188,1,1,0,0,0
697189,2,1,0,0,0
697190,1,2,0,0,0
697191,1,1,0,5,0
697192,2,1,0,0,0
697193,1,2,0,0,0
697194,1,2,0,0,0
697195,1,1,0,1,0
697196,2,2,0,0,0
697197,1,1,0,0,0
697200,2,1,0,0,0
697201,1,1,0,0,0
697202,1,0,0,0,0
697203,2,0,0,0,0
697204,1,0,0,0,19
697205,2,0,0,0,0
697206,1,1,0,0,0
697207,1,1,0,0,0
697208,1,1,0,0,0
697209,1,1,0,0,0
697210,1,0,0,0,0
697211,1,2,0,0,0
697212,2,1,0,2,0
697213,1,1,0,0,0
697215,2,0,0,0,0
697216,2,0,0,1,0
697217,2,0,0,0,0
697218,2,1,0,0,0
697219,2,1,0,1,0
697222,2,1,0,0,0
697223,1,2,0,0,0
697224,1,1,0,0,0
697225,1,1,0,0,0
697226,2,1,0,1,0
697227,1,2,0,0,0
697228,1,2,0,0,2
697229,2,1,0,0,0
697230,2,2,0,0,0
697231,1,2,0,0,0
697232,1,1,0,0,0
697233,1,1,0,0,0
697234,1,1,1,0,0
697235,1,1,0,1,17
697236,1,1,0,1,0
697237,1,3,0,0,0
697238,1,1,0,0,0
697240,1,1,0,1,0
697243,2,1,0,0,0
697244,1,1,0,0,0
697245,1,1,0,0,0
697247,1,1,0,0,0
697248,1,1,0,0,0
697249,1,1,0,2,16
697251,1,1,0,0,0
697252,1,1,0,0,0
697253,1,1,0,0,1
697256,2,1,0,0,0
697258,1,2,0,0,0
697259,1,2,0,0,0
697260,1,2,0,0,0
697261,2,2,0,1,0
697262,2,1,0,0,0
697264,1,1,0,0,9
697265,1,1,0,0,0
697267,1,0,0,0,0
697268,1,0,0,0,0
697269,1,2,0,2,0
697270,2,2,0,0,0
697271,1,2,0,0,0
697273,1,1,0,0,0
697274,1,1,0,0,0
697275,0,1,0,0,0
697277,1,2,0,0,0
697278,1,1,0,0,0
697281,1,1,0,0,13
697283,1,1,0,0,1
697284,1,1,0,0,0
697285,2,1,0,0,5
697286,1,1,0,0,0
697287,1,1,0,0,0
697288,2,0,0,0,10
697289,1,1,0,0,1
697290,1,1,0,0,28
697293,2,2,0,2,0
697294,1,2,0,0,0
697295,1,1,0,0,0
697296,1,1,0,0,0
697297,1,1,0,0,0
697298,1,1,0,0,0
697299,1,1,0,0,0
697300,0,2,0,0,0
697301,2,1,0,0,0
697302,2,1,0,0,0
697303,2,1,0,0,0
697304,1,1,0,0,0
697307,1,1,0,0,0
697308,2,2,0,1,0
697309,1,1,0,0,7
697310,1,2,0,0,0
697311,1,1,0,0,10
697312,1,2,0,0,0
697313,1,1,0,0,0
697314,2,2,0,0,0
697315,1,1,0,0,0
697318,2,1,0,0,0
697319,2,0,0,0,0
697320,1,1,0,0,0
697323,1,2,0,1,0
697324,1,2,0,2,0
697325,1,1,0,0,0
697327,2,2,0,0,0
697328,1,1,0,0,0
697329,1,1,0,0,2
697330,1,1,0,0,0
697332,1,1,0,0,0
697333,1,1,0,0,5
697334,1,1,0,0,0
697335,1,1,0,0,0
697337,2,0,0,0,0
697339,1,1,0,0,0
697340,1,2,0,0,8
697341,1,1,0,0,0
697342,2,1,0,1,6
697343,1,2,0,0,0
697346,1,2,0,0,0
697347,1,2,0,0,0
697348,1,1,0,0,0
697350,1,2,0,0,0
697351,1,1,0,0,0
697354,1,2,0,0,0
697355,1,1,0,0,0
697356,1,1,0,0,0
697357,1,1,0,0,0
697358,2,1,0,0,0
697359,1,1,0,0,0
697362,1,2,0,0,0
697363,1,2,0,0,3
697364,1,1,0,0,0
697365,1,1,0,0,0
697366,1,1,0,0,0
697367,1,1,0,2,0
697369,1,1,0,0,0
697370,1,1,0,0,0
697373,2,1,0,0,6
697374,1,1,0,0,0
697375,1,1,0,0,0
697376,1,1,0,0,0
697377,1,1,0,0,8
697378,1,1,0,0,0
697380,2,2,0,0,0
697381,1,1,0,0,0
697382,1,1,0,0,0
697384,1,1,0,3,0
697385,1,2,0,0,0
697386,1,2,0,1,35
697389,1,2,0,0,0
697390,2,1,0,0,0
697392,1,1,0,0,4
697393,1,1,0,0,4
697394,1,2,0,0,0
697395,1,1,0,0,0
697396,2,1,0,0,0
697397,1,1,0,2,18
697398,2,1,0,1,0
697399,2,1,0,0,0
697400,2,1,0,0,0
697401,2,1,0,0,0
697404,1,1,0,0,0
697405,1,1,0,1,0
697406,1,1,0,0,10
697407,1,1,0,1,2
697408,1,0,0,0,0
697409,2,1,0,0,2
697410,0,1,1,0,0
697411,1,1,0,0,0
697412,1,1,0,0,0
697414,1,1,0,0,0
697415,1,1,0,0,0
697416,1,1,0,0,3
697417,1,1,0,0,0
697418,1,1,0,0,0
697419,1,1,0,2,0
697420,1,1,0,0,0
697421,1,1,0,0,0
697422,1,1,0,0,0
697423,1,1,0,0,0
697425,1,1,0,0,0
697426,1,0,0,0,0
697427,1,1,1,0,0
697429,1,1,0,0,0
697430,1,1,0,0,0
697431,1,1,0,1,0
697432,1,1,0,0,0
697433,1,1,0,0,0
697435,1,2,0,0,0
697436,1,2,0,0,2
697437,1,2,0,0,0
697439,2,1,0,0,5
697440,1,1,0,1,0
697441,1,1,0,0,0
697442,1,2,0,0,0
697443,1,2,0,0,0
697444,1,1,0,0,0
697445,1,1,0,0,0
697447,1,2,0,0,0
697448,1,1,0,0,0
697449,1,2,0,0,0
697451,1,2,0,0,0
697452,1,2,0,1,0
697453,1,1,0,0,0
697455,1,1,1,0,0
697456,1,1,0,0,10
697457,1,1,0,0,0
697458,1,1,0,0,3
697459,1,1,0,0,0
697460,1,1,0,0,4
697461,1,1,0,0,0
697462,1,1,0,0,0
697463,1,1,0,0,0
697465,2,1,0,1,8
697466,1,1,0,1,0
697467,1,1,0,0,0
697470,1,1,1,0,0
697472,1,1,0,0,0
697473,1,1,0,2,0
697475,2,2,0,0,0
697476,1,1,0,0,0
697477,1,3,0,0,0
697478,2,2,0,2,0
697479,2,2,0,0,0
697480,1,2,0,0,0
697481,1,2,0,0,0
697482,1,2,0,0,0
697484,1,1,0,1,0
697485,1,1,0,0,1
697486,1,2,0,0,3
697487,1,2,0,0,0
697488,1,1,0,3,0
697489,1,1,0,0,0
697490,2,0,0,0,0
697491,2,1,0,0,0
697492,2,1,0,0,3
697493,2,1,0,0,0
697494,1,1,0,0,0
697495,1,1,0,0,1
697496,1,1,0,0,0
697499,2,1,0,0,0
697500,2,3,0,0,0
697504,1,1,0,0,-2
697506,1,1,0,0,0
697507,1,1,0,0,0
697509,2,1,0,0,0
697510,2,1,0,0,0
697511,1,1,0,0,2
697512,1,2,0,0,0
697513,1,1,0,1,0
697514,1,2,0,0,0
697515,1,2,0,0,0
697516,0,1,0,0,0
697517,2,1,0,0,0
697518,0,2,0,0,0
697519,1,1,0,0,8
697520,1,1,0,0,0
697521,1,2,0,0,0
697522,1,1,0,1,0
697524,1,1,0,0,0
697525,1,0,0,0,0
697526,1,1,1,0,0
697529,0,1,0,0,0
697530,2,1,0,0,0
697531,1,1,0,0,0
697532,1,2,0,0,0
697533,1,1,0,0,0
697534,1,1,0,0,0
697536,1,1,0,0,0
697537,1,1,0,0,2
697538,0,1,0,0,0
697539,1,2,0,2,0
697540,1,2,0,0,0
697541,1,1,0,0,0
697542,1,1,0,0,0
697543,1,2,0,0,0
697544,2,2,0,0,0
697545,1,0,0,0,0
697548,1,1,0,0,2
697549,1,1,0,0,0
697550,1,1,0,0,0
697551,1,1,0,0,0
697553,1,1,1,0,0
697554,1,1,0,0,0
697555,1,1,0,0,0
697557,1,1,0,0,0
697559,1,1,0,0,6
697560,1,1,0,0,0
697563,2,2,0,0,0
697565,2,1,0,0,0
697566,2,1,0,0,0
697567,1,1,0,0,2
697569,1,1,0,0,0
697570,1,1,0,0,0
697571,1,1,0,0,0
697574,2,1,0,0,0
697575,2,1,0,0,0
697576,1,1,0,0,0
697578,1,1,0,0,0
697579,1,1,0,0,0
697580,1,1,0,0,0
697582,1,1,0,0,0
697583,1,2,0,0,0
697584,1,2,0,0,0
697585,1,1,0,0,0
697587,1,2,0,0,0
697588,1,1,0,0,0
697589,1,0,0,0,0
697590,1,1,0,0,0
697591,1,2,0,0,0
697592,0,1,0,0,0
697594,1,1,0,0,0
697595,1,1,0,0,0
697596,1,1,0,0,0
697598,1,1,0,0,0
697599,1,1,0,0,1
697600,1,0,0,2,20
697602,1,2,0,1,0
697603,1,2,0,1,0
697604,1,3,0,0,0
697605,1,1,0,0,0
697606,1,1,0,0,0
697607,1,1,0,0,22
697610,1,2,0,0,0
697611,1,2,0,0,0
697612,1,1,0,0,2
697613,1,1,0,0,0
697614,1,1,0,0,8
697615,1,1,0,0,0
697617,1,1,0,0,0
697618,1,1,0,0,0
697619,1,0,0,0,0
697620,1,2,0,0,0
697621,1,2,0,0,0
697622,1,1,1,0,0
697625,1,1,0,0,0
697626,1,1,0,0,0
697627,1,1,0,0,0
697629,2,2,0,0,0
697630,2,2,0,0,0
697631,1,1,0,0,0
697632,2,2,0,1,0
697633,2,1,0,0,0
697634,1,1,0,0,0
697636,1,1,0,0,1
697637,1,1,0,0,0
697638,1,1,0,0,5
697639,1,1,0,0,2
697640,1,1,0,0,0
697641,1,1,0,0,0
697642,1,1,0,0,0
697643,1,1,0,0,0
697644,2,2,0,0,0
697646,2,1,0,0,0
697647,1,2,0,0,0
697649,1,0,0,0,0
697651,1,1,0,1,10
697652,1,1,0,1,0
697653,1,1,0,0,0
697654,1,0,0,0,0
697655,1,1,0,0,2
697656,1,2,0,3,0
697657,1,1,0,0,0
697658,1,1,0,0,10
697659,1,0,0,0,0
697661,1,1,0,0,0
697664,1,1,0,0,17
697665,2,1,0,0,0
697666,0,1,0,0,0
697667,1,1,0,0,0
697668,1,1,0,1,27
697669,1,1,0,0,0
697670,1,1,0,0,0
697672,1,1,1,0,0
697673,1,1,0,0,0
697674,1,1,0,0,0
697676,1,1,0,0,0
697677,1,1,0,2,33
697678,1,2,0,0,0
697679,1,2,0,0,0
697680,1,1,0,0,0
697683,1,2,0,0,0
697684,1,1,0,0,5
697685,1,1,0,0,0
697687,1,0,0,0,0
697688,1,0,0,0,0
697690,1,2,0,0,0
697691,1,2,0,0,0
697692,1,1,0,1,16
697693,1,1,0,0,5
697696,1,1,0,0,0
697697,1,1,1,0,0
697699,1,0,1,0,0
697700,1,0,0,2,0
697701,1,2,0,0,0
697704,1,2,0,0,0
697705,1,1,0,0,0
697706,1,1,0,0,0
697708,1,1,0,0,0
697709,1,0,0,1,0
697710,1,1,0,0,0
697711,1,1,0,0,0
697712,1,1,0,0,6
697713,1,1,0,1,0
697714,1,1,0,0,1
697715,1,0,0,0,0
697718,1,1,0,1,11
697719,1,1,0,0,9
697720,1,1,0,0,0
697721,1,1,0,0,2
697722,1,1,0,0,12
697723,1,1,0,0,0
697725,1,1,0,0,0
697726,1,1,0,0,0
697727,1,1,0,0,0
697728,1,1,0,0,1
697729,1,1,0,0,0
697732,1,1,0,1,0
697733,1,0,0,0,2
697734,1,1,0,0,0
697735,1,0,0,0,0
697736,1,1,0,0,0
697739,1,1,0,0,0
697740,1,1,0,0,0
697741,1,1,0,0,2
697743,1,1,0,0,0
697744,1,0,0,1,22
697745,1,1,0,0,0
697746,1,1,0,0,11
697747,1,1,0,0,0
697749,1,2,0,0,29
697750,1,2,0,0,0
697751,1,1,0,0,0
697752,1,1,0,0,10
697753,1,1,0,0,0
697754,1,1,0,0,0
697755,1,1,0,0,0
697756,1,1,0,0,0
697757,1,1,0,3,0
697760,1,2,0,1,0
697761,1,2,0,0,0
697762,1,1,0,1,0
697763,1,1,0,0,0
697764,1,1,0,0,0
697765,1,0,0,1,0
697766,1,1,0,0,0
697767,1,2,0,2,0
697768,1,1,0,0,0
697769,2,3,0,0,0
697770,1,1,0,0,0
697773,1,1,0,1,0
697774,1,1,0,0,3
697775,1,1,0,1,0
697776,1,1,0,0,0
697777,1,1,0,0,0
697780,1,1,0,0,0
697781,1,1,0,0,10
697782,1,2,0,0,0
697783,1,1,0,0,0
697784,1,1,0,0,6
697785,1,1,0,0,0
697786,1,1,0,1,4
697787,1,0,0,0,0
697790,1,1,0,0,5
697791,1,1,0,1,0
697792,1,1,0,2,7
697793,1,1,0,2,0
697794,1,1,0,1,7
697795,1,1,0,1,0
697796,1,1,0,0,0
697797,1,1,0,1,7
697800,1,0,1,0,0
697801,1,0,0,0,0
697802,1,0,0,0,0
697803,0,0,0,0,0
697805,1,1,0,0,0
697806,1,1,0,0,0
697808,1,1,1,0,0
697809,1,1,0,0,0
697810,1,2,0,0,11
697811,1,0,0,0,0
697812,1,2,0,0,12
697813,1,2,0,0,0
697814,0,1,0,0,0
697817,2,1,1,0,0
697818,2,1,0,0,0
697819,2,1,0,0,0
697821,1,2,0,0,0
697822,1,1,0,0,0
697824,1,1,0,0,0
697825,1,3,0,0,0
697827,1,1,0,0,0
697829,1,1,0,0,0
697830,1,1,0,0,0
697831,1,1,0,0,0
697833,1,2,0,1,0
697834,1,1,0,0,0
697835,1,1,0,0,0
697836,1,1,0,0,0
697837,1,2,0,0,0
697839,2,1,0,0,10
697840,1,2,0,0,0
697841,1,1,1,0,0
697842,1,1,0,0,0
697843,1,2,0,0,10
697844,1,1,0,0,0
697845,1,1,0,0,0
697846,1,2,0,0,0
697849,1,2,0,0,0
697850,1,2,1,0,0
697851,1,1,0,0,18
697853,1,1,0,0,0
697854,1,1,0,0,0
697855,0,0,0,0,0
697857,2,2,0,0,0
697860,1,2,0,0,0
697861,1,2,0,0,0
697862,1,1,0,0,0
697864,1,2,0,0,0
697865,2,1,0,0,0
697866,2,1,0,0,0
697867,1,1,0,1,9
697868,1,1,0,1,0
697869,1,2,0,0,0
697870,1,1,0,0,0
697871,1,2,0,0,0
697872,1,1,0,0,0
697873,1,1,0,0,0
697874,1,1,0,0,4
697875,1,1,0,0,2
697876,1,1,0,0,1
697877,1,1,0,1,20
697878,1,1,0,0,0
697879,2,0,0,0,0
697880,1,1,1,0,0
697883,1,1,0,0,0
697884,1,1,0,0,0
697885,1,1,0,0,0
697886,1,1,0,1,14
697888,1,1,0,0,7
697889,1,1,0,0,0
697890,1,1,0,0,0
697891,1,1,0,0,0
697894,1,1,0,0,0
697895,1,1,0,0,0
697896,1,1,0,0,0
697897,1,3,0,0,0
697899,1,1,1,0,0
697900,1,1,0,0,1
697902,1,1,0,0,0
697904,1,3,0,0,0
697905,0,1,0,0,5
697906,1,1,0,1,0
697907,1,1,0,0,3
697908,1,1,0,0,0
697909,0,1,0,0,0
697910,1,1,1,0,0
697911,0,1,0,0,0
697912,1,1,0,0,2
697915,1,1,0,0,0
697916,1,3,0,0,0
697918,1,2,0,0,0
697919,1,1,0,0,0
697921,1,2,0,0,2
697922,1,2,0,0,0
697923,1,0,0,0,0
697924,1,1,0,0,0
697925,1,1,0,0,0
697926,1,1,0,0,0
697928,2,1,0,0,3
697929,1,1,0,0,0
697930,1,1,0,0,0
697933,1,1,0,0,0
697934,1,1,0,1,0
697935,1,1,0,0,15
697937,1,1,1,0,0
697938,1,3,0,0,0
697939,1,1,0,1,0
697941,1,1,0,0,4
697942,1,1,0,1,0
697943,1,1,0,0,0
697944,1,0,0,0,0
697945,1,1,0,0,0
697946,1,2,0,0,0
697947,1,1,0,0,5
697950,1,1,0,0,0
697952,1,1,0,0,0
697953,1,1,0,0,0
697954,1,1,0,0,0
697955,1,1,1,0,0
697956,1,3,0,0,0
697957,1,2,0,0,0
697958,2,3,0,0,0
697959,2,3,0,0,0
697961,2,3,0,0,0
697964,1,1,0,0,0
697965,1,1,0,0,0
697966,1,1,0,0,0
697968,1,2,0,0,0
697969,1,2,0,0,0
697970,1,2,0,0,0
697971,1,1,0,0,0
697972,1,1,0,0,0
697973,1,1,0,0,0
697974,1,1,0,0,0
697975,1,1,0,0,1
697976,1,1,0,1,0
697978,1,1,0,0,0
697979,1,1,0,0,0
697982,1,3,0,0,0
697983,1,2,0,0,0
697986,1,2,0,0,10
697987,1,1,0,1,0
697988,1,1,0,0,4
697989,1,1,0,0,0
697991,1,1,0,0,0
697992,1,1,0,0,0
697993,1,1,0,0,0
697995,1,1,0,1,41
697996,1,2,0,0,0
697997,1,1,0,1,0
698000,2,3,0,0,0
698001,2,3,0,0,0
698002,1,1,1,0,0
698004,1,1,0,0,0
698005,1,1,0,0,0
698006,1,1,0,0,2
698008,2,0,0,0,0
698009,1,1,0,0,0
698011,1,1,0,0,0
698014,1,1,0,0,0
698015,1,1,1,0,0
698016,0,2,0,1,10
698017,1,1,0,0,1
698018,1,1,0,0,3
698019,1,1,0,0,0
698020,1,2,0,0,11
698021,1,1,0,0,0
698022,1,1,0,2,0
698023,1,3,0,0,0
698024,1,1,0,0,5
698027,1,1,0,0,0
698028,1,1,0,0,0
698029,1,1,0,0,0
698030,1,1,0,0,0
698031,1,1,0,0,6
698032,1,1,0,0,7
698033,1,1,0,2,20
698034,1,1,0,0,0
698035,1,1,0,0,0
698038,1,2,0,0,0
698039,1,1,0,0,7
698040,1,1,0,0,1
698041,1,1,0,0,5
698042,1,1,0,0,0
698043,1,1,0,0,0
698044,1,1,0,0,0
698048,1,1,0,0,5
698049,1,1,0,0,6
698050,1,1,0,0,0
698051,1,1,0,0,0
698052,1,1,0,0,0
698055,2,2,0,0,0
698058,1,1,0,0,0
698059,1,1,0,0,4
698060,1,1,0,0,0
698061,1,1,0,0,0
698062,1,1,0,0,0
698063,1,1,0,0,0
698064,1,1,0,0,0
698065,1,1,0,0,0
698066,1,1,0,0,0
698067,1,1,0,1,2
698068,1,1,0,0,0
698069,1,1,0,0,0
698072,1,2,0,0,0
698073,1,1,0,0,0
698074,1,1,0,0,23
698075,1,1,0,0,0
698076,1,1,0,2,0
698077,1,1,0,0,0
698078,1,1,0,0,0
698079,1,3,0,0,0
698080,1,1,0,0,0
698083,1,1,0,0,0
698084,1,1,0,0,4
698086,1,1,0,0,0
698087,1,1,0,1,0
698088,0,1,0,0,6
698089,0,1,0,0,0
698090,0,1,0,0,0
698092,2,0,0,0,0
698093,2,0,0,1,0
698094,2,0,0,0,0
698095,2,0,0,0,0
698097,1,1,0,0,0
698098,1,1,0,0,0
698099,1,1,0,0,0
698100,1,1,0,0,0
698103,1,1,0,0,0
698104,1,1,0,0,8
698105,1,2,0,0,0
698106,1,1,0,0,0
698107,1,1,0,0,0
698108,0,2,0,0,0
698109,1,2,0,0,0
698110,1,1,1,0,0
698111,1,1,0,0,0
698112,1,1,0,0,5
698113,1,2,0,0,0
698114,1,1,0,0,0
698116,1,1,0,0,0
698119,1,1,0,0,0
698120,1,1,0,0,0
698122,1,1,0,0,0
698124,1,2,0,0,5
698125,1,2,0,0,0
698126,1,2,0,0,0
698127,1,1,0,0,2
698130,1,2,0,0,2
698131,1,1,0,0,4
698132,1,1,0,0,0
698133,1,1,0,0,6
698134,1,1,1,0,0
698135,1,1,0,1,2
698136,2,2,0,0,0
698138,3,1,0,0,0
698139,2,1,0,0,0
698140,1,1,0,0,0
698141,2,1,0,0,0
698142,0,3,0,0,3
698143,1,2,0,1,0
698144,1,2,0,0,0
698145,2,1,0,0,0
698146,1,1,0,0,0
698148,2,1,0,0,0
698149,2,1,0,0,6
698150,1,1,0,0,0
698152,1,2,0,0,0
698153,3,1,0,4,30
698154,1,2,0,0,0
698155,1,2,0,0,0
698156,1,2,0,0,0
698157,1,3,0,0,0
698158,1,1,0,0,0
698161,1,2,0,1,4
698162,1,2,0,0,0
698163,1,2,0,0,0
698164,2,2,0,0,0
698165,1,2,0,0,0
698166,1,1,0,1,4
698167,1,1,0,0,0
698168,1,1,0,0,13
698169,1,1,0,0,0
698170,1,1,0,0,0
698171,2,2,0,0,0
698172,1,1,0,0,0
698173,1,1,0,0,0
698175,1,1,0,1,0
698177,2,2,0,0,0
698178,2,2,0,0,7
698179,1,1,0,0,12
698180,1,2,0,0,0
698182,1,1,0,0,0
698183,2,2,0,0,0
698185,2,2,0,0,0
698186,2,2,0,0,3
698187,1,1,1,0,0
698189,1,0,0,0,0
698190,1,1,0,0,5
698192,1,1,0,0,0
698193,1,1,0,0,0
698194,1,1,0,0,6
698195,1,1,0,0,0
698196,1,1,0,0,10
698197,1,1,0,0,0
698198,1,1,0,0,0
698199,1,1,0,0,0
698200,1,1,1,0,0
698201,1,1,0,0,0
698202,1,1,0,0,0
698203,2,2,0,0,0
698204,3,1,0,0,7
698207,1,1,1,0,0
698208,1,1,0,0,0
698209,1,1,0,0,0
698210,1,1,0,0,0
698211,1,1,0,0,6
698212,1,1,0,0,0
698213,1,1,0,0,2
698216,2,1,0,0,0
698217,1,3,0,0,0
698218,1,1,0,0,0
698221,1,2,0,0,0
698222,1,2,0,0,0
698223,2,2,0,0,0
698225,2,2,0,0,0
698226,1,1,0,0,0
698227,2,1,0,0,0
698228,2,1,0,0,2
698229,1,1,0,0,0
698230,1,1,0,0,0
698231,1,1,0,2,0
698232,1,1,1,0,0
698233,2,1,0,0,0
698234,1,1,0,1,0
698237,2,1,0,0,0
698238,0,3,0,0,2
698239,1,1,0,0,7
698240,1,1,0,0,0
698241,1,1,0,0,0
698242,1,1,0,0,2
698243,1,1,0,0,0
698244,1,1,0,0,0
698248,1,2,0,0,0
698249,1,1,1,0,0
698250,0,2,1,0,0
698252,1,2,0,0,0
698253,1,2,0,0,0
698254,1,1,0,0,1
698255,1,3,0,0,0
698256,1,1,0,0,0
698257,2,2,0,0,15
698258,2,2,0,0,0
698259,1,2,0,0,0
698260,1,1,0,0,0
698263,1,2,0,0,0
698266,1,2,0,0,0
698267,2,1,0,0,0
698268,1,1,0,0,0
698269,1,1,0,0,0
698270,1,1,0,0,0
698271,1,1,0,0,0
698273,1,2,0,0,0
698274,2,1,0,0,0
698275,1,1,0,0,0
698277,2,2,0,0,0
698278,2,2,0,1,0
698279,1,1,0,0,5
698280,1,3,0,0,0
698281,1,3,0,0,0
698282,1,3,0,0,0
698285,1,1,0,0,2
698286,1,1,0,0,0
698287,1,1,0,0,0
698288,2,1,0,1,14
698289,1,1,0,0,0
698291,1,1,0,0,0
698292,1,1,0,0,0
698293,1,1,0,0,0
698294,1,1,0,0,0
698297,2,3,0,0,0
698299,1,2,0,0,0
698300,1,1,1,0,0
698301,1,1,0,0,0
698303,0,1,0,0,7
698304,2,0,0,0,0
698305,2,0,0,0,1
698308,1,2,1,0,0
698309,1,2,0,0,7
698310,2,1,0,0,0
698311,2,1,0,1,0
698312,0,2,0,0,0
698313,1,1,0,0,0
698314,1,1,0,0,11
698315,2,2,0,0,0
698316,2,1,0,0,25
698317,1,1,0,0,0
698318,1,1,0,0,0
698319,1,1,0,0,0
698322,1,1,0,0,0
698324,1,1,0,0,7
698325,0,1,0,0,2
698326,1,1,0,0,20
698327,1,0,0,0,0
698328,1,3,0,0,7
698329,1,1,0,1,0
698332,1,1,0,0,0
698333,0,1,0,0,0
698334,2,1,0,0,0
698335,2,1,0,0,0
698336,0,1,0,0,23
698337,2,1,0,0,2
698338,1,1,0,0,0
698339,1,1,0,0,2
698341,2,1,0,0,0
698345,1,1,0,0,0
698346,0,0,0,0,0
698347,2,0,0,2,0
698348,2,1,0,1,0
698349,1,1,0,0,0
698350,1,0,0,0,0
698352,2,1,0,0,0
698353,0,1,0,0,4
698354,1,1,0,0,0
698355,1,1,0,0,0
698356,2,0,0,0,0
698357,2,0,0,0,2
698358,1,1,0,0,20
698359,0,1,0,0,0
698362,1,1,0,0,0
698363,1,1,0,0,0
698365,2,0,0,0,7
698367,2,1,0,0,0
698368,1,1,0,0,0
698369,1,1,0,0,0
698370,1,1,1,0,0
698372,1,1,1,0,0
698373,1,1,0,1,6
698374,1,1,0,0,0
698377,0,0,0,0,3
698378,1,1,0,0,0
698379,1,1,0,0,2
698380,1,0,0,0,1
698381,1,1,0,0,0
698382,1,0,0,0,0
698383,1,2,0,0,19
698385,1,0,0,0,0
698386,1,3,0,0,0
698387,0,0,0,0,0
698389,2,0,0,0,0
698391,2,1,0,0,0
698392,1,1,0,0,0
698394,1,2,0,1,-3
698395,1,1,0,0,2
698396,1,3,0,1,0
698397,1,3,0,0,0
698398,1,1,0,0,0
698399,1,0,0,0,0
698400,1,2,0,0,0
698402,1,1,0,0,71
698406,1,2,0,1,7
698407,0,0,0,0,0
698408,1,1,0,0,0
698409,1,1,0,0,0
698410,1,0,0,0,0
698411,1,1,0,2,21
698412,1,1,0,0,0
698413,1,2,0,0,1
698414,1,1,0,0,0
698415,1,1,0,0,0
698416,1,0,1,0,0
698419,1,1,0,0,5
698420,1,1,0,0,2
698421,1,1,0,0,0
698422,2,0,0,0,0
698423,1,1,0,0,0
698424,1,1,0,0,6
698425,1,1,0,0,0
698426,1,1,0,1,0
698427,1,1,0,0,0
698430,1,1,0,0,13
698431,1,1,0,1,8
698432,1,1,0,0,0
698433,1,3,0,1,0
698437,0,1,0,0,0
698439,1,1,0,1,0
698440,1,1,0,0,0
698441,1,1,0,0,0
698442,1,1,0,0,0
698445,1,0,0,0,0
698446,1,1,0,3,0
698450,1,1,0,0,0
698451,1,1,0,0,12
698452,2,1,0,0,1
698455,1,2,0,0,0
698456,1,2,0,0,7
698457,1,1,0,1,0
698458,1,2,0,0,0
698460,1,1,0,0,0
698461,1,1,0,1,6
698462,1,1,0,0,0
698463,1,1,1,0,0
698464,1,2,0,0,0
698466,1,0,0,0,0
698467,1,0,0,1,5
698470,1,1,0,0,0
698471,1,1,0,0,0
698472,1,1,0,0,0
698473,1,1,0,0,0
698474,1,1,0,0,0
698477,1,1,0,0,0
698478,1,2,0,0,2
698479,1,2,0,0,25
698480,1,3,0,0,0
698481,1,1,0,0,0
698482,1,1,0,0,0
698485,1,1,0,0,5
698486,1,1,0,0,0
698487,1,1,0,0,0
698488,1,1,0,1,22
698489,1,1,0,2,0
698491,2,2,0,0,0
698494,1,2,0,0,0
698495,1,3,0,0,0
698496,1,1,0,0,2
698497,2,1,0,0,0
698498,0,2,0,0,0
698501,1,1,0,0,0
698503,2,1,0,0,2
698504,2,1,0,0,0
698505,1,1,1,0,0
698506,1,1,0,0,5
698507,1,2,0,0,8
698508,1,1,0,0,0
698509,2,2,0,2,0
698510,1,1,0,1,2
698511,1,2,0,0,0
698512,1,1,0,0,0
698513,1,1,0,0,0
698514,1,1,0,1,0
698515,2,2,0,2,0
698518,1,2,0,0,0
698519,1,1,0,0,0
698521,1,1,0,0,0
698523,1,1,0,0,0
698524,2,1,0,0,0
698526,1,1,0,0,11
698527,1,1,0,0,3
698528,1,2,0,1,1
698529,1,1,0,0,0
698532,1,3,0,0,0
698533,1,1,0,0,0
698534,2,0,0,0,0
698535,1,3,0,0,0
698536,1,1,0,0,10
698537,1,1,0,0,8
698539,2,1,0,0,0
698540,1,1,0,1,2
698541,1,1,0,0,0
698542,1,1,0,0,6
698543,1,1,0,0,9
698545,1,1,0,0,8
698546,1,1,0,0,0
698547,1,1,0,0,0
698549,1,1,0,0,0
698550,1,1,0,0,5
698551,1,1,0,0,0
698552,1,1,0,0,5
698553,1,1,0,0,0
698555,2,1,0,0,0
698557,1,1,0,0,0
698558,1,1,0,1,6
698559,1,1,0,0,0
698560,2,2,0,0,0
698563,1,3,0,0,0
698564,0,3,0,0,3
698565,1,0,0,0,0
698567,1,2,0,0,0
698568,1,2,0,1,0
698569,1,2,0,0,0
698570,1,1,0,0,0
698571,1,1,0,0,2
698572,1,1,0,0,0
698573,1,1,0,0,0
698574,1,1,1,0,0
698577,1,1,0,0,24
698578,1,1,0,0,9
698579,1,1,0,0,0
698580,1,3,0,0,0
698581,1,2,0,0,3
698582,0,1,0,0,7
698583,0,2,0,0,9
698586,1,1,0,0,1
698587,1,1,0,0,0
698588,1,1,0,0,0
698589,1,2,0,0,0
698590,1,1,0,0,26
698592,1,2,0,0,0
698593,1,1,0,0,0
698594,1,1,0,0,0
698597,1,1,0,0,0
698598,1,1,0,0,0
698599,1,2,0,0,0
698600,1,1,0,0,0
698601,1,1,0,0,0
698603,1,1,0,0,6
698604,1,1,0,0,0
698605,1,1,0,0,0
698606,1,1,0,0,8
698607,1,1,0,0,7
698608,1,1,0,0,0
698609,1,1,0,0,1
698613,1,2,0,0,16
698614,1,1,0,0,0
698615,1,1,0,0,0
698616,1,1,0,0,0
698618,1,1,0,0,4
698619,1,1,0,0,0
698620,1,1,0,0,0
698621,1,1,0,0,0
698622,1,1,0,0,0
698623,1,1,0,0,1
698624,1,1,0,0,4
698625,1,1,0,0,7
698626,1,1,0,0,0
698627,1,1,0,0,0
698628,1,1,0,0,2
698631,1,2,0,0,0
698632,1,1,0,0,0
698633,1,1,0,1,1
698635,1,1,0,0,0
698636,1,1,0,0,7
698637,1,1,0,0,1
698638,1,1,0,0,0
698641,1,1,0,0,0
698642,1,1,0,0,14
698643,1,1,0,0,0
698644,1,1,0,0,0
698645,1,1,0,0,0
698648,1,3,0,0,2
698649,1,3,0,0,0
698650,1,1,0,0,0
698651,1,1,0,0,0
698652,1,1,0,0,1
698653,1,1,0,0,0
698654,1,2,0,0,1
698655,1,3,0,0,0
698656,1,2,0,0,0
698657,1,1,0,0,0
698659,1,1,0,0,0
698660,1,1,0,0,0
698661,1,1,0,0,5
698663,1,1,0,0,0
698664,1,1,0,0,0
698666,1,1,0,1,0
698667,1,1,0,0,0
698668,1,0,0,0,0
698669,1,0,0,0,0
698672,1,1,0,0,34
698673,1,1,0,0,7
698674,1,1,0,0,0
698675,1,1,0,0,0
698678,1,2,0,0,0
698679,1,1,1,0,0
698680,1,1,0,0,0
698682,2,1,1,0,0
698683,2,1,0,0,0
698684,1,1,0,0,0
698686,1,2,0,1,0
698689,1,1,0,0,0
698691,2,1,0,0,13
698692,1,3,0,0,0
698693,1,1,0,0,0
698695,1,1,0,0,0
698698,1,1,0,0,0
698699,1,1,0,0,0
698701,1,2,0,0,12
698702,1,1,0,0,5
698703,1,1,0,0,0
698704,1,1,0,0,0
698705,1,1,0,0,28
698706,1,1,0,1,0
698707,2,1,0,0,1
698710,2,1,0,1,0
698711,2,1,0,0,8
698712,2,1,0,0,21
698713,2,1,0,0,0
698714,2,1,0,0,0
698715,1,1,0,0,0
698717,1,3,0,0,0
698718,1,3,0,0,0
698719,1,1,0,0,2
698721,2,1,0,0,0
698722,2,1,0,0,0
698723,1,1,0,0,43
698724,1,1,0,1,0
698725,1,1,0,0,0
698727,1,1,0,0,0
698730,1,1,1,0,0
698731,1,1,0,0,6
698732,1,1,0,0,2
698733,1,1,0,0,4
698734,1,1,0,0,0
698735,1,1,0,0,0
698736,1,1,0,0,0
698737,1,1,0,0,0
698738,1,1,0,0,0
698739,1,1,0,3,20
698742,2,1,0,0,0
698744,2,1,0,0,2
698745,2,2,0,1,0
698746,1,0,0,0,5
698747,1,1,0,0,0
698750,1,1,0,0,7
698751,1,1,0,1,0
698752,1,2,0,1,7
698753,1,2,0,0,0
698754,1,2,0,0,0
698755,1,1,0,0,0
698756,1,1,0,0,4
698758,1,3,0,0,0
698759,1,3,0,0,0
698760,1,0,0,0,0
698761,1,1,0,0,0
698762,1,1,0,1,0
698763,1,1,0,3,0
698764,1,1,0,0,0
698765,1,1,0,0,1
698768,1,3,0,0,1
698769,1,2,0,0,0
698770,1,1,0,0,3
698771,1,1,1,0,0
698772,1,1,0,0,0
698773,1,1,0,0,0
698774,1,1,0,0,0
698775,1,1,0,1,0
698776,1,1,0,0,22
698779,1,2,0,0,0
698780,1,3,0,0,0
698781,1,2,0,1,0
698783,2,0,0,0,9
698784,1,3,0,0,4
698785,1,3,0,0,0
698786,1,3,1,0,0
698787,1,1,0,0,0
698788,1,1,0,0,0
698790,1,3,0,0,0
698791,1,1,0,1,0
698792,1,1,0,0,0
698794,1,2,0,1,0
698795,2,1,0,1,17
698796,1,2,0,0,0
698797,2,1,0,1,19
698798,2,1,0,0,0
698799,1,1,0,0,0
698800,1,1,0,1,7
698801,1,1,0,0,0
698802,2,1,0,0,0
698803,1,1,0,0,0
698806,1,1,0,2,0
698807,1,1,0,1,0
698808,1,1,0,0,0
698809,1,1,0,0,0
698810,1,1,0,0,5
698811,1,2,0,0,0
698812,1,2,0,1,0
698813,1,1,0,0,0
698815,1,1,0,0,2
698816,1,1,0,0,0
698817,1,1,0,0,0
698818,1,1,0,0,0
698819,1,1,0,0,0
698820,1,3,0,0,0
698821,1,3,0,0,0
698823,1,1,0,0,2
698824,1,0,0,0,7
698825,1,1,0,0,9
698826,1,1,0,0,0
698827,1,1,1,0,0
698829,1,1,0,0,1
698830,1,1,0,1,0
698831,0,1,0,0,1
698834,1,1,0,0,0
698835,1,1,0,0,2
698836,1,0,0,0,13
698837,2,0,0,0,0
698838,1,1,0,0,8
698839,0,1,0,0,3
698840,1,1,0,0,13
698841,1,1,0,0,0
698842,1,2,0,0,0
698843,1,1,1,0,0
698844,1,1,0,0,0
698847,1,1,0,0,0
698848,1,1,0,0,0
698849,1,1,0,1,52
698850,1,1,0,0,0
698851,1,1,0,0,0
698852,1,1,0,0,0
698853,1,1,0,0,0
698854,1,0,0,0,0
698855,1,1,0,0,0
698856,1,1,0,0,0
698858,1,1,1,0,0
698859,1,1,0,0,0
698860,1,1,0,1,9
698862,1,1,0,0,0
698863,1,2,0,0,0
698864,1,1,0,0,0
698865,1,1,0,0,0
698866,1,1,0,0,0
698867,1,1,0,0,0
698868,1,1,0,0,0
698869,1,1,0,0,0
698872,1,0,0,0,0
698873,1,1,0,0,0
698874,2,0,0,0,0
698875,1,1,0,0,0
698877,1,1,0,0,3
698878,1,1,1,0,0
698880,1,1,0,1,0
698881,1,1,0,0,0
698882,1,1,0,0,0
698883,1,1,0,0,0
698885,1,2,0,0,0
698886,1,1,0,0,0
698887,1,1,0,0,0
698888,1,1,0,0,0
698890,1,1,0,0,0
698891,1,1,0,0,0
698893,1,1,0,0,2
698895,1,0,0,0,0
698897,1,1,0,0,0
698898,1,1,0,0,4
698899,1,1,0,0,0
698900,0,1,0,0,3
698901,0,1,0,0,2
698902,1,1,0,0,0
698903,1,1,0,0,14
698904,1,1,0,0,0
698907,1,1,0,0,0
698908,1,1,0,0,0
698909,1,1,0,0,6
698911,1,2,0,0,3
698912,1,2,0,0,0
698913,2,1,0,0,0
698914,1,2,0,0,0
698915,1,0,0,0,0
698916,1,1,0,0,0
698918,1,1,0,0,0
698919,1,1,0,0,0
698920,1,1,0,0,0
698922,1,1,0,0,15
698923,1,1,0,0,0
698924,1,1,0,0,0
698925,2,1,0,0,0
698926,1,1,1,0,0
698927,1,1,0,1,0
698928,1,1,0,0,0
698929,1,1,0,0,0
698930,1,1,0,0,0
698932,2,1,0,0,0
698933,2,1,0,0,2
698934,1,1,0,0,0
698935,1,1,0,0,0
698937,2,0,0,0,0
698939,2,0,0,0,0
698940,1,2,0,0,0
698941,1,1,0,0,0
698942,1,1,0,1,7
698943,1,2,0,0,0
698944,1,2,0,0,0
698945,0,1,0,0,0
698946,1,1,0,0,0
698947,1,1,0,0,0
698948,1,1,0,0,0
698950,1,1,0,0,5
698951,1,2,0,0,0
698952,1,1,0,0,0
698953,1,1,0,1,0
698954,2,0,0,0,0
698955,1,1,1,0,0
698957,1,2,0,0,0
698958,1,2,0,0,0
698959,1,2,0,0,0
698960,1,1,0,0,21
698961,1,1,0,0,25
698962,1,1,0,0,0
698963,1,1,0,0,0
698966,1,1,1,0,0
698967,1,1,0,1,0
698968,1,1,0,0,0
698969,1,1,0,0,0
698970,0,1,0,0,2
698971,1,1,0,0,0
698972,1,1,0,0,0
698973,1,1,0,0,9
698974,0,1,0,0,0
698975,1,1,0,0,4
698976,1,1,0,0,1
698977,1,1,0,1,4
698978,1,1,0,0,0
698979,1,1,0,0,0
698982,0,1,0,0,0
698983,1,1,0,0,0
698985,1,2,0,0,4
698986,1,2,0,0,0
698987,1,1,0,0,0
698988,1,1,0,0,0
698989,1,1,0,0,0
698990,1,1,0,0,2
698991,1,1,0,0,0
698992,1,2,0,0,1
698993,1,1,0,0,4
698995,1,1,0,1,5
698996,1,1,0,0,0
698997,1,1,0,1,15
698998,1,1,0,0,0
698999,1,1,0,0,0
699000,1,1,0,0,0
699001,1,1,0,1,0
699002,1,1,0,1,11
699003,1,1,0,0,0
699006,1,2,0,0,2
699007,1,1,0,0,0
699008,1,1,0,0,0
699010,1,1,0,0,0
699011,1,1,0,0,0
699012,1,1,0,0,6
699014,1,1,0,0,0
699015,1,1,0,0,0
699016,1,1,0,0,0
699018,2,1,0,0,0
699019,1,1,0,0,7
699020,1,1,0,0,0
699021,2,1,0,0,0
699022,2,1,0,0,14
699023,1,1,0,0,0
699024,1,1,0,0,3
699025,1,1,0,0,0
699026,1,1,0,0,0
699027,1,1,0,0,0
699028,1,1,0,0,2
699029,1,1,0,1,0
699030,1,1,0,0,8
699031,2,3,0,0,0
699032,2,3,0,0,0
699035,1,2,0,0,0
699036,1,2,0,0,0
699037,1,2,0,0,7
699038,1,1,0,0,3
699039,1,2,0,0,0
699040,1,1,0,0,0
699041,1,1,0,0,0
699044,2,1,0,0,0
699045,1,1,0,2,0
699046,1,1,0,0,0
699047,1,2,0,0,1
699048,1,1,0,0,0
699049,1,1,0,0,0
699050,1,1,0,0,0
699051,1,1,0,0,0
699054,1,1,0,1,11
699055,1,1,0,0,12
699056,1,1,0,0,6
699057,1,1,0,0,0
699058,1,1,0,0,0
699059,1,1,0,0,0
699060,1,1,0,0,0
699061,1,1,0,0,0
699065,3,2,0,0,0
699067,1,1,0,0,5
699069,1,0,0,0,6
699070,1,1,0,1,3
699072,1,2,0,0,0
699073,1,2,0,0,0
699074,2,2,0,0,0
699076,1,1,0,0,0
699077,1,1,0,0,2
699078,1,1,0,0,0
699079,1,1,0,0,0
699080,1,1,0,0,8
699081,1,1,0,0,0
699085,1,1,0,0,0
699086,1,1,0,0,0
699087,1,1,0,0,0
699089,1,2,0,0,0
699090,1,2,0,0,0
699091,1,1,0,0,0
699093,1,1,0,0,0
699094,1,1,0,1,19
699095,1,1,0,0,0
699096,1,1,0,1,2
699097,1,1,0,0,6
699098,1,1,0,0,7
699099,1,1,0,0,8
699102,1,1,0,0,0
699103,1,1,0,0,0
699104,1,1,0,0,0
699105,1,1,0,0,8
699106,1,2,0,0,0
699107,1,3,0,0,0
699108,1,2,0,0,0
699109,1,2,0,0,9
699110,1,1,0,0,0
699113,1,2,0,0,0
699114,1,1,0,0,3
699115,1,1,0,0,0
699117,1,2,0,0,0
699118,1,1,0,1,0
699119,1,1,0,0,9
699120,1,1,0,0,0
699121,1,1,0,0,0
699122,1,2,0,0,9
699123,1,1,0,0,0
699124,1,1,0,0,0
699125,1,1,0,0,0
699128,1,2,0,0,0
699129,1,1,0,0,4
699130,1,1,0,1,17
699131,1,1,0,2,0
699132,2,1,0,1,0
699134,1,1,0,1,14
699135,1,1,0,0,12
699136,1,1,0,0,16
699139,1,1,0,0,1
699140,1,1,0,0,0
699141,1,1,0,0,0
699142,1,1,0,0,2
699143,1,1,0,0,0
699144,1,1,0,0,0
699145,1,1,0,0,1
699146,1,1,0,0,0
699149,1,1,0,0,15
699150,1,1,0,0,0
699151,1,1,0,0,8
699152,1,1,0,0,0
699156,1,2,0,0,0
699157,1,1,0,0,0
699158,1,3,0,0,0
699159,1,2,0,0,5
699160,1,1,0,0,0
699161,2,1,0,0,0
699162,1,1,0,0,0
699163,0,1,0,0,5
699164,1,1,0,0,0
699165,1,1,0,0,2
699166,1,1,0,0,0
699167,1,1,1,0,0
699168,1,1,0,0,0
699169,1,1,0,0,0
699172,1,1,0,0,0
699173,1,1,0,0,6
699174,1,1,0,1,8
699175,1,1,0,0,0
699176,1,1,1,0,0
699177,1,1,0,0,0
699179,1,2,0,0,0
699180,2,1,0,0,0
699181,1,1,0,0,5
699182,1,1,0,0,0
699183,1,1,0,0,0
699184,1,1,0,0,0
699185,1,1,0,0,5
699186,1,2,0,0,0
699187,2,1,0,0,9
699188,0,1,0,0,3
699189,1,1,0,0,0
699190,1,1,0,0,0
699191,2,1,0,0,0
699192,1,1,1,0,0
699196,1,1,0,0,0
699197,1,1,0,0,6
699198,1,1,0,0,17
699199,1,1,0,0,0
699202,1,2,0,0,2
699203,1,1,0,0,0
699204,1,1,0,0,0
699206,1,1,0,0,3
699207,1,3,0,0,0
699208,0,1,0,0,0
699209,1,1,0,0,0
699210,1,2,0,0,0
699211,1,1,0,0,0
699212,1,1,0,0,0
699215,1,1,0,0,0
699216,1,1,0,0,0
699217,1,1,1,0,0
699218,1,1,0,0,0
699219,1,1,0,0,0
699220,1,1,0,0,2
699221,1,1,0,0,2
699223,1,1,0,1,5
699224,1,1,0,0,3
699225,1,1,0,0,1
699226,1,1,0,0,0
699227,1,1,0,0,0
699231,1,1,0,0,0
699232,1,1,0,0,0
699233,1,1,0,0,0
699234,1,1,0,0,-1
699235,1,1,0,0,0
699236,1,1,0,0,0
699237,1,1,0,0,0
699238,1,1,0,1,8
699239,1,1,0,1,0
699242,1,1,0,0,0
699244,1,1,0,0,0
699245,1,1,0,0,0
699246,1,1,0,0,0
699248,1,2,0,0,0
699249,1,1,0,0,0
699250,1,1,0,0,0
699252,1,1,0,0,0
699253,1,1,0,0,0
699254,1,1,0,0,0
699255,1,1,0,0,0
699256,1,1,0,0,0
699257,1,1,0,0,0
699259,1,1,0,2,0
699260,2,1,0,1,0
699261,1,2,0,0,-4
699262,1,2,0,0,0
699263,2,2,0,0,0
699264,1,1,0,0,0
699265,1,2,0,1,0
699266,1,1,0,0,0
699267,1,2,0,0,0
699268,1,1,0,0,0
699271,1,1,0,0,2
699272,1,1,0,0,2
699273,1,1,0,0,0
699274,1,1,0,0,0
699277,1,2,0,0,0
699278,1,2,1,0,0
699279,1,1,0,0,7
699282,1,1,0,0,11
699283,1,1,0,0,1
699284,1,1,0,0,2
699285,1,1,0,1,0
699286,1,1,0,0,0
699287,1,1,0,0,0
699288,1,1,0,0,0
699289,1,1,0,0,0
699290,1,1,0,0,0
699293,1,2,0,0,0
699294,1,1,0,0,0
699295,1,1,0,0,0
699297,1,1,0,0,0
699298,1,1,0,0,0
699299,1,1,0,0,4
699301,1,1,0,0,0
699302,1,1,0,0,0
699303,1,1,0,0,0
699304,1,1,0,0,0
699305,1,1,0,0,0
699306,1,1,0,0,0
699307,1,1,0,0,0
699309,1,1,0,0,0
699310,1,1,0,1,13
699311,1,1,0,0,0
699313,1,1,0,0,0
699314,1,1,0,0,0
699315,1,1,0,0,0
699316,1,1,0,0,0
699317,1,1,0,0,7
699319,1,2,0,0,0
699320,1,2,0,0,0
699321,1,1,0,0,0
699322,1,2,0,0,0
699323,1,1,0,0,5
699326,1,1,0,0,0
699327,1,1,0,0,0
699328,1,1,0,1,5
699330,1,1,0,1,8
699331,2,2,0,0,0
699332,1,1,0,0,2
699333,2,2,0,1,0
699334,2,1,0,0,13
699337,1,2,0,0,6
699338,2,0,0,1,0
699339,1,1,0,0,0
699340,1,0,0,0,0
699342,1,1,0,0,25
699343,2,2,0,0,0
699344,1,1,0,0,0
699346,2,2,0,0,0
699347,1,1,0,1,0
699348,1,1,0,0,4
699349,1,1,0,0,0
699350,1,1,0,0,0
699351,1,1,0,0,0
699352,1,1,0,1,0
699353,1,1,0,0,0
699356,1,2,0,2,25
699357,2,0,0,0,0
699358,2,0,0,0,4
699359,1,0,0,0,0
699360,1,2,0,0,0
699361,1,1,0,1,0
699362,1,1,0,0,0
699365,1,1,0,0,0
699366,2,2,0,0,0
699367,1,1,0,0,18
699368,2,2,0,0,0
699369,1,2,0,0,0
699370,1,1,0,0,0
699371,1,1,0,1,0
699372,2,1,0,0,5
699373,1,1,0,0,0
699374,1,2,0,0,0
699375,1,1,0,0,0
699376,1,1,0,0,0
699377,1,2,0,0,0
699378,1,1,0,0,3
699379,1,2,0,0,0
699380,1,2,0,1,0
699381,1,1,0,0,2
699384,2,1,0,1,0
699385,2,2,0,0,0
699386,1,1,0,0,0
699388,1,1,0,0,0
699389,1,0,0,0,0
699390,1,1,0,0,0
699392,1,1,0,0,0
699393,1,1,0,1,0
699395,1,1,0,0,0
699396,2,2,0,0,0
699398,1,0,0,0,0
699400,1,1,0,0,0
699401,2,2,0,1,0
699402,1,1,0,0,0
699403,2,0,0,0,0
699404,1,1,0,0,0
699405,2,1,0,0,0
699406,2,1,0,0,0
699407,1,1,0,2,25
699408,1,1,0,3,0
699411,1,2,0,0,2
699412,1,2,0,0,0
699413,1,2,0,0,0
699414,1,2,0,0,0
699415,1,1,0,0,0
699416,1,0,0,0,0
699418,1,1,0,0,0
699419,2,2,0,0,0
699420,1,2,0,0,0
699421,1,2,0,0,0
699422,2,0,0,0,0
699423,1,1,0,0,0
699424,1,1,0,0,0
699427,1,1,0,0,0
699428,1,1,0,1,0
699429,1,1,0,0,1
699430,1,1,0,0,0
699431,1,1,0,0,1
699432,2,2,0,0,0
699433,1,1,0,0,2
699435,1,2,0,0,0
699436,1,2,0,1,5
699439,1,1,0,0,0
699442,1,2,0,0,1
699443,2,0,0,0,12
699445,1,2,0,4,0
699446,1,1,0,0,0
699447,1,1,0,0,0
699448,1,0,0,0,2
699449,1,1,0,0,0
699452,1,1,0,0,0
699453,1,1,0,0,0
699454,1,1,0,0,0
699455,1,1,0,0,0
699456,1,1,0,0,0
699457,1,1,0,0,0
699458,1,1,0,0,0
699459,1,1,0,0,0
699460,1,1,0,1,0
699462,1,1,0,2,9
699463,1,1,0,0,3
699464,1,1,0,2,0
699467,1,0,0,0,0
699468,1,0,0,2,17
699469,1,0,0,0,0
699470,1,1,0,0,0
699471,1,1,0,0,0
699472,1,0,0,0,6
699473,1,0,0,0,0
699474,1,1,0,0,0
699476,2,0,0,0,3
699477,1,0,0,0,1
699479,3,2,0,0,0
699481,1,1,0,1,8
699482,1,1,0,0,0
699483,1,1,1,0,0
699484,1,1,0,1,6
699485,1,2,0,0,0
699486,1,1,0,0,0
699487,1,1,0,2,10
699489,1,1,0,0,0
699490,1,1,0,0,4
699491,1,1,0,0,6
699493,1,2,0,0,0
699494,1,2,0,0,27
699495,1,1,0,0,0
699496,1,3,0,0,0
699497,1,3,0,0,0
699498,1,1,0,0,0
699499,1,1,0,0,0
699500,1,1,0,0,0
699503,1,1,0,1,4
699504,1,1,0,0,0
699505,1,1,0,0,15
699506,1,1,1,0,0
699507,1,1,1,0,0
699508,1,1,0,0,6
699509,1,2,0,0,7
699511,1,1,0,0,0
699512,1,1,0,0,0
699515,1,2,0,0,0
699516,1,1,0,0,17
699517,1,1,0,0,0
699518,1,3,0,0,0
699519,1,3,0,0,0
699520,1,2,0,0,0
699521,1,2,0,0,10
699522,1,3,0,0,0
699523,1,2,0,0,0
699524,1,1,0,0,4
699525,1,1,0,0,0
699528,1,2,0,0,0
699531,1,1,0,0,4
699532,1,1,0,0,0
699533,1,1,0,0,0
699534,1,1,0,0,0
699535,1,1,0,1,0
699536,1,1,0,0,0
699537,1,1,0,1,0
699538,1,1,0,0,0
699539,1,1,0,0,0
699540,1,3,0,1,0
699541,1,1,0,0,2
699542,1,1,1,0,0
699543,1,1,0,0,5
699544,1,1,0,1,13
699545,1,1,0,0,2
699546,1,1,0,0,0
699547,1,1,0,0,0
699548,1,1,0,0,0
699551,1,1,0,0,0
699553,1,2,0,1,0
699554,1,2,0,0,0
699555,1,1,0,0,5
699556,1,3,0,0,0
699557,1,1,0,0,0
699558,1,2,0,0,0
699559,1,2,0,0,0
699563,1,1,0,0,0
699564,1,1,0,0,4
699565,1,1,0,0,8
699566,1,2,0,0,0
699567,1,1,0,0,0
699568,1,1,0,0,10
699569,1,2,0,1,5
699570,1,1,1,0,0
699571,1,1,0,0,0
699574,1,1,0,2,0
699575,1,2,0,0,4
699576,1,2,0,0,5
699578,1,1,0,0,6
699579,1,1,0,0,6
699581,1,1,0,0,2
699582,1,1,0,0,3
699583,1,1,0,0,0
699586,1,3,0,0,0
699587,1,3,0,0,0
699588,1,2,1,0,0
699590,1,1,0,0,7
699591,1,1,0,0,0
699592,1,1,0,0,0
699593,1,1,0,0,0
699594,1,1,0,0,0
699595,1,1,0,3,14
699596,1,1,0,0,0
699599,1,1,0,0,2
699600,1,1,0,1,0
699601,1,1,0,0,0
699602,1,1,0,0,2
699603,1,1,0,0,0
699604,1,1,0,1,0
699605,1,1,0,0,0
699606,1,1,0,0,0
699607,1,1,0,0,3
699608,1,1,0,1,0
699609,1,1,0,0,0
699610,1,1,0,0,0
699611,1,1,0,2,0
699614,1,1,0,0,1
699615,1,1,0,0,0
699617,1,1,0,0,0
699618,1,1,0,0,2
699619,1,1,0,0,0
699620,1,3,0,2,0
699621,1,3,0,0,0
699622,1,3,0,0,0
699623,1,1,0,0,0
699624,1,3,0,1,0
699625,1,3,0,1,0
699628,1,1,1,0,0
699629,1,1,0,0,2
699630,1,1,0,0,0
699632,1,1,0,1,3
699633,1,1,0,0,0
699634,1,1,0,0,0
699635,2,3,0,0,0
699637,1,2,0,0,0
699638,1,2,0,0,1
699639,1,1,0,0,6
699640,1,1,0,0,4
699641,1,1,0,0,0
699642,1,2,0,0,0
699643,1,1,1,0,0
699644,1,1,0,0,0
699646,1,1,0,1,0
699647,1,1,0,0,0
699648,1,1,0,0,0
699649,1,1,0,0,0
699650,1,1,0,0,0
699651,1,2,0,0,0
699653,1,2,0,0,0
699654,1,2,0,0,0
699655,1,1,0,0,0
699657,1,1,0,0,1
699658,1,1,0,0,0
699659,1,1,0,0,0
699660,1,1,0,1,10
699661,1,1,0,0,0
699662,1,2,0,0,0
699663,1,2,1,0,0
699664,1,1,0,0,4
699665,1,2,0,0,0
699666,1,2,0,0,0
699669,0,1,0,0,9
699670,1,1,0,0,0
699671,0,2,0,0,0
699673,1,1,0,0,0
699674,1,1,0,0,0
699675,1,1,0,1,0
699676,1,2,0,0,0
699677,1,1,0,0,0
699678,1,1,0,1,0
699679,1,2,0,0,0
699680,1,2,0,0,4
699681,1,2,0,0,0
699682,1,2,0,1,0
699683,1,1,0,1,0
699684,1,3,0,0,0
699685,1,1,0,0,0
699686,1,1,0,1,0
699687,1,1,0,0,0
699688,1,1,1,0,0
699689,1,1,0,0,4
699690,1,1,0,0,1
699691,1,2,0,0,0
699692,1,2,0,1,0
699693,1,2,0,0,0
699694,1,2,0,1,0
699697,1,2,0,0,0
699698,1,2,0,0,11
699699,1,2,0,0,0
699700,1,2,0,0,0
699701,1,1,0,0,0
699703,1,1,0,0,0
699705,1,1,0,0,4
699706,1,2,0,0,0
699707,1,1,0,0,3
699708,1,1,0,1,8
699709,1,2,0,2,0
699710,1,2,0,0,0
699711,1,0,0,0,0
699713,1,1,0,0,0
699714,1,1,0,0,0
699715,1,1,0,0,0
699717,1,0,0,0,0
699718,1,1,0,0,0
699719,1,1,0,0,0
699721,1,2,0,0,0
699723,1,1,0,0,0
699724,1,1,0,0,2
699725,1,1,0,0,-4
699727,1,2,0,0,0
699728,1,2,0,0,0
699729,1,1,0,0,2
699731,1,1,0,0,0
699732,1,2,0,0,0
699733,1,1,0,0,0
699735,1,2,0,0,0
699736,1,1,0,0,4
699737,1,1,0,0,0
699739,1,1,0,0,0
699740,1,1,0,0,0
699741,1,1,0,0,0
699743,1,1,0,1,0
699744,1,1,0,0,0
699745,1,2,0,0,0
699747,1,1,0,0,10
699749,1,2,0,0,0
699750,1,2,0,1,0
699751,1,1,0,0,0
699753,1,3,0,0,0
699754,1,3,0,0,0
699755,1,1,0,0,0
699756,1,1,0,1,0
699757,1,1,0,0,0
699758,1,1,0,0,0
699759,1,1,0,0,0
699760,1,1,0,0,3
699761,1,1,0,0,9
699762,1,2,0,0,0
699765,1,1,0,0,0
699767,1,1,0,1,21
699768,1,2,0,0,0
699769,1,2,1,0,0
699770,1,1,0,0,1
699773,1,0,0,0,0
699774,1,1,0,0,0
699775,1,1,0,0,0
699777,1,1,0,0,3
699778,1,1,0,0,4
699779,1,1,0,0,0
699780,1,1,0,1,0
699781,1,1,0,0,0
699782,1,1,0,0,0
699783,1,1,0,0,0
699784,1,1,0,0,0
699785,1,1,0,0,0
699787,1,2,0,0,0
699788,1,2,0,0,0
699791,1,1,0,0,5
699792,1,1,0,0,0
699793,1,1,0,0,1
699794,1,1,0,0,0
699795,1,1,0,1,12
699796,1,1,0,0,3
699797,1,1,1,0,0
699798,1,1,0,0,0
699799,1,1,1,0,0
699800,1,1,0,0,0
699801,1,2,0,0,0
699802,1,2,0,0,0
699803,1,2,0,0,0
699805,1,3,0,0,0
699807,1,2,1,0,0
699808,1,1,0,1,0
699809,1,1,0,0,4
699810,1,2,0,1,0
699811,1,2,0,0,0
699813,1,1,0,1,0
699814,1,1,1,0,0
699815,1,0,0,1,11
699816,1,2,0,1,0
699817,1,0,0,0,0
699818,1,0,0,0,0
699819,1,2,0,0,0
699820,1,0,0,1,0
699822,1,1,1,0,0
699825,1,1,0,0,0
699826,1,2,0,0,0
699827,1,1,0,0,38
699830,1,2,0,0,0
699831,1,1,0,0,0
699832,1,1,0,0,0
699833,1,2,0,1,0
699835,1,2,0,0,0
699836,1,0,0,0,0
699837,1,1,0,0,0
699838,1,1,0,0,5
699841,1,2,0,0,0
699842,1,2,0,0,0
699843,1,1,0,0,8
699845,1,1,0,0,10
699846,1,1,0,0,0
699847,1,0,0,0,0
699848,1,0,0,0,9
699849,1,2,0,0,0
699850,2,3,0,0,0
699853,1,2,0,0,0
699854,1,1,0,0,0
699855,1,1,0,1,0
699856,1,2,0,0,0
699858,1,1,0,0,0
699860,1,1,0,0,0
699862,1,1,0,0,0
699863,1,1,0,0,0
699864,1,0,0,0,0
699865,1,0,0,0,3
699867,1,0,0,0,0
699868,1,1,0,0,0
699869,1,2,0,0,0
699872,1,2,0,0,0
699873,1,1,0,0,0
699874,1,2,0,0,8
699875,2,1,0,0,0
699876,1,1,0,0,0
699877,1,1,0,0,0
699878,1,1,1,0,0
699879,1,1,0,0,0
699880,1,0,0,0,0
699881,1,1,0,0,3
699882,1,1,0,0,0
699883,1,1,0,0,0
699886,2,3,0,0,0
699888,1,2,0,0,8
699889,1,1,0,0,0
699890,1,1,0,0,31
699893,1,1,0,0,0
699894,1,1,0,1,0
699895,1,1,0,0,0
699896,1,1,0,0,0
699897,1,0,0,0,0
699902,1,1,0,0,4
699903,1,0,0,0,0
699904,1,0,1,0,0
699906,1,1,0,1,0
699907,1,1,0,0,0
699908,1,1,0,0,0
699910,1,2,0,0,0
699911,1,0,0,0,0
699912,1,0,0,0,5
699913,1,1,0,0,1
699914,1,1,1,0,0
699915,1,0,0,1,0
699916,1,0,0,0,0
699917,1,1,0,0,0
699918,1,1,0,0,6
699919,1,0,0,1,12
699920,1,1,0,0,0
699922,1,2,0,0,0
699925,1,2,0,0,0
699927,1,2,0,0,0
699928,1,1,0,0,0
699929,1,1,0,0,0
699930,1,2,0,0,0
699931,1,1,0,0,0
699932,1,1,0,0,8
699933,1,1,0,0,5
699934,1,0,0,0,0
699935,1,0,0,0,3
699936,1,0,0,0,0
699939,1,1,0,0,0
699940,1,1,0,0,0
699941,1,1,0,0,0
699943,1,0,0,0,0
699944,2,2,0,0,0
699945,1,1,0,0,0
699946,1,1,0,0,5
699947,1,1,0,1,0
699948,1,2,0,0,0
699949,1,1,0,0,0
699952,1,1,0,0,6
699953,1,1,1,0,0
699954,1,1,0,0,4
699955,1,1,0,0,7
699956,1,1,0,0,-1
699957,1,1,0,0,-2
699958,1,0,0,0,0
699959,1,1,0,0,0
699960,1,1,0,0,0
699961,1,1,0,1,18
699964,1,2,0,0,0
699965,1,2,0,0,0
699966,1,2,0,1,0
699968,1,1,0,0,17
699970,1,1,0,0,0
699971,1,2,0,0,0
699972,1,1,0,1,4
699973,0,3,0,0,0
699974,1,2,0,0,0
699975,2,1,0,1,17
699977,1,2,0,0,0
699978,1,1,0,0,0
699979,1,1,0,0,0
699982,1,2,0,0,0
699983,1,2,0,0,0
699984,1,2,0,0,0
699985,1,2,0,0,0
699986,1,1,0,1,0
699987,1,1,0,0,0
699989,2,2,0,1,0
699992,1,3,0,0,0
699993,1,1,0,0,0
699994,1,1,0,0,0
699995,1,1,0,0,0
699996,1,1,0,0,2
699997,1,1,0,1,10
700000,1,1,1,0,0
700001,1,1,0,0,0
700002,1,1,0,0,0
700003,1,1,0,0,0
700004,1,1,0,0,0
700005,1,1,0,0,6
700006,1,1,1,0,0
700007,1,1,0,2,0
700008,1,1,1,0,0
700009,1,1,0,0,3
700010,1,1,0,1,0
700011,1,1,0,0,0
700012,2,1,0,0,0
700013,1,1,0,0,0
700014,1,1,0,0,1
700015,1,1,0,0,15
700016,1,1,0,0,0
700017,2,1,0,0,0
700019,1,1,0,0,0
700022,1,2,0,0,3
700023,0,2,0,0,0
700024,1,2,0,0,0
700025,1,2,0,0,0
700026,1,1,0,0,0
700027,1,1,0,0,0
700028,1,1,0,0,2
700029,1,1,1,0,0
700031,2,2,0,0,0
700032,1,1,0,0,3
700033,1,1,0,0,0
700034,2,2,0,0,0
700035,1,1,0,0,0
700036,1,1,0,0,0
700038,1,1,0,1,0
700039,1,1,0,0,0
700040,1,1,0,0,22
700041,1,1,0,0,8
700042,1,2,0,0,0
700043,1,2,0,0,0
700046,1,1,0,0,0
700047,1,1,0,0,0
700048,1,1,1,0,0
700049,1,1,0,0,5
700050,1,1,0,1,4
700051,1,1,0,0,0
700052,1,1,0,0,2
700053,1,2,0,0,0
700056,1,2,0,1,0
700057,1,2,0,0,0
700058,1,2,0,0,2
700059,1,2,0,0,3
700060,1,2,0,0,0
700061,0,2,0,0,0
700064,1,2,0,0,0
700065,1,2,0,0,0
700066,1,1,0,1,13
700067,1,1,0,0,0
700068,1,1,0,0,0
700069,1,1,0,0,0
700071,1,1,0,0,0
700072,1,1,0,0,0
700073,1,1,0,0,2
700075,1,1,0,0,0
700076,1,2,0,0,0
700077,2,1,0,0,0
700078,1,1,0,0,0
700079,1,1,0,0,0
700080,1,1,0,0,0
700082,1,1,0,1,0
700083,1,1,0,0,0
700084,1,1,0,0,6
700087,1,1,0,0,0
700088,1,1,0,0,3
700089,1,1,0,0,0
700091,2,1,0,0,0
700092,1,1,0,0,0
700093,1,1,0,0,0
700094,2,2,0,0,0
700095,1,1,0,0,0
700096,1,1,0,0,0
700098,1,2,0,0,16
700099,1,1,0,0,0
700100,1,1,0,0,0
700102,1,1,1,0,0
700105,2,1,0,0,0
700106,1,1,0,0,0
700107,1,2,0,0,0
700108,1,1,0,0,0
700110,1,1,1,0,0
700112,1,1,0,1,0
700113,1,1,0,0,12
700114,1,2,0,0,0
700115,1,1,0,0,0
700116,1,2,0,0,1
700117,1,2,0,0,0
700118,1,2,0,2,0
700119,1,2,0,0,0
700120,1,1,0,1,0
700121,2,1,0,0,0
700124,1,1,0,0,0
700125,1,1,0,0,0
700126,1,1,0,1,11
700127,1,1,0,0,-2
700128,1,1,0,0,0
700129,1,1,0,0,4
700130,1,1,0,1,2
700132,1,1,0,0,0
700133,2,2,0,0,0
700135,1,1,0,0,0
700136,1,3,0,0,0
700137,1,1,0,0,0
700139,1,2,0,0,0
700140,1,2,0,0,0
700141,1,1,0,0,1
700142,1,1,0,0,0
700143,1,1,0,1,0
700144,1,1,0,0,0
700146,1,1,0,0,0
700147,1,1,0,1,0
700148,1,1,0,0,1
700149,1,1,0,0,0
700150,0,1,0,0,0
700151,1,1,0,0,0
700152,1,1,0,0,0
700153,1,1,0,0,0
700155,1,1,0,0,8
700156,1,1,0,0,0
700157,1,1,1,0,0
700158,1,1,0,0,0
700159,1,1,1,0,0
700161,2,2,0,0,0
700162,1,1,0,0,0
700163,0,1,0,0,18
700164,1,1,0,1,0
700165,1,2,0,0,4
700168,1,1,0,0,1
700169,1,1,0,0,0
700170,1,1,0,0,2
700171,1,1,0,0,5
700172,1,1,0,0,0
700173,1,2,1,0,0
700174,1,1,0,0,0
700177,1,3,0,0,6
700178,1,2,1,0,0
700179,1,1,0,0,0
700180,1,2,0,0,0
700181,1,3,0,2,0
700182,1,2,0,0,0
700183,1,1,0,0,0
700184,1,1,1,0,0
700186,1,2,0,0,0
700187,1,1,0,0,0
700188,1,1,0,0,0
700190,1,1,0,0,0
700191,1,1,0,0,0
700192,1,1,0,0,0
700194,1,3,0,0,0
700195,1,1,0,1,2
700196,1,1,0,0,0
700198,1,2,0,0,0
700199,1,1,0,0,0
700200,1,1,1,0,0
700202,1,3,1,0,0
700203,1,1,0,0,0
700204,1,1,0,0,0
700206,1,1,0,0,0
700207,1,1,0,0,0
700208,1,1,0,0,0
700211,1,1,0,0,12
700212,1,1,0,0,0
700213,1,1,0,0,2
700214,1,1,0,1,0
700215,1,1,1,0,0
700216,1,1,0,0,3
700218,1,1,0,0,0
700219,1,1,0,0,0
700220,1,1,0,0,4
700221,1,1,0,0,0
700222,1,1,0,2,27
700223,1,1,1,0,0
700224,1,1,0,1,11
700225,1,1,0,0,0
700226,1,1,0,0,0
700227,1,1,0,0,1
700228,1,1,0,0,0
700231,1,1,1,0,0
700232,1,1,0,0,0
700233,1,1,0,0,0
700235,1,2,0,0,4
700236,1,1,0,0,0
700237,1,1,0,0,0
700238,1,1,0,1,0
700239,1,1,0,0,0
700241,1,2,0,0,28
700242,1,2,0,0,0
700243,1,2,0,0,0
700244,1,1,1,0,0
700246,1,2,0,1,0
700247,1,3,0,1,0
700248,1,3,0,1,11
700249,1,1,0,0,0
700250,1,3,0,0,0
700251,1,1,0,0,6
700252,1,1,0,0,0
700257,1,1,0,0,5
700258,1,1,0,0,0
700259,1,1,0,1,5
700260,1,1,0,0,2
700262,1,1,0,2,7
700263,1,2,0,0,0
700265,1,4,0,0,0
700266,1,4,0,0,0
700267,1,1,0,0,0
700270,1,2,0,0,0
700271,1,2,0,2,0
700273,1,2,0,0,0
700274,1,2,0,1,0
700275,1,1,0,0,0
700277,1,1,0,0,0
700278,1,1,0,1,2
700279,1,1,1,0,0
700280,1,1,0,0,0
700281,1,1,0,0,0
700283,1,2,0,0,2
700284,1,2,0,0,0
700285,1,1,0,0,0
700286,1,2,0,0,0
700287,1,2,0,1,18
700288,1,2,0,0,10
700289,1,2,0,1,0
700290,1,2,0,0,0
700291,1,3,0,0,0
700292,1,1,0,0,0
700293,1,1,0,0,0
700294,1,1,0,0,0
700297,1,1,0,2,6
700298,1,1,0,0,7
700299,1,1,0,0,13
700300,1,1,0,0,0
700301,1,1,0,2,4
700302,1,1,0,1,4
700303,1,1,0,0,0
700304,1,1,0,2,22
700307,1,3,0,0,0
700308,1,1,0,0,0
700309,1,1,0,0,0
700311,1,1,1,0,0
700312,1,1,0,0,3
700313,1,1,0,0,0
700314,1,1,0,0,3
700315,1,1,0,0,0
700316,1,3,0,0,0
700317,1,3,0,0,0
700318,1,3,0,0,0
700321,1,1,0,0,8
700323,1,1,0,0,6
700324,1,2,0,0,0
700325,1,1,0,0,0
700326,0,1,0,0,4
700327,1,2,0,0,0
700328,1,2,0,0,0
700329,1,1,0,0,2
700330,1,1,0,0,0
700331,1,1,0,1,20
700332,1,1,0,0,0
700333,1,1,0,0,0
700334,1,1,0,0,0
700337,1,2,0,0,0
700338,1,2,0,1,23
700339,1,2,0,0,0
700340,1,1,0,0,0
700341,1,1,0,0,0
700343,1,2,0,0,26
700344,1,3,0,0,0
700345,1,2,0,0,0
700347,1,1,0,2,0
700348,1,1,0,0,0
700349,2,1,0,0,0
700350,1,2,0,0,0
700351,1,2,0,0,27
700354,2,2,0,0,0
700357,1,1,0,0,5
700360,1,3,0,0,3
700361,1,1,0,1,3
700362,1,2,0,1,0
700363,1,2,0,0,0
700364,1,1,0,0,0
700365,1,1,0,0,2
700366,1,1,0,0,0
700369,1,1,0,0,0
700370,1,1,0,0,0
700371,0,1,0,0,0
700373,1,1,0,0,6
700375,1,1,0,0,0
700376,1,1,0,0,0
700377,1,1,0,0,0
700379,1,2,0,0,0
700381,1,2,0,0,0
700382,1,1,0,0,13
700383,1,1,0,0,0
700384,1,1,0,0,0
700385,1,2,0,0,0
700386,1,1,0,1,0
700387,1,1,0,0,0
700388,1,1,0,0,0
700391,1,1,0,0,0
700392,1,1,0,0,0
700393,1,1,0,0,1
700395,1,1,0,0,0
700396,1,1,0,0,2
700397,1,1,0,0,0
700398,1,1,0,0,0
700399,1,1,0,0,7
700400,1,1,0,0,0
700401,1,1,0,0,0
700402,1,1,0,0,6
700405,1,1,0,0,0
700407,1,2,0,0,0
700408,1,2,0,0,0
700409,1,2,0,1,18
700410,1,2,0,0,3
700411,1,1,0,0,0
700412,1,1,0,0,0
700413,1,3,0,0,0
700414,1,1,0,0,0
700417,1,1,0,0,13
700418,1,1,0,1,0
700419,1,3,0,0,0
700420,1,2,0,0,0
700421,1,1,0,0,0
700422,1,1,0,0,0
700423,1,1,0,0,0
700424,0,1,0,0,0
700425,1,1,0,0,0
700426,1,1,0,1,0
700429,1,2,0,0,2
700430,1,1,0,0,0
700431,1,1,0,0,0
700432,1,1,0,0,0
700433,1,2,0,0,0
700434,1,1,0,0,0
700437,1,1,0,0,0
700438,1,1,0,0,0
700439,1,3,0,1,14
700440,1,1,0,0,0
700442,1,2,0,0,0
700443,1,1,0,0,0
700446,1,1,0,0,0
700447,1,1,0,0,0
700448,0,1,0,0,0
700450,1,2,0,0,15
700451,1,2,0,1,0
700452,1,1,0,1,8
700453,1,3,0,0,0
700454,1,1,0,0,0
700455,1,1,0,0,0
700456,1,3,0,0,0
700457,1,1,0,1,11
700458,1,1,0,0,4
700459,1,1,0,2,0
700460,1,1,0,1,7
700461,1,1,0,0,0
700463,1,1,0,0,0
700464,1,1,1,0,0
700465,1,1,0,0,1
700466,1,1,0,0,3
700467,1,3,0,0,0
700470,1,1,0,0,0
700471,1,1,0,0,0
700472,1,1,0,0,3
700473,1,1,1,0,0
700474,1,1,0,0,0
700475,1,1,0,0,0
700476,1,1,0,0,0
700477,2,2,0,1,0
700478,1,3,0,0,0
700479,1,1,0,0,0
700481,1,1,0,0,2
700482,1,1,0,0,0
700483,1,1,0,0,31
700484,1,1,0,0,0
700485,1,0,0,0,2
700486,1,1,0,0,4
700488,1,1,0,0,0
700490,1,1,0,0,1
700491,2,1,0,0,0
700492,1,1,0,0,1
700493,1,2,0,1,0
700494,1,1,0,0,3
700495,1,1,0,0,0
700496,1,1,0,0,0
700497,1,1,0,0,0
700498,1,3,0,0,0
700499,1,2,0,0,0
700500,2,1,0,0,0
700501,1,1,0,0,0
700502,1,1,0,0,0
700503,1,1,0,0,0
700504,1,1,0,0,5
700507,2,1,0,1,0
700508,1,2,0,0,0
700510,1,2,0,0,0
700513,1,1,0,1,2
700514,1,1,0,0,0
700515,1,1,0,0,0
700517,1,2,0,0,0
700518,2,1,0,1,0
700519,2,1,0,0,0
700521,2,2,0,0,0
700522,1,0,0,0,0
700523,1,1,0,0,0
700525,1,1,0,0,0
700526,1,2,0,0,4
700527,2,1,0,0,0
700530,1,2,0,0,0
700531,1,2,0,0,0
700532,1,1,1,0,0
700534,2,1,0,0,0
700535,1,3,0,2,0
700536,1,1,0,0,6
700537,1,1,0,0,0
700539,1,3,0,0,7
700540,1,1,0,0,0
700542,1,1,0,0,0
700543,1,1,0,0,0
700544,1,1,0,0,0
700545,1,1,0,0,7
700546,1,1,0,0,2
700547,1,1,0,0,0
700548,2,2,0,0,0
700549,1,1,0,0,6
700550,1,1,0,0,0
700551,1,0,0,0,0
700552,1,1,0,0,0
700553,1,1,0,0,2
700554,1,1,0,0,0
700557,1,3,0,0,0
700558,1,1,0,0,0
700559,1,1,0,0,6
700560,1,1,0,0,4
700561,1,1,0,0,0
700562,1,2,0,0,0
700563,1,1,0,1,0
700564,1,1,1,0,0
700567,1,1,0,0,0
700569,1,0,0,0,7
700570,1,1,0,3,0
700571,1,1,0,0,0
700572,1,1,0,0,0
700573,1,1,0,0,0
700574,1,1,0,0,0
700577,1,1,0,0,0
700578,1,1,0,0,0
700579,1,1,0,0,0
700581,1,1,0,0,0
700582,1,1,0,0,0
700583,1,1,0,0,2
700585,1,1,0,0,0
700586,1,2,0,0,0
700587,1,1,0,0,0
700589,1,1,0,0,0
700590,1,1,0,0,0
700591,1,1,0,3,5
700593,1,2,0,1,0
700594,1,1,0,0,0
700595,1,1,0,0,0
700598,2,1,0,1,0
700599,1,1,0,0,0
700600,1,1,0,0,0
700602,1,1,0,1,16
700603,1,1,0,0,0
700604,1,1,0,0,0
700605,2,1,0,0,0
700606,1,1,0,0,3
700607,1,1,0,0,1
700610,1,1,0,0,0
700611,1,1,0,1,0
700612,1,1,0,0,0
700613,1,1,0,0,0
700614,1,1,0,0,0
700615,1,2,0,0,0
700616,1,1,0,0,5
700617,1,1,0,0,0
700618,1,1,0,0,0
700619,1,1,1,0,0
700622,1,1,0,0,10
700623,1,1,0,0,0
700624,1,1,0,1,0
700625,1,1,0,0,3
700626,1,1,0,0,0
700627,1,1,0,0,0
700628,1,1,0,0,0
700631,1,1,0,0,0
700632,1,1,0,0,4
700633,1,1,0,0,0
700634,1,1,0,0,0
700635,1,1,0,0,0
700636,2,2,0,0,0
700637,1,1,0,2,15
700638,1,1,0,0,0
700639,1,1,0,0,0
700641,1,1,0,0,1
700644,1,1,0,0,0
700645,1,1,0,0,0
700646,1,1,0,0,9
700647,1,1,0,0,0
700648,1,1,0,0,0
700650,1,1,0,0,1
700651,1,1,0,0,0
700654,1,1,0,0,1
700655,1,1,0,0,0
700658,2,2,0,0,0
700659,2,2,0,0,0
700661,1,2,0,0,5
700662,1,1,0,1,0
700663,1,1,0,0,0
700664,2,1,0,0,4
700665,1,1,0,0,2
700666,1,2,0,1,32
700667,1,1,0,1,0
700668,1,1,0,0,2
700672,1,2,0,0,0
700673,1,2,0,0,0
700674,1,1,0,0,0
700676,1,2,0,0,7
700677,1,1,0,0,13
700678,1,1,0,0,0
700679,1,1,0,0,0
700680,2,1,0,0,0
700681,1,1,0,0,0
700682,1,1,0,0,0
700685,1,1,0,0,0
700686,1,1,0,1,0
700687,1,1,0,0,0
700689,1,1,0,0,2
700690,1,1,0,0,0
700691,2,1,0,0,0
700692,1,1,0,0,2
700693,2,1,0,1,0
700694,2,1,0,0,0
700695,1,1,0,1,6
700697,2,1,0,0,0
700698,1,1,0,0,0
700699,1,1,0,0,0
700700,1,1,0,0,1
700701,1,1,0,0,0
700704,1,3,0,0,0
700705,2,0,0,0,9
700706,1,1,0,0,0
700708,2,1,0,0,0
700709,1,1,0,0,0
700710,1,1,0,0,0
700713,1,1,0,0,15
700714,1,1,0,0,0
700715,1,1,0,0,0
700716,1,1,0,0,0
700718,1,1,0,0,0
700719,1,1,0,0,9
700721,1,1,0,0,0
700722,1,2,1,0,0
700723,1,1,0,0,1
700724,1,1,0,0,0
700725,1,1,0,1,2
700726,2,1,1,0,0
700727,1,1,1,0,0
700728,1,2,1,0,0
700729,2,2,0,0,0
700730,1,1,0,0,0
700731,1,1,0,0,0
700732,1,1,0,0,0
700733,1,1,1,0,0
700736,1,1,0,0,0
700737,1,1,0,0,11
700738,1,1,0,0,3
700739,1,1,0,0,0
700740,2,2,0,0,0
700741,2,2,0,0,0
700742,1,1,0,0,0
700745,1,1,0,0,6
700746,1,1,0,0,0
700747,1,1,0,0,-1
700748,1,1,0,0,4
700749,1,1,0,0,0
700750,1,1,0,0,7
700751,1,1,0,0,2
700752,0,2,0,0,0
700756,1,1,0,0,9
700757,1,1,0,0,3
700758,1,2,0,0,17
700759,1,1,0,0,0
700760,1,1,0,0,0
700761,1,1,0,0,0
700762,2,1,0,2,34
700763,2,2,0,0,0
700765,1,1,0,2,19
700766,1,1,0,1,3
700767,1,1,0,2,0
700770,1,1,0,0,-2
700771,1,1,0,0,0
700772,1,1,0,0,0
700773,1,1,0,0,0
700774,1,1,0,0,0
700775,1,1,0,0,0
700776,1,1,0,0,0
700779,2,2,0,0,0
700780,1,1,0,0,0
700781,1,1,0,3,0
700782,2,1,0,0,0
700783,1,1,0,0,0
700784,1,1,0,1,9
700786,1,1,0,0,0
700787,1,1,0,0,0
700788,1,1,0,0,14
700789,1,1,0,2,10
700791,1,1,0,0,0
700794,1,1,0,2,0
700795,1,1,0,0,0
700796,1,1,0,0,8
700797,2,2,0,0,0
700799,1,1,0,0,0
700800,1,1,0,0,0
700802,1,2,0,0,2
700803,1,2,0,0,0
700804,1,1,0,0,0
700805,1,1,0,0,0
700806,1,1,0,0,6
700807,1,1,0,1,12
700808,1,1,0,0,6
700809,1,1,0,0,0
700810,1,1,0,1,0
700813,2,2,0,2,0
700814,2,2,0,0,0
700815,1,1,0,0,0
700816,2,2,0,0,0
700817,2,2,0,0,0
700818,2,2,0,0,0
700819,1,1,0,0,10
700820,2,2,0,0,0
700821,2,2,0,0,0
700822,2,2,0,0,0
700823,2,2,0,0,0
700824,2,2,0,0,0
700826,1,1,0,0,7
700827,1,1,0,0,0
700828,1,1,0,2,0
700829,1,1,0,0,0
700830,1,1,0,0,0
700831,1,1,0,0,0
700832,1,1,0,0,0
700833,2,2,0,0,0
700835,1,1,0,1,0
700836,2,1,0,0,8
700837,1,1,0,0,0
700838,1,0,0,0,0
700839,1,1,1,0,0
700841,1,1,0,0,0
700842,1,1,0,0,0
700843,1,1,0,0,0
700845,2,0,0,0,0
700846,1,1,0,0,0
700847,1,1,0,0,0
700849,1,1,0,0,0
700850,1,1,0,0,4
700851,1,1,0,0,0
700852,1,1,0,0,0
700853,1,1,0,0,0
700854,1,1,0,0,1
700855,1,1,0,0,0
700856,1,1,0,0,0
700857,1,1,0,0,0
700859,1,1,0,0,0
700860,1,1,0,1,5
700861,1,1,0,0,0
700862,1,1,1,0,0
700863,1,1,0,0,0
700864,2,0,0,0,0
700865,2,0,0,0,0
700866,1,1,0,0,0
700868,1,1,0,0,2
700869,1,1,0,0,1
700870,1,1,0,0,9
700871,1,1,0,0,0
700872,1,1,0,0,2
700873,1,1,0,0,0
700874,1,0,0,0,0
700875,2,1,0,0,4
700877,1,1,0,0,0
700878,1,1,0,0,2
700879,1,1,0,0,0
700881,1,1,0,0,0
700882,1,1,0,0,7
700883,1,1,0,0,0
700884,1,1,0,0,0
700885,1,1,0,0,36
700886,1,1,0,0,5
700887,1,0,0,0,0
700888,1,1,0,0,0
700889,1,1,1,0,0
700890,1,1,0,0,0
700892,1,2,0,0,0
700893,1,1,0,0,0
700894,1,1,0,0,1
700895,1,1,0,0,0
700896,1,1,0,0,0
700897,1,1,0,0,0
700899,0,2,0,0,0
700900,1,1,0,0,0
700901,1,1,0,0,15
700905,1,0,0,0,0
700906,1,1,0,0,0
700907,1,1,0,1,4
700908,1,1,0,0,11
700909,1,1,0,0,0
700910,1,1,0,0,1
700911,1,1,0,0,0
700912,1,1,0,0,0
700913,1,1,0,0,0
700915,1,1,0,0,2
700918,2,2,0,0,0
700920,1,1,0,0,0
700921,1,1,0,0,0
700922,1,1,0,0,4
700923,1,1,0,0,3
700924,1,1,0,0,0
700925,1,1,0,0,0
700926,1,1,0,0,0
700928,2,0,0,0,0
700929,1,1,0,0,8
700930,1,0,0,0,0
700931,2,1,0,0,2
700932,1,1,0,0,0
700935,1,1,0,0,0
700936,1,1,0,1,17
700937,1,1,0,1,0
700938,1,1,0,0,4
700939,1,1,0,0,0
700940,1,1,0,0,0
700941,1,1,0,0,4
700944,1,1,0,0,0
700945,1,1,0,0,0
700946,1,1,0,0,0
700949,1,1,1,0,0
700950,2,1,0,0,0
700951,1,1,0,0,9
700952,1,1,0,0,0
700953,2,0,0,0,0
700954,1,1,0,0,15
700955,1,1,0,0,0
700956,1,0,0,0,5
700957,2,1,0,0,0
700960,1,1,0,0,0
700961,1,1,0,0,4
700962,1,1,0,0,0
700963,1,1,0,0,2
700964,1,1,0,1,22
700965,1,1,0,0,3
700966,1,1,0,0,0
700967,1,1,0,0,0
700968,1,1,0,0,0
700969,1,1,0,0,0
700972,1,1,0,0,3
700973,2,0,0,0,0
700974,1,1,0,0,0
700976,1,1,1,0,0
700978,1,1,0,0,0
700979,1,1,0,0,0
700980,1,1,0,0,0
700982,1,1,0,0,17
700983,1,1,0,1,7
700984,1,1,0,0,0
700987,0,1,0,0,0
700988,1,2,0,0,0
700989,1,1,1,0,0
700990,1,1,1,0,0
700993,1,1,0,0,0
700995,1,1,0,0,0
700996,1,1,0,0,2
700997,1,1,0,0,0
700998,1,1,0,0,0
700999,1,1,1,0,0
701000,1,1,0,0,0
701001,1,2,0,0,0
701002,1,2,0,0,0
701003,1,2,0,0,0
701006,1,2,0,0,0
701007,1,2,0,0,0
701008,1,1,0,1,0
701009,1,1,0,0,0
701010,1,1,0,0,0
701011,1,2,0,0,0
701012,1,2,0,0,0
701013,1,1,0,0,0
701016,1,3,0,1,0
701017,1,1,0,0,0
701018,1,1,0,0,8
701019,1,1,0,0,0
701020,1,1,0,0,0
701022,2,1,0,0,0
701023,1,1,0,0,0
701024,2,1,0,1,0
701027,1,1,0,0,0
701028,1,1,0,0,0
701029,1,1,0,0,0
701031,1,1,0,0,0
701032,1,1,0,0,0
701035,1,1,0,0,0
701036,1,2,0,0,3
701037,1,2,0,0,0
701038,1,2,0,0,4
701039,1,2,0,0,0
701040,1,1,0,1,0
701041,1,1,0,0,0
701043,2,1,0,0,0
701044,1,1,0,0,4
701045,1,2,0,0,21
701046,1,1,1,0,0
701047,2,1,0,0,0
701048,1,1,0,0,0
701049,1,1,0,1,0
701050,1,2,0,0,0
701051,1,0,0,0,0
701052,1,0,0,1,0
701053,1,2,0,0,0
701054,1,1,0,0,1
701057,1,1,0,0,42
701060,1,1,0,0,0
701061,1,1,0,0,0
701062,1,0,0,0,0
701064,2,1,0,0,0
701065,1,2,0,1,7
701066,1,1,0,1,0
701067,2,3,0,0,0
701068,1,2,0,1,0
701069,1,2,0,0,0
701070,1,2,0,0,0
701072,1,2,0,0,3
701073,1,2,0,0,0
701074,1,2,0,0,0
701075,1,1,0,1,9
701076,1,2,0,0,0
701077,1,1,0,0,0
701078,1,0,0,0,0
701080,1,1,0,0,0
701081,1,2,0,2,0
701082,1,1,1,0,0
701084,1,1,0,0,0
701085,1,1,0,0,0
701087,1,2,0,0,0
701088,1,2,0,0,0
701089,1,3,0,0,0
701091,1,1,0,0,0
701092,1,1,0,1,0
701093,1,1,0,0,0
701094,1,1,0,0,0
701095,1,1,0,0,0
701099,1,1,0,0,0
701100,1,1,0,0,0
701101,1,1,0,0,3
701103,1,1,0,0,0
701105,1,2,0,0,0
701106,1,1,0,0,2
701108,1,1,1,0,0
701109,1,1,0,0,3
701110,1,1,0,0,0
701111,2,1,0,0,0
701112,2,1,0,0,0
701115,1,1,0,0,0
701116,1,1,0,0,0
701117,1,1,0,0,0
701119,2,1,0,0,3
701120,0,2,0,1,2
701121,1,2,0,0,0
701122,1,1,0,0,0
701123,1,1,0,0,0
701124,1,1,0,2,3
701127,1,1,0,0,10
701128,1,1,0,0,0
701129,1,1,0,0,2
701130,1,1,0,0,6
701131,1,1,0,0,0
701132,1,1,0,0,0
701134,1,1,0,0,0
701136,1,2,0,0,0
701137,1,2,0,0,0
701138,1,1,0,2,0
701139,2,1,0,0,0
701140,1,1,0,0,0
701141,1,1,0,0,0
701142,1,2,0,0,0
701143,0,0,0,0,0
701144,1,1,0,0,0
701147,1,2,0,0,0
701150,1,2,0,1,0
701151,1,1,0,0,7
701152,1,1,0,0,0
701153,2,1,0,0,0
701154,1,1,0,1,0
701155,1,1,0,1,0
701156,1,2,0,0,0
701160,1,1,0,0,0
701161,1,1,0,0,60
701164,1,1,1,0,0
701165,1,1,0,0,0
701166,1,1,0,0,0
701167,1,1,0,1,0
701168,1,1,0,0,3
701169,2,1,0,0,0
701170,2,1,0,0,0
701171,1,1,0,0,0
701174,1,1,1,0,0
701175,1,1,0,0,0
701176,2,2,0,0,5
701177,1,2,0,2,0
701178,1,1,0,0,0
701179,1,1,0,0,0
701182,1,1,0,0,0
701183,1,1,1,0,0
701184,1,1,1,0,0
701185,1,1,0,0,0
701186,1,2,0,0,0
701187,1,2,0,0,0
701188,2,1,0,0,0
701192,1,1,0,0,0
701193,1,1,0,0,2
701194,1,1,0,0,1
701195,1,1,0,0,6
701198,2,1,0,0,0
701199,1,2,0,0,0
701200,1,1,0,0,7
701201,2,2,0,0,0
701202,2,1,0,2,0
701203,1,2,0,0,13
701205,1,2,0,0,0
701206,2,2,0,0,0
701207,1,1,0,0,0
701209,1,1,0,0,0
701210,1,1,1,0,0
701211,1,1,0,0,0
701213,1,3,0,0,0
701216,1,1,0,0,0
701217,1,1,0,0,3
701218,1,1,0,1,13
701219,1,1,0,0,0
701220,1,1,0,0,7
701221,2,1,0,0,0
701223,1,1,0,0,0
701224,1,1,0,0,0
701227,1,3,0,0,0
701228,1,3,0,0,10
701229,2,2,0,1,0
701230,1,2,0,0,3
701231,1,2,0,0,0
701232,1,1,0,0,0
701233,1,2,0,0,0
701235,1,2,0,0,0
701236,1,2,0,0,8
701237,1,2,0,0,0
701238,1,2,0,0,0
701239,2,1,0,0,6
701240,1,1,0,0,5
701243,1,2,0,2,0
701244,1,2,1,0,0
701245,1,1,0,0,0
701247,1,1,0,0,0
701248,1,1,0,0,14
701249,1,1,0,1,0
701250,1,2,0,0,0
701251,1,1,0,0,0
701252,1,1,0,0,0
701254,1,3,0,0,0
701255,1,3,0,0,0
701256,1,2,0,0,0
701257,1,1,0,0,0
701259,1,2,0,0,0
701260,1,2,0,0,0
701261,1,1,0,0,1
701263,1,1,0,2,0
701264,1,1,0,0,0
701265,1,1,0,0,0
701266,1,1,0,2,43
701267,1,1,0,0,0
701271,1,1,0,1,7
701272,1,1,0,0,0
701273,1,1,0,0,0
701274,1,1,0,0,0
701277,1,1,0,0,0
701278,1,1,0,0,2
701279,1,1,0,0,0
701281,1,1,0,0,0
701283,1,1,0,0,0
701284,1,1,0,0,2
701286,1,1,0,0,0
701287,1,1,0,0,0
701288,1,1,0,0,0
701290,2,1,0,0,0
701291,2,1,0,0,0
701292,1,1,0,0,0
701293,2,1,0,0,3
701294,1,2,0,0,3
701295,1,3,0,0,0
701296,1,2,0,0,0
701298,1,1,0,1,0
701299,1,2,0,0,3
701300,1,1,0,0,0
701301,1,2,1,0,0
701302,1,1,0,0,0
701303,1,2,0,0,0
701305,1,1,0,0,0
701306,1,1,0,0,0
701308,1,1,0,0,0
701309,1,1,0,0,0
701311,1,1,0,0,1
701312,1,1,1,0,0
701313,1,1,0,0,0
701316,1,2,0,0,0
701317,1,2,0,1,0
701319,1,2,0,0,9
701320,1,2,0,0,0
701321,1,2,0,0,2
701324,2,1,0,1,7
701325,1,2,0,0,0
701326,1,2,0,0,0
701327,1,1,0,1,0
701328,1,1,0,0,0
701329,1,1,0,0,0
701330,1,1,0,1,13
701333,1,3,0,1,0
701335,2,1,0,0,0
701336,1,2,0,0,1
701337,1,1,0,0,0
701339,1,1,0,0,0
701340,1,1,0,0,0
701341,1,1,0,0,0
701343,1,3,0,1,0
701344,1,3,0,0,0
701345,1,1,0,0,4
701346,1,1,0,0,0
701347,1,2,0,0,4
701348,1,2,0,0,0
701349,1,1,0,0,2
701350,2,1,0,0,6
701351,1,1,0,0,0
701352,1,1,0,0,0
701354,1,1,0,1,8
701355,1,1,0,0,1
701356,1,1,0,0,0
701359,1,1,1,0,0
701360,1,1,0,0,0
701361,1,1,0,1,13
701362,1,1,0,0,0
701363,1,1,0,0,0
701364,1,1,0,0,0
701365,2,2,0,0,0
701367,1,1,0,0,0
701368,1,1,0,0,6
701369,1,1,0,0,0
701370,1,1,0,0,0
701372,1,1,0,0,1
701373,1,2,0,0,0
701374,1,1,0,0,3
701375,1,2,0,0,0
701378,1,3,0,0,0
701379,2,1,0,0,0
701380,1,1,0,1,11
701382,1,2,0,0,0
701384,1,2,0,0,0
701385,1,1,0,0,2
701387,1,1,0,0,0
701388,1,1,0,0,0
701390,1,1,0,0,1
701391,1,3,0,0,7
701394,2,0,0,0,0
701395,1,1,0,0,0
701396,1,3,0,0,0
701397,2,1,0,0,0
701398,1,1,0,1,8
701400,1,1,0,0,5
701401,2,0,0,0,0
701402,2,1,0,0,0
701403,1,1,0,0,0
701406,1,3,0,0,0
701407,1,1,0,0,0
701408,1,1,1,0,0
701410,1,2,0,2,0
701411,1,1,0,0,6
701413,1,1,0,0,0
701414,1,1,0,2,0
701415,1,1,0,0,0
701417,1,2,0,0,0
701418,1,1,1,0,0
701419,1,1,0,0,0
701421,1,3,0,0,0
701422,1,1,0,0,0
701425,1,1,0,0,0
701426,1,1,0,0,0
701427,1,1,0,0,0
701428,1,3,0,0,0
701429,1,1,0,1,0
701430,1,1,0,0,0
701432,1,2,0,0,0
701433,1,1,0,3,24
701434,1,1,0,0,0
701435,1,2,0,0,0
701436,1,2,0,0,20
701437,1,1,0,0,0
701438,1,1,0,0,2
701439,1,1,0,0,0
701442,1,1,0,0,0
701443,1,1,0,0,5
701444,1,1,0,0,1
701445,1,1,0,0,0
701446,1,1,0,0,1
701447,1,1,0,0,0
701448,1,1,0,0,0
701450,1,0,0,1,0
701451,1,0,0,0,0
701452,1,1,0,0,0
701453,2,0,0,0,0
701454,1,2,0,0,0
701455,1,1,0,0,0
701457,1,1,0,0,0
701458,1,2,0,0,4
701459,1,3,0,1,0
701460,1,2,0,0,0
701461,1,3,0,0,0
701462,1,3,0,0,0
701463,1,1,0,0,0
701464,1,1,0,0,0
701466,1,1,0,3,0
701467,1,1,0,0,0
701468,1,1,0,0,0
701469,1,0,0,0,0
701470,1,1,0,0,0
701472,1,1,0,0,5
701473,1,2,0,0,0
701474,1,2,0,0,0
701475,1,2,0,0,0
701476,1,1,0,0,0
701477,1,1,0,1,0
701478,1,2,0,0,0
701479,1,1,1,0,0
701483,1,1,0,0,0
701484,1,1,0,0,0
701485,1,1,0,0,0
701487,1,1,0,0,0
701489,1,2,0,0,0
701490,1,1,0,0,0
701491,1,1,0,0,4
701492,1,1,0,0,0
701495,1,1,0,0,0
701496,1,1,0,2,13
701498,1,1,0,1,5
701499,1,1,0,0,0
701500,1,1,0,0,0
701501,1,1,0,0,0
701502,1,1,0,0,0
701504,1,1,0,0,0
701505,1,1,0,0,9
701506,1,3,0,0,0
701507,1,2,0,0,0
701508,1,1,0,0,2
701510,1,2,0,0,0
701511,1,2,0,0,0
701513,1,3,0,0,0
701514,1,2,0,0,0
701515,1,1,0,0,2
701517,1,1,0,0,0
701518,1,1,0,0,0
701520,1,1,0,0,0
701521,1,1,0,0,3
701522,1,3,0,0,0
701523,1,3,0,0,0
701525,1,1,0,0,0
701526,1,1,0,0,0
701527,1,1,0,0,0
701528,1,1,0,0,0
701529,1,1,0,0,0
701531,1,1,0,1,0
701532,1,1,0,0,0
701533,1,1,0,1,0
701534,1,1,0,0,0
701535,1,1,0,0,5
701536,1,1,0,0,0
701537,1,1,0,0,0
701538,1,1,0,3,0
701539,1,1,0,0,0
701540,1,1,0,0,0
701541,1,1,1,0,0
701543,1,2,0,0,0
701544,1,2,0,0,0
701545,1,2,0,0,0
701546,1,2,0,0,0
701547,1,1,0,0,0
701548,1,1,0,0,0
701549,1,1,0,0,0
701550,1,1,0,0,0
701552,1,1,0,2,0
701553,1,1,0,0,0
701554,2,0,0,0,6
701555,1,1,0,0,0
701556,1,1,0,0,5
701557,1,1,0,0,0
701558,1,1,0,0,0
701559,1,1,0,0,0
701560,1,2,0,0,0
701561,1,1,0,0,13
701563,1,1,0,0,0
701566,1,2,0,0,0
701567,1,1,0,0,0
701568,1,2,0,0,0
701569,1,2,0,0,0
701570,1,2,0,0,0
701571,1,1,0,4,0
701572,1,0,0,0,0
701575,1,1,0,0,1
701576,1,1,0,0,0
701577,1,1,0,0,1
701578,1,1,0,0,0
701580,1,1,0,1,0
701581,1,1,0,0,2
701582,1,1,0,0,0
701584,1,2,0,0,0
701585,1,2,0,0,0
701586,1,1,0,0,0
701588,1,2,0,0,0
701589,1,2,0,0,0
701590,1,1,0,0,0
701591,1,1,0,0,0
701592,1,1,0,0,0
701593,1,2,0,0,0
701594,1,1,1,0,0
701595,1,0,0,0,10
701596,1,1,0,1,12
701597,1,2,0,0,4
701598,1,1,0,0,0
701599,1,1,0,0,0
701600,1,0,0,0,0
701603,1,1,0,0,0
701604,1,1,0,0,0
701605,1,0,0,0,0
701608,1,1,0,1,0
701609,1,1,0,0,0
701610,1,1,0,0,8
701611,1,0,0,0,13
701614,1,1,0,0,0
701615,1,1,0,0,0
701616,1,2,0,0,0
701618,1,1,0,0,13
701619,1,1,0,0,0
701620,1,1,0,1,6
701621,1,1,0,0,0
701622,1,1,0,0,1
701624,1,1,0,0,25
701625,1,1,0,0,0
701626,1,1,0,1,4
701627,1,1,0,0,0
701628,1,1,0,0,0
701629,1,2,0,0,0
701632,1,1,0,2,51
701633,1,1,0,0,0
701634,1,2,0,0,0
701635,1,1,0,0,0
701639,1,1,0,0,6
701640,1,1,0,0,0
701641,1,1,0,0,3
701642,1,1,0,2,0
701643,1,1,0,0,6
701644,1,1,1,0,0
701647,1,1,0,1,0
701648,1,1,0,0,0
701649,1,1,0,0,2
701650,1,1,0,0,0
701651,1,1,0,0,0
701652,1,1,0,0,0
701653,1,1,1,0,0
701655,1,2,0,0,0
701656,1,1,0,1,0
701657,2,0,0,0,7
701658,1,2,0,0,0
701659,1,3,0,0,0
701660,1,3,0,1,0
701661,1,3,0,1,0
701662,1,3,0,1,0
701665,1,1,0,1,0
701666,1,2,0,0,1
701667,1,1,0,0,0
701668,1,1,0,0,0
701669,1,1,0,0,0
701671,1,2,0,0,0
701672,1,2,1,0,0
701673,1,1,0,0,0
701675,1,2,0,0,0
701676,1,1,0,0,2
701677,1,2,0,0,0
701678,1,1,0,0,0
701679,1,1,0,0,0
701681,1,3,0,0,0
701682,1,3,0,0,0
701683,1,2,0,1,7
701684,1,3,0,0,0
701685,1,3,0,0,0
701686,1,1,0,0,0
701688,1,1,0,0,0
701689,1,1,0,0,0
701690,1,1,0,0,0
701691,1,2,0,0,0
701693,1,2,0,0,0
701694,1,2,0,0,0
701695,1,2,0,0,0
701697,1,0,0,0,3
701698,1,0,0,0,0
701700,1,1,0,0,0
701701,1,0,0,0,0
701703,2,1,0,0,4
701704,2,1,0,1,0
701705,2,1,0,0,0
701706,1,1,0,0,1
701708,2,1,0,0,0
701709,2,1,0,0,0
701710,2,1,0,0,0
701712,2,1,0,0,0
701713,1,1,0,0,0
701715,2,1,0,0,7
701716,2,2,0,1,0
701717,1,1,0,1,0
701718,1,0,0,0,0
701719,1,0,0,0,1
701721,1,1,1,0,0
701722,1,1,0,0,0
701723,1,1,0,0,2
701724,1,1,0,0,0
701725,2,1,0,0,0
701726,1,1,0,0,0
701728,1,0,0,0,9
701729,1,0,0,0,0
701731,1,2,0,1,0
701732,1,0,0,0,0
701733,1,0,0,0,0
701735,1,2,0,0,0
701736,1,2,0,0,0
701737,1,2,0,0,18
701738,1,2,0,0,0
701739,1,2,0,0,5
701740,2,1,0,0,0
701741,2,1,0,0,11
701742,2,1,0,0,0
701743,2,1,0,0,0
701744,1,1,0,0,0
701747,1,1,0,0,0
701748,1,1,0,0,0
701749,1,0,0,0,9
701750,1,1,0,0,0
701751,1,0,0,0,2
701752,0,0,0,0,8
701754,2,3,0,1,0
701757,1,2,0,0,8
701758,1,2,0,0,0
701759,1,1,0,1,7
701760,1,1,0,0,0
701761,2,1,0,0,0
701762,1,1,0,0,0
701763,1,2,0,0,0
701764,2,1,0,0,0
701765,2,1,0,0,0
701766,2,1,0,0,14
701769,0,0,0,0,11
701770,1,1,0,0,0
701771,1,2,0,0,9
701773,1,1,0,0,0
701774,1,0,0,0,0
701776,1,1,0,0,0
701777,2,1,0,0,0
701778,1,1,0,0,4
701781,2,0,0,0,4
701782,1,0,0,0,2
701783,1,2,0,0,6
701784,1,2,0,0,8
701785,1,1,0,0,6
701786,1,0,1,0,0
701787,1,0,0,0,8
701790,1,2,0,0,0
701791,1,4,0,0,0
701792,1,3,0,0,0
701793,0,0,1,0,0
701795,1,1,0,0,0
701797,1,0,0,0,10
701798,1,2,0,0,0
701799,1,2,0,0,9
701802,1,3,0,0,0
701803,1,3,0,0,13
701804,1,3,0,1,0
701805,1,1,0,0,0
701806,1,1,2,0,0
701809,0,1,0,1,13
701810,1,0,0,0,0
701811,1,2,0,0,0
701812,1,2,0,0,0
701813,2,0,0,0,0
701815,1,3,0,0,20
701816,1,3,0,0,9
701817,1,3,0,0,3
701818,1,3,0,0,0
701819,1,3,0,1,11
701822,1,2,0,0,6
701823,1,2,0,1,0
701824,1,2,0,0,0
701825,1,0,0,0,1
701826,1,2,0,0,0
701827,1,3,0,0,0
701828,1,1,0,2,0
701829,2,0,0,0,9
701830,1,3,0,2,0
701831,1,2,0,0,0
701832,1,1,0,0,0
701833,0,0,0,0,0
701834,1,0,0,0,0
701837,1,2,0,0,0
701838,1,2,0,0,3
701839,1,2,0,0,0
701840,1,1,0,0,0
701841,1,1,0,1,4
701842,1,1,0,0,0
701845,1,3,0,0,0
701846,1,0,0,0,0
701848,1,2,0,0,0
701849,2,0,0,0,0
701850,0,1,0,0,0
701851,1,2,0,0,0
701852,1,3,0,0,0
701853,1,3,0,0,0
701854,1,3,0,0,2
701855,2,1,0,0,9
701857,2,1,0,1,0
701860,1,1,0,0,0
701861,1,2,0,0,0
701862,1,1,0,2,8
701863,0,0,0,3,10
701864,1,0,0,0,10
701865,1,0,0,0,9
701866,1,1,0,0,0
701867,0,0,0,0,0
701870,1,2,0,0,0
701871,2,1,0,1,12
701872,1,1,0,0,9
701873,2,2,0,0,0
701874,2,2,0,0,0
701875,2,2,0,0,0
701877,0,0,0,1,12
701879,1,1,0,0,0
701880,1,1,0,0,1
701881,2,0,0,0,8
701882,1,0,0,0,0
701883,2,1,0,1,0
701884,1,1,0,0,0
701886,1,3,1,0,0
701887,1,2,0,1,2
701888,1,1,0,0,0
701889,1,3,0,0,0
701890,1,2,0,0,0
701891,1,3,0,0,0
701894,1,1,0,0,8
701895,1,1,0,0,0
701896,1,1,0,0,44
701897,2,1,0,0,0
701898,2,1,0,0,0
701899,1,1,0,0,0
701902,1,2,0,0,0
701903,1,2,0,0,0
701904,1,1,0,0,0
701906,1,1,0,0,0
701907,2,1,0,0,0
701908,1,0,0,0,0
701909,2,1,0,0,0
701910,1,1,1,0,0
701912,0,2,0,0,0
701913,1,1,0,0,9
701914,1,2,0,0,0
701915,1,2,0,0,0
701916,1,1,0,0,0
701918,2,1,0,0,0
701919,2,1,0,0,0
701920,2,1,0,0,2
701921,2,1,0,1,0
701923,1,1,0,1,0
701924,1,1,0,0,0
701927,1,2,0,0,0
701928,1,2,0,1,0
701929,1,1,0,0,0
701931,2,1,0,0,0
701932,2,1,0,0,0
701933,2,1,0,0,0
701934,1,0,0,0,0
701935,1,1,0,1,13
701936,2,1,0,0,3
701937,1,1,0,1,6
701938,1,1,0,0,0
701939,1,1,0,0,0
701940,1,1,0,0,0
701941,1,2,0,0,0
701942,1,2,0,0,0
701943,1,1,0,0,4
701944,1,2,0,0,0
701945,1,1,0,0,0
701946,1,1,0,0,0
701950,1,1,0,0,0
701951,1,1,0,0,4
701952,1,1,0,0,0
701953,1,1,0,0,0
701954,1,1,0,0,0
701955,1,1,0,1,7
701956,1,1,0,0,0
701957,1,1,0,0,0
701958,1,1,0,0,1
701959,1,1,0,0,0
701962,1,3,0,0,0
701964,1,2,0,0,0
701967,1,2,0,0,0
701968,1,1,1,0,0
701969,1,1,0,0,0
701970,1,2,0,0,0
701971,1,1,0,0,0
701973,1,3,0,0,0
701974,1,3,0,0,0
701976,1,3,0,0,0
701977,1,3,0,0,0
701978,1,2,0,0,1
701979,1,2,1,0,0
701980,1,1,0,1,0
701983,1,1,0,0,0
701984,2,1,1,0,0
701985,1,1,0,0,6
701986,2,1,0,0,0
701987,2,1,0,0,0
701989,2,0,0,0,0
701990,2,1,0,0,0
701991,1,2,0,0,0
701992,1,1,0,0,0
701993,2,1,0,0,0
701994,2,1,0,0,0
701995,1,1,0,0,0
701998,1,2,0,0,0
701999,1,2,0,0,0
702002,0,2,0,0,0
702003,1,1,0,0,5
702004,1,1,0,0,0
702007,1,2,0,0,0
702008,1,1,0,0,0
702009,1,1,0,0,0
702011,2,1,0,0,0
702012,2,1,0,0,0
702014,1,1,0,0,0
702015,2,1,0,0,0
702016,1,1,0,0,10
702018,1,2,0,0,4
702019,1,2,0,0,0
702020,1,1,0,0,0
702021,1,1,0,0,0
702022,1,1,0,0,14
702023,1,1,0,0,0
702024,1,1,0,0,1
702025,1,1,1,0,0
702027,1,1,0,0,0
702028,1,1,0,0,0
702029,1,1,0,0,0
702030,1,1,0,1,7
702034,2,1,0,0,2
702035,2,1,0,0,0
702036,2,0,0,0,0
702037,1,1,0,0,6
702038,2,1,0,0,0
702040,2,1,0,1,0
702041,2,1,0,0,0
702044,1,1,0,0,0
702047,1,1,0,1,15
702049,1,1,0,0,4
702050,1,1,0,0,10
702051,1,1,0,0,0
702052,1,1,0,0,2
702054,1,1,0,0,0
702056,2,1,0,0,0
702057,1,1,0,0,1
702058,1,1,0,0,0
702059,1,2,0,0,0
702060,1,1,0,0,0
702061,1,2,0,1,0
702062,1,1,0,0,0
702063,1,1,0,0,0
702067,1,2,0,0,0
702068,1,2,0,0,1
702069,0,2,0,1,5
702071,1,2,0,0,0
702072,1,1,0,0,0
702073,2,1,0,1,0
702074,1,2,0,0,0
702075,1,1,0,0,0
702077,1,1,0,0,0
702078,1,2,0,0,0
702079,1,1,0,0,0
702080,1,2,0,0,0
702081,1,1,0,0,0
702082,1,1,0,0,6
702083,1,2,0,0,0
702084,1,1,0,0,0
702085,1,1,0,0,9
702086,2,1,0,0,4
702089,1,2,0,0,0
702090,1,1,0,1,0
702091,1,2,0,0,0
702092,1,1,0,0,9
702093,1,1,0,0,5
702095,1,1,0,0,17
702096,1,2,0,0,0
702097,1,1,0,0,0
702098,1,1,0,0,2
702100,1,2,0,0,2
702104,1,2,1,0,0
702105,1,1,0,0,0
702106,1,1,0,0,0
702107,2,1,0,0,0
702108,1,2,0,0,0
702109,1,1,0,1,0
702110,1,1,0,0,0
702114,1,1,0,0,0
702115,1,1,0,0,0
702117,1,2,0,0,7
702118,1,1,0,0,0
702119,1,2,0,0,9
702120,1,1,0,0,12
702121,1,1,0,0,0
702122,1,1,0,0,0
702123,1,1,0,0,0
702124,1,1,0,0,0
702126,1,1,0,0,3
702127,1,1,0,0,13
702128,1,1,0,0,14
702129,1,1,0,0,0
702130,1,1,0,0,0
702132,1,2,0,0,0
702133,1,1,0,0,0
702135,1,1,0,0,11
702138,1,2,0,0,0
702139,1,1,0,0,0
702140,1,1,0,2,40
702143,1,2,0,0,14
702144,1,1,1,0,0
702146,1,1,0,0,0
702147,1,1,0,0,0
702149,1,1,0,0,0
702150,1,1,0,0,1
702151,1,1,0,0,0
702152,1,1,0,0,0
702154,1,2,0,0,0
702155,1,2,0,0,0
702156,1,1,0,0,0
702157,1,1,0,0,0
702159,2,2,0,2,0
702160,1,3,0,0,0
702161,1,1,0,0,0
702162,1,1,1,0,0
702163,1,2,0,0,0
702165,2,1,0,1,0
702166,1,1,0,0,0
702169,1,1,0,0,4
702170,1,1,1,0,0
702171,1,3,0,0,0
702172,1,2,0,0,0
702173,1,1,0,0,0
702174,1,1,0,0,5
702175,1,1,0,0,4
702176,1,1,0,0,0
702177,1,1,0,0,1
702178,0,2,0,0,6
702179,1,1,0,0,0
702180,0,2,0,0,4
702183,2,1,0,0,0
702185,2,2,0,1,0
702186,1,1,0,1,0
702187,1,3,0,1,6
702188,1,2,0,0,0
702189,1,2,0,0,0
702190,1,1,0,0,3
702191,1,1,0,0,0
702192,1,1,0,0,0
702193,1,1,0,0,0
702196,1,1,0,0,0
702197,1,1,0,0,0
702198,1,1,0,0,11
702199,1,1,0,0,0
702200,1,1,0,0,10
702201,1,1,1,0,0
702202,1,1,0,0,0
702203,2,2,0,1,0
702204,1,2,0,0,0
702206,1,1,0,0,0
702208,1,1,0,0,2
702209,1,1,0,0,3
702210,1,1,0,1,0
702211,1,1,0,0,0
702212,1,1,0,0,1
702213,1,1,1,0,0
702214,1,1,0,1,12
702215,1,1,0,0,0
702216,1,1,0,0,14
702219,2,3,0,0,0
702220,2,2,0,0,0
702222,1,1,0,0,2
702223,1,1,0,0,0
702224,1,1,0,0,1
702225,1,2,0,0,0
702226,2,1,0,0,0
702227,1,1,0,0,0
702229,1,1,0,0,0
702230,1,1,0,1,0
702231,1,1,0,0,0
702232,1,1,0,0,0
702234,1,1,0,0,4
702235,2,1,0,0,0
702236,1,1,0,0,10
702238,1,1,0,0,9
702239,1,1,0,0,0
702241,1,1,0,0,0
702243,1,1,0,0,0
702244,1,1,0,0,0
702247,1,1,0,0,0
702248,1,1,0,2,9
702249,1,2,0,0,0
702250,1,1,0,0,0
702252,1,1,0,1,14
702254,1,1,0,0,0
702255,1,1,0,0,1
702256,1,1,0,0,0
702257,1,1,0,0,0
702258,1,1,0,0,0
702260,1,1,0,0,0
702261,1,1,0,0,1
702262,1,1,0,0,0
702263,1,1,0,0,0
702264,1,1,0,0,0
702265,1,1,0,0,4
702266,1,1,0,0,3
702269,1,2,0,0,9
702270,1,1,0,0,4
702271,1,1,0,0,0
702274,1,1,0,0,0
702275,2,0,0,0,0
702276,0,1,0,0,0
702278,1,2,0,0,0
702279,1,1,0,0,0
702280,1,1,0,0,0
702282,0,1,0,0,0
702283,0,1,0,1,11
702284,0,1,0,0,15
702285,0,1,0,0,0
702286,0,1,0,0,0
702287,1,1,0,0,0
702289,2,2,0,0,0
702290,2,2,0,1,0
702291,1,3,0,0,0
702292,1,2,0,0,5
702293,1,1,0,0,0
702294,1,1,0,0,0
702295,1,1,0,0,3
702301,1,1,0,0,12
702303,1,2,0,0,0
702305,1,2,0,0,0
702306,1,1,0,0,-1
702308,1,1,0,1,7
702309,2,2,0,0,0
702310,1,1,0,0,7
702311,1,1,0,0,0
702314,1,1,0,0,4
702315,1,2,0,0,0
702317,1,2,0,3,0
702318,1,2,0,0,0
702319,1,2,0,0,0
702320,1,2,0,0,0
702321,1,2,0,0,0
702322,1,2,0,0,6
702323,1,2,0,0,0
702324,1,2,0,0,0
702325,2,2,0,0,0
702326,2,2,0,0,31
702327,2,2,0,0,0
702328,1,1,0,0,0
702329,1,1,0,0,0
702330,1,1,0,0,0
702333,1,1,0,0,0
702334,1,1,0,0,0
702336,1,1,0,0,0
702337,1,1,0,0,19
702338,1,1,0,1,0
702339,1,1,0,0,0
702340,1,1,0,0,0
702341,1,1,0,0,0
702342,1,1,0,0,0
702343,1,1,0,0,0
702346,2,2,0,1,0
702347,1,1,0,0,0
702348,1,1,0,0,10
702350,1,1,0,0,0
702351,1,1,0,0,0
702352,1,1,0,0,5
702353,1,1,0,0,0
702354,1,1,0,0,4
702355,1,1,0,0,0
702356,1,1,0,0,6
702357,1,1,0,0,0
702358,1,3,0,0,0
702359,2,2,0,0,0
702360,1,1,0,0,0
702361,1,1,0,0,0
702364,1,1,1,0,0
702365,1,1,0,0,0
702366,1,1,0,0,2
702367,1,1,0,0,0
702368,1,1,0,0,0
702369,1,1,0,0,3
702370,1,1,0,0,0
702371,1,1,0,0,0
702372,1,1,0,0,0
702373,2,2,0,0,0
702374,2,2,0,0,0
702376,2,2,0,0,0
702377,1,3,0,0,0
702378,1,3,0,0,0
702380,1,2,0,0,0
702382,1,2,0,0,0
702383,1,2,0,0,0
702384,1,1,0,0,0
702386,1,1,0,0,4
702387,1,1,0,0,6
702388,1,1,0,0,0
702389,1,1,0,0,0
702390,1,1,0,0,4
702391,1,1,0,0,4
702392,1,1,0,0,0
702393,1,3,0,0,0
702394,1,1,0,0,0
702395,1,1,0,0,0
702396,1,1,0,0,4
702397,1,1,0,0,0
702400,1,2,0,0,0
702402,1,1,0,0,33
702403,1,2,0,0,7
702404,1,2,0,0,4
702405,1,2,0,0,1
702406,1,1,0,0,3
702407,1,1,0,0,0
702409,1,2,0,0,0
702411,1,1,0,1,0
702412,1,0,0,0,0
702414,1,2,0,1,10
702415,1,2,0,0,0
702416,2,1,0,0,0
702417,1,2,0,0,2
702418,2,1,0,0,0
702420,2,3,0,0,0
702423,1,3,0,0,0
702425,1,1,1,0,0
702426,1,1,0,0,0
702428,2,1,0,0,0
702429,1,1,0,0,2
702430,1,1,0,0,0
702432,1,2,0,0,0
702433,1,1,0,0,0
702434,1,2,0,0,2
702435,1,1,0,0,12
702436,1,1,0,0,0
702437,1,1,0,0,0
702438,1,1,0,0,3
702439,2,0,0,0,0
702440,1,1,0,0,0
702441,1,1,0,0,0
702444,1,1,0,0,0
702446,1,1,0,0,3
702447,1,1,0,0,10
702449,1,1,0,1,9
702450,1,1,0,0,3
702451,1,1,0,0,0
702452,1,1,0,0,0
702453,1,1,0,0,0
702454,1,1,1,0,0
702455,1,1,0,0,0
702459,1,1,0,0,0
702461,1,1,0,0,0
702462,1,1,0,0,0
702464,1,2,0,0,0
702465,1,2,0,0,6
702466,1,1,0,1,9
702467,1,1,0,0,0
702468,1,2,0,0,0
702469,1,2,0,0,0
702470,1,1,0,0,0
702472,1,1,0,0,0
702473,1,1,0,0,0
702474,1,1,0,0,0
702475,1,1,0,0,0
702476,1,1,0,0,0
702477,1,1,0,0,0
702478,2,1,0,0,0
702479,1,1,0,0,0
702481,1,2,0,0,12
702482,2,0,0,0,0
702483,1,1,0,0,0
702484,1,1,0,0,0
702485,1,2,0,1,8
702486,1,2,0,0,14
702487,1,1,0,0,0
702488,2,1,0,1,0
702491,1,1,0,0,0
702492,1,3,0,0,6
702495,1,1,0,0,0
702496,1,1,0,0,0
702497,1,1,0,0,0
702498,1,1,0,0,4
702499,1,1,0,0,0
702500,1,3,0,2,0
702501,1,3,0,1,0
702502,1,3,0,0,0
702503,1,1,0,0,0
702504,1,1,0,0,0
702506,1,1,0,0,0
702509,1,1,0,0,3
702510,1,1,0,1,7
702511,1,1,0,0,0
702512,1,1,0,0,7
702513,1,1,0,0,3
702514,1,1,0,0,1
702515,1,1,0,0,3
702516,1,1,0,0,0
702517,1,1,0,0,0
702518,1,1,0,0,0
702519,1,3,0,0,0
702521,1,1,0,1,1
702522,1,1,0,0,0
702526,1,2,0,0,0
702528,1,3,0,0,0
702529,1,3,0,0,0
702530,1,3,0,0,0
702531,1,3,0,0,0
702532,1,1,0,0,9
702533,2,3,0,0,0
702534,2,3,0,0,0
702535,2,3,0,0,0
