uid,gid,player,solo,comb,sck,saf,blk,ints,pdef,frcv,forc,tdd,rety,tdret,peny,snp,fp,fp2,game,seas,year,team,posd,jnum,dcp
136491,4257,LK-0600,10,0,0,0,0,0,0,0,0,0,0,0,0,58,10,0,1,5,2016,CAR,MLB,59,1
136492,4257,RM-1900,4,0,0,0,0,0,0,0,0,0,0,0,0,37,4,0,1,7,2016,CAR,LCB,27,2
136493,4257,JB-4975,5,1,0,0,0,0,1,0,0,0,0,0,15,55,6.5,0,1,1,2016,CAR,LCB,24,1
136494,4257,CJ-1300,2,0,0,0,0,0,0,0,1,0,0,0,0,37,4,0,1,10,2016,CAR,LDE,95,1
136495,4257,ST-0550,3,0,0,0,0,0,0,1,0,0,0,0,0,18,5,2,1,2,2016,CAR,SLB,54,1
136496,4257,BM-0330,6,0,0,0,0,0,0,0,0,0,0,0,0,62,6,0,1,5,2016,DEN,ILB,54,1
136497,4257,TD-0725,6,1,0.5,0,0,0,0,0,0,0,0,0,0,45,7.5,0.5,1,3,2016,DEN,ILB,51,1
136498,4257,DW-1100,2,1,1.5,0,0,0,0,0,0,0,0,0,0,32,5.5,1.5,1,12,2016,DEN,WLB,94,1
136499,4257,TW-0600,5,0,0,0,0,0,1,0,0,0,0,0,0,66,6,0,1,7,2016,DEN,SS,43,1
136500,4257,JS-3150,1,0,0,0,0,0,0,0,0,0,0,0,0,29,1,0,1,1,2016,DEN,FS,31,2
136501,4257,DS-4300,5,0,0,0,0,0,0,0,0,0,0,0,0,64,5,0,1,7,2016,DEN,FS,26,1
136502,4257,SR-0250,1,1,0,0,0,0,0,0,0,0,0,0,5,39,1.5,0,1,2,2016,DEN,WLB,56,2
136503,4257,KS-0850,2,0,0,0,0,0,0,0,0,0,0,0,0,41,2,0,1,4,2016,CAR,RDT,99,1
136504,4257,TD-0700,4,0,0,0,0,1,0,0,0,0,0,0,0,58,6,2,1,12,2016,CAR,WLB,58,1
136505,4257,KC-1800,2,1,0,0,0,0,0,0,0,0,0,0,0,58,2.5,0,1,7,2016,CAR,SS,20,1
136506,4257,VB-0375,1,0,1,0,0,0,0,0,0,0,0,0,0,23,3,1,1,1,2016,CAR,RDT,92,2
136507,4257,SL-0950,0,0,0,0,0,0,1,0,0,0,0,0,0,38,1,0,1,4,2016,CAR,LDT,98,1
136508,4257,DW-4250,2,0,0,0,0,0,0,0,0,0,0,0,0,47,2,0,1,5,2016,DEN,LDE,95,1
136509,4257,BB-1750,2,0,0,0,0,1,0,0,0,0,0,0,0,55,4,2,1,3,2016,CAR,RCB,25,2
136510,4257,TB-1850,4,0,1,0,0,0,1,0,0,0,0,0,0,58,7,1,1,3,2016,CAR,FS,33,1
136511,4257,VM-0300,3,0,1,0,0,0,0,0,0,0,0,0,0,56,5,1,1,6,2016,DEN,SLB,58,1
136512,4257,DK-0550,1,0,0,0,0,0,0,0,0,0,0,0,0,11,1,0,1,2,2016,DEN,NT,98,2
136513,4257,JC-5630,1,0,0,0,0,0,0,0,0,0,0,0,0,54,1,0,1,5,2016,DEN,RDE,93,1
136514,4257,BR-1050,5,0,0,0,0,0,0,0,0,0,0,0,0,43,5,0,1,3,2016,DEN,RCB,29,2
136515,4257,CH-1500,2,0,0,0,0,1,2,0,0,0,0,0,5,69,6,2,1,6,2016,DEN,RCB,25,1
136516,4257,DW-4750,0,0,0,0,0,0,0,0,0,0,0,0,10,0,0,0,1,1,2016,CAR,RCB,26,1
136517,4257,SW-1750,1,0,0,0,0,0,0,0,0,0,0,0,0,49,1,0,1,4,2016,DEN,NT,92,1
136518,4257,AT-0100,0,1,0,0,0,0,1,0,0,0,0,0,0,61,1.5,0,1,9,2016,DEN,LCB,21,1
136519,4257,SB-0225,1,0,0,0,0,0,1,0,0,0,0,0,0,22,2,0,1,3,2016,DEN,SLB,48,2
136520,4257,CN-0450,2,0,0,0,0,0,0,0,0,0,0,0,10,14,2,0,1,3,2016,DEN,ILB,52,2
136521,4257,RD-0850,1,0,0,0,0,0,0,0,0,0,0,0,0,21,1,0,1,2,2016,CAR,RDE,91,3
136522,4257,KE-0050,0,0,0,0,0,0,1,0,0,0,0,0,0,40,1,0,1,3,2016,CAR,RDE,94,1
136523,4257,AK-0650,0,2,0,0,0,0,0,0,0,0,0,0,0,3,1,0,1,4,2016,CAR,SLB,56,2
136524,4257,KW-0850,1,0,0,0,0,0,0,0,0,0,0,0,0,11,1,0,1,4,2016,DEN,LCB,36,2
136525,4258,DW-3950,1,0,0,0,0,0,0,0,0,0,0,0,0,21,1,0,1,4,2016,BUF,SS,27,2
136526,4258,JH-5900,5,1,2,0,0,0,0,0,0,0,0,0,15,68,9.5,2,1,7,2016,BUF,OLB,55,1
136527,4258,CB-4770,1,2,0,0,0,0,0,0,0,0,0,0,0,41,2,0,1,6,2016,BUF,NT,97,1
136528,4258,PB-0750,6,2,0,0,0,0,0,1,0,0,0,0,0,68,9,2,1,3,2016,BUF,MLB,52,1
136529,4258,RD-0050,7,0,0,0,0,0,2,0,0,0,0,0,15,66,9,0,1,2,2016,BUF,RCB,28,1
136530,4258,ZO-0100,5,1,0,0,0,0,0,0,0,0,0,0,0,46,5.5,0,1,3,2016,BAL,ILB,54,1
136531,4258,EW-0400,3,1,0,0,0,0,1,0,0,0,0,0,0,49,4.5,0,1,10,2016,BAL,SS,32,1
136532,4258,SW-2300,11,0,0,0,0,0,0,0,0,0,0,0,0,46,11,0,1,6,2016,BAL,LCB,35,1
136533,4258,SG-0650,3,2,0,0,0,0,1,0,0,0,0,0,0,68,5,0,1,5,2016,BUF,LCB,24,1
136534,4258,TJ-1025,2,0,1,0,0,0,0,0,0,0,0,0,0,34,4,1,1,3,2016,BAL,DT,99,1
136535,4258,LM-1020,1,1,0,0,0,0,0,0,0,0,0,0,0,28,1.5,0,1,4,2016,BUF,OLB,56,2
136536,4258,ZB-0400,4,4,0,0,0,0,0,0,0,0,0,0,0,60,6,0,1,5,2016,BUF,WLB,53,1
136537,4258,CG-1700,1,0,0,0,0,0,0,0,0,0,0,0,0,68,1,0,1,10,2016,BUF,FS,20,1
136538,4258,AL-0650,1,0,0,0,0,0,0,0,0,0,0,0,0,13,1,0,1,7,2016,BAL,SS,41,2
136539,4258,KW-1600,3,1,0,0,0,0,0,0,0,0,0,0,0,53,3.5,0,1,11,2016,BUF,DT,95,1
136540,4258,JW-6530,0,2,0,0,0,0,0,0,0,0,0,0,14,16,1,0,1,5,2016,BUF,DT,94,2
136541,4258,LA-0200,1,2,0.5,0,0,0,0,0,0,0,0,0,0,37,3,0.5,1,12,2016,BUF,OLB,57,1
136542,4258,LG-1000,1,0,0,0,0,0,0,0,0,0,0,0,0,20,1,0,1,6,2016,BAL,DE,93,1
136543,4258,TS-3500,2,0,1,0,0,0,0,0,0,0,0,0,0,31,4,1,1,14,2016,BAL,OLB,55,1
136544,4258,AM-1200,2,0,0,0,0,0,0,0,0,0,0,0,0,33,2,0,1,7,2016,BAL,ILB,50,2
136545,4258,MP-1225,1,1,0,0,0,0,0,0,0,0,0,0,0,15,1.5,0,1,1,2016,BAL,NT,78,2
136546,4258,BU-0150,0,1,0,0,0,0,0,0,0,0,0,0,0,7,0.5,0,1,3,2016,BAL,DE,96,2
136547,4258,AW-1200,3,0,0,0,0,0,0,0,0,0,0,0,0,30,3,0,1,6,2016,BUF,SS,23,1
136548,4258,CM-3250,1,1,0,0,0,0,0,0,0,0,0,0,0,49,1.5,0,1,3,2016,BAL,ILB,57,1
136549,4258,ZS-0075,1,0,0,0,0,0,0,0,0,0,0,0,0,36,1,0,1,2,2016,BAL,OLB,90,2
136550,4258,JS-4300,1,0,0,0,0,0,1,0,0,0,0,0,5,46,2,0,1,6,2016,BAL,RCB,22,1
136551,4258,TY-0250,1,0,0,0,0,0,0,0,0,0,0,0,0,12,1,0,1,1,2016,BAL,RCB,43,2
136552,4258,JM-4050,0,2,0,0,0,0,0,0,0,0,0,0,0,13,1,0,1,4,2016,BUF,SS,36,3
136553,4258,MJ-2700,0,1,0,0,0,0,0,0,0,0,0,0,0,13,0.5,0,1,1,2016,BAL,OLB,91,3
136554,4258,NR-0350,1,0,0,0,0,0,0,0,0,0,0,0,15,35,1,0,1,4,2016,BUF,RCB,37,2
136555,4258,BW-2020,1,0,0,0,0,0,0,0,0,0,0,0,0,37,1,0,1,4,2016,BAL,NT,98,1
136556,4258,LD-0800,1,1,1.5,0,0,0,0,0,0,0,0,0,0,29,4.5,1.5,1,9,2016,BUF,DE,74,2
136557,4259,JF-3060,7,10,0,0,0,0,0,0,0,0,0,0,0,74,12,0,1,9,2016,CHI,LILB,50,1
136558,4259,HJ-0400,4,3,0,0,0,0,0,0,0,0,0,0,0,72,5.5,0,1,2,2016,CHI,SS,29,1
136559,4259,EG-0350,2,4,0.5,0,0,0,0,0,0,0,0,0,0,40,5,0.5,1,2,2016,CHI,NT,91,1
136560,4259,LF-0450,2,4,0.5,0,0,0,0,0,0,0,0,0,0,60,5,0.5,1,1,2016,CHI,LOLB,94,2
136561,4259,JG-1550,4,1,0,0,0,0,2,0,0,0,0,0,0,57,6.5,0,1,2,2016,CHI,LCB,39,4
136562,4259,TP-2000,3,1,0,0,0,1,0,0,0,0,0,0,0,75,5.5,2,1,9,2016,CHI,LCB,21,1
136563,4259,JS-3250,4,2,1,0,0,0,0,0,0,0,0,0,0,50,7,1,1,4,2016,HOU,OLB,51,2
136564,4259,BC-3100,1,1,0,0,0,0,0,0,0,0,0,0,0,10,1.5,0,1,8,2016,HOU,LILB,56,1
136565,4259,BM-1450,1,4,0,0,0,0,0,0,0,0,0,0,0,55,3,0,1,2,2016,HOU,RILB,55,1
136566,4259,JW-1100,0,1,0,0,0,0,0,0,0,0,0,0,0,49,0.5,0,1,6,2016,HOU,RDE,99,1
136567,4259,JC-3350,2,1,1,0,0,0,0,0,0,0,0,0,0,45,4.5,1,1,3,2016,HOU,OLB,90,1
136568,4259,KJ-0650,1,0,0,0,0,0,0,0,0,0,0,0,0,30,1,0,1,2,2016,HOU,LCB,30,2
136569,4259,KJ-0100,3,2,0,0,0,0,0,0,0,0,0,0,20,55,4,0,1,7,2016,HOU,LCB,25,1
136570,4259,DT-1950,5,6,1,0,0,0,0,0,0,0,0,0,0,75,10,1,1,5,2016,CHI,RILB,59,1
136571,4259,MB-4950,3,2,0,0,0,0,0,0,0,0,0,0,0,28,4,0,1,3,2016,HOU,LILB,53,2
136572,4259,AA-0543,4,0,0,0,0,0,0,0,0,0,0,0,0,75,4,0,1,2,2016,CHI,FS,38,1
136573,4259,CW-0850,1,0,0,0,0,0,0,0,0,0,0,0,0,14,1,0,1,4,2016,CHI,DE,90,2
136574,4259,LH-1900,1,3,0,0,0,0,0,0,0,0,0,0,0,27,2.5,0,1,7,2016,CHI,LOLB,99,1
136575,4259,DH-4050,0,0,0,0,0,0,0,0,0,0,0,0,10,0,0,0,1,1,2016,CHI,FS,36,3
136576,4259,JJ-5000,3,1,0,0,0,0,1,0,0,0,0,0,0,55,4.5,0,1,11,2016,HOU,RCB,24,1
136577,4259,QD-0100,3,1,0,0,0,0,0,0,0,0,0,0,0,48,3.5,0,1,9,2016,HOU,SS,27,1
136578,4259,WM-0550,2,2,2,0,0,0,0,0,1,0,0,0,0,52,9,2,1,5,2016,HOU,SLB,59,1
136579,4259,AH-3050,2,1,0,0,0,0,0,0,1,0,0,0,0,61,4.5,0,1,5,2016,CHI,DE,96,1
136580,4259,AB-2250,3,0,1,0,0,0,1,0,0,0,0,0,0,27,6,1,1,4,2016,HOU,RCB,21,2
136581,4259,AH-0250,1,1,0,0,0,1,0,0,0,0,0,0,0,55,3.5,2,1,3,2016,HOU,FS,29,1
136582,4259,VW-0200,1,0,0,0,0,0,1,0,0,0,0,0,0,29,2,0,1,13,2016,HOU,NT,75,1
136583,4259,WY-0300,0,0,0,0,0,0,0,0,0,0,0,0,5,48,0,0,1,7,2016,CHI,ROLB,97,1
136584,4259,SA-0100,1,0,0,0,0,0,0,0,0,0,0,0,0,15,1,0,1,6,2016,CHI,ROLB,49,2
136585,4259,DH-0850,2,1,0,0,0,0,1,0,0,0,0,0,0,17,3.5,0,1,1,2016,CHI,RCB,32,2
136586,4259,DR-0625,0,1,0,0,0,0,0,0,0,0,0,0,0,0,0.5,0,1,1,2016,HOU,NT,98,2
136587,4259,CC-4550,0,1,0,0,0,0,0,0,0,0,0,0,0,10,0.5,0,1,2,2016,HOU,LDE,95,1
136588,4260,SM-2200,5,0,2,0,0,0,0,0,0,0,0,0,0,34,9,2,1,8,2016,NYJ,NT,99,1
136589,4260,DR-1100,5,2,0,0,0,0,0,0,0,0,0,0,0,57,6,0,1,10,2016,NYJ,LCB,24,1
136590,4260,LM-0550,1,2,1,0,0,0,0,0,0,0,0,0,0,23,4,1,1,2,2016,NYJ,OLB,55,1
136591,4260,AJ-1200,5,1,0,0,0,0,0,0,0,0,41,0,0,68,5.5,0,1,12,2016,CIN,RCB,24,1
136592,4260,CD-2200,4,1,0,0,0,0,2,0,0,0,0,0,0,56,6.5,0,1,7,2016,CIN,LDE,96,1
136593,4260,KD-0100,5,6,0,0,0,0,0,0,0,0,0,0,0,71,8,0,1,13,2016,CIN,SLB,56,1
136594,4260,GI-1300,2,2,0,0,0,0,0,0,0,0,0,0,15,71,3,0,1,5,2016,CIN,FS,43,1
136595,4260,DK-0750,0,1,0,0,0,0,1,0,0,0,0,0,14,67,1.5,0,1,5,2016,CIN,LCB,27,1
136596,4260,EH-0600,1,0,0,0,0,0,0,0,0,0,0,0,0,22,1,0,1,9,2016,NYJ,ILB,58,1
136597,4260,MW-2250,3,1,0,0,0,1,0,0,0,0,0,0,0,45,5.5,2,1,3,2016,NYJ,RCB,20,2
136598,4260,JS-2050,3,0,0,0,0,1,0,0,0,0,0,0,0,52,5,2,1,2,2016,CIN,LCB,26,3
136599,4260,MJ-1800,0,2,0,0,0,0,1,0,0,0,0,0,5,60,2,0,1,8,2016,CIN,RDE,90,1
136600,4260,MH-3750,1,0,0,0,1,0,2,0,0,0,0,0,0,30,5,2,1,4,2016,CIN,LDE,99,2
136601,4260,DH-1400,2,2,0,0,0,0,1,0,0,0,0,0,0,57,4,0,1,10,2016,NYJ,ILB,52,1
136602,4260,DL-0550,3,3,0,0,0,0,0,0,0,0,0,0,0,36,4.5,0,1,1,2016,NYJ,ILB,50,2
136603,4260,MW-1800,5,2,1.5,0,0,0,0,0,0,0,0,0,0,54,9,1.5,1,6,2016,NYJ,RDE,96,1
136604,4260,VR-0200,5,4,0,0,0,0,0,0,0,0,0,0,0,67,7,0,1,7,2016,CIN,WLB,57,1
136605,4260,MG-0600,1,1,0,0,0,0,0,0,0,0,0,0,15,57,1.5,0,1,6,2016,NYJ,FS,21,1
136606,4260,SW-1550,4,5,0,0,0,0,0,0,0,0,0,0,0,71,6.5,0,1,4,2016,CIN,SS,36,1
136607,4260,LW-1350,3,3,2.5,0,0,0,0,0,0,0,0,0,0,53,9.5,2.5,1,2,2016,NYJ,LDE,92,1
136608,4260,BS-2300,2,1,0,0,0,0,0,0,0,0,0,0,35,57,2.5,0,1,6,2016,NYJ,RCB,41,1
136609,4260,DP-0900,0,2,0,0,0,0,0,0,0,0,0,0,0,48,1,0,1,11,2016,CIN,NT,94,1
136610,4260,CL-0950,2,1,0,0,0,0,0,0,0,0,0,0,0,20,2.5,0,1,5,2016,CIN,LCB,37,2
136611,4260,JM-1140,0,0,0,0,0,0,0,0,0,0,0,0,10,0,0,0,1,4,2016,NYJ,OLB,95,2
136612,4260,GA-0400,3,1,1,0,0,0,0,0,0,0,0,0,0,52,5.5,1,1,7,2016,CIN,RDT,97,1
136613,4260,PS-0300,0,2,0,0,0,0,0,0,0,0,0,0,0,27,1,0,1,9,2016,CIN,NT,92,2
136614,4260,LT-0262,1,1,0,0,0,0,0,0,0,0,0,0,0,28,1.5,0,1,1,2016,NYJ,RDE,97,2
136615,4261,JP-4150,6,0,0,0,0,0,0,0,0,0,0,0,0,58,6,0,1,4,2016,CLE,FS,33,1
136616,4261,JM-3950,0,2,0,0,0,0,0,0,0,0,0,0,0,44,1,0,1,3,2016,CLE,NT,98,2
136617,4261,CK-0850,4,2,1,0,0,0,0,0,0,0,0,0,0,77,7,1,1,3,2016,CLE,RILB,58,1
136618,4261,XC-0100,4,0,0,0,0,0,0,0,0,0,0,0,5,47,4,0,1,2,2016,CLE,RDE,96,1
136619,4261,IC-0050,5,0,0,0,0,0,0,0,0,0,0,0,0,77,5,0,1,2,2016,CLE,SS,24,1
136620,4261,DS-1850,3,1,0,0,0,0,0,0,0,0,0,0,0,41,3.5,0,1,2,2016,CLE,NT,55,1
136621,4261,FC-0400,4,0,1,0,0,0,0,0,0,0,0,0,0,38,6,1,1,5,2016,PHI,RDT,91,1
136622,4261,JH-3675,4,0,0,0,0,0,1,0,0,0,0,0,0,51,5,0,1,2,2016,PHI,MLB,58,1
136623,4261,EO-0075,1,0,0,0,0,0,1,0,0,0,0,0,0,56,2,0,1,1,2016,CLE,OLB,90,1
136624,4261,TW-2700,2,0,0,0,0,0,0,0,0,0,0,0,5,56,2,0,1,11,2016,CLE,RCB,22,2
136625,4261,DD-0250,6,1,0,0,0,0,0,0,0,0,0,0,0,75,6.5,0,1,5,2016,CLE,LILB,56,1
136626,4261,NB-0500,4,1,0,0,0,0,0,0,0,0,0,0,0,51,4.5,0,1,5,2016,PHI,SLB,53,1
136627,4261,LM-1100,1,1,0,0,0,0,0,0,0,0,0,0,0,36,1.5,0,1,9,2016,PHI,LCB,21,1
136628,4261,DK-0625,5,0,0,0,0,0,0,0,0,0,0,0,0,23,5,0,1,1,2016,CLE,SS,30,2
136629,4261,NC-0100,3,0,0,0,0,0,0,0,0,0,0,0,0,51,3,0,1,7,2016,PHI,RCB,22,1
136630,4261,RM-3050,4,0,0,0,0,1,0,0,0,0,0,0,0,50,6,2,1,5,2016,PHI,S,23,1
136631,4261,KG-1200,1,0,0,0,0,0,0,0,0,0,0,0,0,1,1,0,1,1,2016,PHI,WLB,54,2
136632,4261,MJ-0600,1,0,0,0,0,0,0,0,0,0,0,0,6,51,1,0,1,8,2016,PHI,S,27,1
136633,4261,BG-1200,2,1,1,0,0,0,0,0,1,0,0,0,0,36,6.5,1,1,7,2016,PHI,RDE,55,1
136634,4261,BA-0350,0,1,0,0,0,0,0,0,0,0,0,0,0,17,0.5,0,1,3,2016,PHI,LDT,94,2
136635,4261,CB-0800,2,0,1,0,0,0,0,0,0,0,0,0,0,36,4,1,1,8,2016,PHI,LDE,98,1
136636,4261,JT-0850,5,0,0,0,0,0,0,0,0,0,0,0,0,68,5,0,1,4,2016,CLE,RCB,27,1
136637,4261,CN-0250,3,0,1,0,0,0,1,0,0,0,0,0,0,54,6,1,1,1,2016,CLE,LDE,94,2
136638,4261,JS-1025,1,0,0,0,0,0,1,0,0,0,0,0,0,29,2,0,1,1,2016,CLE,OLB,53,1
136639,4261,JH-0100,3,0,0,0,0,0,1,0,0,0,0,0,0,73,4,0,1,7,2016,CLE,LCB,23,1
136640,4261,VC-0400,0,0,0,0,0,0,0,0,0,0,0,0,5,24,0,0,1,5,2016,PHI,RDE,75,2
136641,4261,JM-4850,2,0,0,0,0,0,0,0,0,0,0,0,0,12,2,0,1,1,2016,PHI,LCB,31,2
136642,4262,JR-3650,6,1,0,0,0,0,1,0,0,0,0,0,0,43,7.5,0,1,2,2016,GB,LILB,47,1
136643,4262,BM-0345,4,1,0,0,0,0,0,0,0,0,0,0,0,47,4.5,0,1,1,2016,GB,MLB,50,1
136644,4262,NP-0130,3,0,1,0,0,0,0,0,0,0,0,0,0,52,5,1,1,5,2016,GB,LOLB,53,2
136645,4262,JT-1650,2,0,0,0,0,1,0,0,0,0,0,0,0,26,4,2,1,3,2016,GB,LILB,48,2
136646,4262,QR-0100,2,0,0,0,0,0,2,0,0,0,0,0,0,47,4,0,1,2,2016,GB,LCB,24,2
136647,4262,DF-1481,2,1,0,0,0,0,0,0,0,0,0,0,10,48,2.5,0,1,2,2016,JAC,LDE,56,1
136648,4262,TS-2050,6,2,0,0,0,0,0,0,0,0,0,0,0,64,7,0,1,3,2016,JAC,OLB,50,1
136649,4262,TG-0950,3,0,0,0,0,0,0,0,0,0,0,0,0,64,3,0,1,5,2016,JAC,FS,39,1
136650,4262,JO-0300,3,2,1,0,0,0,0,0,0,0,0,0,0,38,6,1,1,7,2016,JAC,RDE,75,1
136651,4262,LG-0900,2,0,0,0,0,0,0,0,0,0,0,0,0,39,2,0,1,9,2016,GB,NT,98,1
136652,4262,DR-0450,5,0,0,0,0,0,2,0,0,0,0,0,0,68,7,0,1,2,2016,GB,LCB,23,1
136653,4262,MB-5100,8,1,1,0,0,0,0,0,0,0,0,0,9,72,10.5,1,1,7,2016,GB,SS,42,1
136654,4262,MD-0060,1,0,0,0,0,0,0,0,0,0,0,0,5,43,1,0,1,5,2016,GB,DT,76,1
136655,4262,HC-0050,4,0,0,0,0,0,1,0,1,0,0,0,0,72,7,0,1,3,2016,GB,FS,21,1
136656,4262,CM-0900,3,0,1,0,0,0,0,0,0,0,0,0,0,53,5,1,1,8,2016,GB,ROLB,52,1
136657,4262,PP-0800,4,1,0,0,0,0,0,0,0,0,0,0,0,64,4.5,0,1,10,2016,JAC,MLB,51,1
136658,4262,SM-0500,1,0,0,0,0,0,0,0,0,0,0,0,0,29,1,0,1,8,2016,JAC,DT,99,2
136659,4262,YN-0100,1,1,0,0,0,0,0,0,0,0,0,0,0,51,1.5,0,1,1,2016,JAC,LDE,91,2
136660,4262,PA-0300,2,0,0,0,0,0,1,0,0,0,0,0,4,64,3,0,1,6,2016,JAC,RCB,21,2
136661,4262,KC-1225,0,1,0,0,0,0,0,0,0,0,0,0,0,9,0.5,0,1,1,2016,GB,LDE,97,2
136662,4262,MH-4000,1,0,0,0,0,0,0,0,0,0,0,0,0,32,1,0,1,4,2016,GB,SS,33,2
136663,4262,SS-1300,3,0,0,0,0,0,0,0,0,0,0,0,0,61,3,0,1,7,2016,GB,RCB,37,1
136664,4262,CR-0950,1,0,0,0,0,0,0,0,0,0,0,0,0,12,1,0,1,2,2016,GB,NT,99,2
136665,4262,DS-2200,1,0,0,0,0,0,0,0,0,0,0,0,0,19,1,0,1,8,2016,JAC,OLB,55,1
136666,4262,JR-0150,2,1,0,0,0,0,0,0,0,0,0,0,10,61,2.5,0,1,1,2016,JAC,RCB,38,1
136667,4262,DH-4000,2,0,0,0,0,0,0,0,0,0,0,0,0,64,2,0,1,6,2016,JAC,LCB,31,1
136668,4262,JC-6400,9,0,0,0,0,0,0,0,0,0,0,0,30,64,9,0,1,4,2016,JAC,SS,37,1
136669,4262,DG-2450,1,0,0,0,0,0,0,0,0,0,0,0,0,3,1,0,1,4,2016,JAC,LCB,27,2
136670,4262,MJ-0030,0,0,0,0,0,0,0,0,0,0,0,0,5,39,0,0,1,5,2016,JAC,DT,90,1
136671,4262,DL-2325,1,0,0,0,0,0,0,0,0,0,0,0,0,7,1,0,1,1,2016,GB,LDE,94,1
136672,4262,LG-0950,2,0,0,0,0,0,0,0,0,0,0,0,0,24,2,0,1,2,2016,GB,RCB,36,2
136673,4263,BR-1000,1,1,0,0,0,0,1,0,0,0,0,0,0,56,2.5,0,1,10,2016,MIN,LDE,96,1
136674,4263,LJ-1700,3,2,1,0,0,0,0,0,1,0,0,0,0,40,8,1,1,7,2016,MIN,NT,98,1
136675,4263,EG-0900,3,0,0,0,0,0,0,0,0,0,0,0,15,58,3,0,1,7,2016,MIN,RDE,97,1
136676,4263,TW-1187,10,0,0,0,0,0,0,0,0,0,0,0,0,67,10,0,1,2,2016,MIN,LCB,26,2
136677,4263,HS-0130,6,2,0,0,0,0,0,0,0,0,0,0,0,67,7,0,1,5,2016,MIN,FS,22,1
136678,4263,JC-1700,3,1,0,0,0,0,0,0,0,0,0,0,0,47,3.5,0,1,6,2016,TEN,DT,99,1
136679,4263,JM-2800,3,0,0,0,0,0,1,0,0,0,0,0,0,60,4,0,1,8,2016,TEN,RCB,30,1
136680,4263,AB-0650,1,1,0,0,0,0,0,0,0,0,0,0,0,67,1.5,0,1,3,2016,MIN,SLB,55,1
136681,4263,TN-0400,6,1,0,0,0,0,0,0,0,0,0,0,0,65,6.5,0,1,14,2016,MIN,LCB,23,1
136682,4263,EK-0250,5,1,0,0,0,1,0,0,0,1,0,0,0,67,13.5,8,1,2,2016,MIN,MLB,54,1
136683,4263,RJ-0900,2,1,0,0,0,0,0,0,0,0,0,0,0,48,2.5,0,1,8,2016,TEN,FS,49,1
136684,4263,AW-1450,3,3,0,0,0,0,0,0,0,0,0,0,0,63,4.5,0,1,3,2016,TEN,RILB,54,1
136685,4263,PC-0800,3,0,0,0,0,0,0,0,0,0,0,0,0,52,3,0,1,7,2016,TEN,LCB,24,1
136686,4263,AB-1925,1,1,0,0,0,0,0,0,0,0,0,0,0,17,1.5,0,1,2,2016,TEN,LDE,95,2
136687,4263,DM-3600,0,2,0,0,0,0,0,0,0,0,0,0,0,40,1,0,1,7,2016,TEN,LOLB,91,1
136688,4263,SS-2450,1,1,0,0,0,0,1,0,0,0,0,0,0,23,2.5,0,1,5,2016,TEN,LILB,55,2
136689,4263,KB-2850,4,0,0,0,0,0,0,0,0,0,0,0,0,23,4,0,1,1,2016,TEN,FS,20,2
136690,4263,WW-0900,2,0,0,0,0,0,0,0,0,0,0,0,0,30,2,0,1,9,2016,TEN,LILB,59,1
136691,4263,DH-4650,3,0,1,0,0,0,0,1,0,1,0,0,0,36,13,9,1,2,2016,MIN,LDE,99,2
136692,4263,AS-0600,4,0,0,0,0,0,0,1,0,0,0,0,0,67,6,2,1,7,2016,MIN,SS,34,1
136693,4263,MS-1300,0,0,0,0,0,0,0,0,0,0,10,0,0,0,0,0,1,7,2016,MIN,RCB,35,3
136694,4263,DS-3450,3,0,0,0,0,0,0,0,0,0,0,0,0,40,3,0,1,4,2016,TEN,SS,39,2
136695,4263,BM-0800,3,0,0,0,0,0,1,0,0,0,0,0,0,33,4,0,1,8,2016,TEN,LCB,33,2
136696,4263,DS-1400,8,0,0,0,0,0,1,0,0,0,0,0,0,42,9,0,1,6,2016,TEN,SS,21,1
136697,4263,KK-1000,2,0,0,0,0,0,0,0,0,0,0,0,0,26,2,0,1,6,2016,TEN,DT,97,2
136698,4263,AW-1900,2,0,0,0,0,0,0,0,0,0,0,0,0,25,2,0,1,7,2016,TEN,NT,96,1
136699,4263,AJ-1137,0,1,0,0,0,0,0,0,0,0,0,0,0,0,0.5,0,1,1,2016,TEN,NT,94,2
136700,4264,BI-0150,1,1,1,0,0,0,0,0,1,0,0,0,0,60,5.5,1,1,5,2016,OAK,SLB,51,1
136701,4264,JW-0725,0,3,0,0,0,0,0,1,0,0,0,0,0,47,3.5,2,1,1,2016,OAK,RDE,95,1
136702,4264,PW-0850,3,2,0,0,0,0,1,0,0,0,0,0,5,73,5,0,1,2,2016,NO,RCB,25,1
136703,4264,TD-0850,1,0,0,0,0,0,0,0,0,0,0,0,0,37,1,0,1,2,2016,NO,DT,95,1
136704,4264,SS-1700,1,0,0,0,0,0,1,0,0,0,0,0,0,43,2,0,1,8,2016,OAK,RCB,21,1
136705,4264,DA-0950,4,0,0,0,0,0,0,0,0,0,0,0,0,66,4,0,1,4,2016,OAK,LCB,29,1
136706,4264,JE-0450,3,0,0,0,0,0,0,0,0,0,0,0,0,17,3,0,1,3,2016,OAK,NT,78,1
136707,4264,RN-0300,7,1,0,0,0,0,0,0,0,0,0,0,0,69,7.5,0,1,10,2016,OAK,FS,27,1
136708,4264,KM-1150,4,2,0,0,0,0,1,0,0,0,0,0,0,67,6,0,1,3,2016,OAK,FS,39,2
136709,4264,MS-2400,4,4,0,0,0,0,0,0,0,0,0,0,23,69,6,0,1,6,2016,OAK,WLB,53,1
136710,4264,DA-2050,1,2,0,0,0,0,0,0,0,0,0,0,0,46,2,0,1,3,2016,OAK,RDE,96,2
136711,4264,KM-0050,4,3,0,0,0,0,0,0,0,0,0,0,0,64,5.5,0,1,3,2016,OAK,LDE,52,1
136712,4264,CJ-0675,0,0,0,0,0,0,0,0,0,0,0,0,9,1,0,0,1,1,2016,OAK,MLB,57,2
136713,4264,KV-0050,5,1,0,0,0,0,1,0,0,0,0,0,0,73,6.5,0,1,4,2016,NO,SS,32,1
136714,4264,CR-1150,8,3,0,0,0,0,1,0,0,0,0,0,5,73,10.5,0,1,6,2016,NO,MLB,52,2
136715,4264,NF-0100,2,1,0,0,0,0,0,0,0,0,0,0,0,48,2.5,0,1,6,2016,NO,DT,90,1
136716,4264,JB-8800,2,2,0,0,0,0,0,0,0,0,0,0,0,73,3,0,1,8,2016,NO,FS,31,1
136717,4264,BH-1110,3,2,0,0,0,0,0,0,0,0,0,0,0,69,4,0,1,2,2016,OAK,MLB,50,1
136718,4264,SC-0025,0,0,0,0,0,0,0,0,0,0,0,0,1,11,0,0,1,1,2016,OAK,SLB,91,2
136719,4264,DB-0975,0,0,0,0,0,0,0,0,0,0,0,0,10,0,0,0,1,4,2016,OAK,WLB,56,2
136720,4264,DB-3750,0,0,0,0,0,0,0,0,0,0,0,0,10,24,0,0,1,2,2016,NO,LCB,40,1
136721,4264,DH-1425,3,0,0,0,0,0,0,0,0,0,0,0,0,60,3,0,1,1,2016,NO,LCB,49,2
136722,4264,MM-1550,2,0,0,0,0,0,0,0,0,0,0,0,0,21,2,0,1,4,2016,NO,SLB,56,2
136723,4264,DH-2150,4,1,0,0,0,0,0,0,1,0,0,0,33,50,6.5,0,1,4,2016,OAK,LCB,25,2
136724,4264,KC-2550,4,0,0,0,0,0,0,0,0,0,0,0,10,49,4,0,1,1,2016,NO,RCB,46,2
136725,4264,JL-0600,3,4,0,0,0,0,1,0,0,0,0,0,0,73,6,0,1,8,2016,NO,MLB,53,1
136726,4264,TC-0385,0,0,0,0,0,0,0,0,0,0,10,0,0,20,0,0,1,3,2016,OAK,RCB,38,2
136727,4264,CJ-2400,1,0,0,0,0,0,0,0,0,0,0,0,0,69,1,0,1,6,2016,NO,RDE,94,1
136728,4264,RH-0700,1,0,0,0,0,0,0,0,0,0,0,0,0,11,1,0,1,11,2016,NO,SS,41,2
136729,4264,BT-0950,0,0,0,0,0,0,0,0,0,0,0,0,10,1,0,0,1,4,2016,OAK,FS,41,3
136730,4264,JJ-1650,0,2,0,0,0,0,0,0,0,0,0,0,0,18,1,0,1,4,2016,NO,DT,92,2
136731,4264,DO-0250,0,1,0,0,0,0,0,0,0,0,0,0,0,23,0.5,0,1,1,2016,NO,DT,93,2
136732,4264,PK-0300,1,0,0,0,0,0,0,0,0,0,0,0,0,39,1,0,1,8,2016,NO,LDE,0,1
136733,4264,DL-0418,0,1,0,0,0,0,0,0,0,0,0,0,0,25,0.5,0,1,1,2016,OAK,NT,75,2
136734,4264,SM-1650,1,0,0,0,0,0,0,0,0,0,0,0,0,12,1,0,1,4,2016,OAK,LDT,92,2
136735,4264,SA-1150,1,0,0,0,0,0,0,0,0,0,0,0,0,13,1,0,1,2,2016,NO,SLB,50,1
136736,4265,JA-0280,4,1,0,0,0,0,0,0,0,0,0,0,5,67,4.5,0,1,4,2016,SD,SS,37,1
136737,4265,JV-0425,2,0,0,0,0,1,0,0,0,0,0,0,0,71,4,2,1,3,2016,SD,RCB,22,1
136738,4265,DL-2300,4,0,0,0,0,0,0,0,0,0,0,0,5,71,4,0,1,9,2016,SD,FS,20,1
136739,4265,CL-1000,3,0,0,0,0,0,0,0,0,0,0,0,0,58,3,0,1,6,2016,SD,DT,94,1
136740,4265,MT-0350,8,2,0,0,0,0,0,0,0,0,0,0,0,70,9,0,1,4,2016,SD,LILB,50,1
136741,4265,JM-0875,8,1,0,0,0,0,0,0,0,0,0,0,0,51,8.5,0,1,2,2016,KC,RILB,59,1
136742,4265,AB-0100,2,0,0,0,0,0,0,0,0,0,0,0,0,52,2,0,1,6,2016,KC,RDE,97,1
136743,4265,RP-0200,3,1,0,0,0,0,1,0,0,0,0,0,0,70,4.5,0,1,6,2016,KC,FS,38,1
136744,4265,PG-0050,4,0,0,0,0,0,0,0,0,0,0,0,0,50,4,0,1,3,2016,KC,RCB,23,1
136745,4265,FZ-0100,5,1,0,0,0,0,1,0,0,0,0,0,0,50,6.5,0,1,7,2016,KC,ROLB,51,2
136746,4265,MP-0950,3,0,0,0,0,0,1,0,0,0,0,0,21,72,4,0,1,2,2016,KC,LCB,22,1
136747,4265,DP-1250,4,0,0,0,0,0,0,0,0,0,0,0,0,32,4,0,1,2,2016,SD,RILB,52,1
136748,4265,CH-2250,2,2,0,0,0,0,2,0,0,0,0,0,0,56,5,0,1,5,2016,SD,LCB,26,2
136749,4265,CR-0650,1,0,1,0,0,0,0,0,0,0,0,0,5,18,3,1,1,3,2016,SD,DT,91,2
136750,4265,JB-6825,1,1,0,0,0,0,1,0,0,0,0,0,0,19,2.5,0,1,1,2016,SD,LILB,57,2
136751,4265,SN-0450,8,0,0,0,0,0,0,0,0,0,0,0,0,70,8,0,1,2,2016,KC,RCB,20,2
136752,4265,EB-0800,6,0,0,0,0,0,0,0,0,0,0,0,5,73,6,0,1,7,2016,KC,SS,29,1
136753,4265,JA-2825,1,0,1,0,0,0,0,0,0,0,0,0,0,32,3,1,1,3,2016,SD,LOLB,97,2
136754,4265,DP-1275,1,0,0,0,0,0,0,0,0,0,0,0,0,35,1,0,1,2,2016,SD,LDE,93,1
136755,4265,MI-0150,2,0,0,0,0,0,0,0,0,0,0,0,0,61,2,0,1,5,2016,SD,LOLB,54,1
136756,4265,BM-1800,2,0,1,0,0,0,0,0,0,0,0,0,0,28,4,1,1,10,2016,SD,NT,92,1
136757,4265,BF-0800,8,0,0,0,0,0,0,0,0,0,0,0,0,71,8,0,1,9,2016,SD,LCB,24,1
136758,4265,DJ-1600,5,0,0,0,0,0,0,0,0,0,0,0,0,73,5,0,1,12,2016,KC,LILB,56,1
136759,4265,DW-2325,1,0,0,0,0,0,0,0,0,0,0,0,0,1,1,0,1,1,2016,KC,RCB,24,3
136760,4265,DM-1250,3,0,0,0,0,0,0,0,0,0,0,0,0,21,3,0,1,1,2016,SD,FS,38,3
136761,4265,CM-0150,0,0,0,0,0,0,0,0,0,0,43,0,0,0,0,0,1,2,2016,SD,RCB,29,2
136762,4265,NW-0400,1,1,0,0,0,0,0,0,0,0,0,0,0,8,1.5,0,1,4,2016,KC,RDE,98,2
136763,4265,DF-1350,4,0,1,0,0,0,0,0,0,0,0,0,0,54,6,1,1,3,2016,KC,LOLB,55,1
136764,4265,DP-1450,1,0,0,0,0,0,0,0,0,0,0,0,0,55,1,0,1,5,2016,KC,NT,92,1
136765,4265,TH-0200,1,0,0,0,0,0,0,0,0,0,0,0,0,42,1,0,1,11,2016,KC,ROLB,91,1
136766,4265,KE-0550,2,0,0,0,0,0,0,0,0,0,0,0,0,34,2,0,1,2,2016,SD,ROLB,51,1
136767,4266,KA-0625,14,3,1,0,0,0,0,0,0,0,0,0,0,65,17.5,1,1,2,2016,TB,MLB,58,1
136768,4266,RA-1500,2,0,1,0,0,0,0,0,0,0,0,0,0,58,4,1,1,8,2016,TB,RDE,91,1
136769,4266,LD-0150,6,2,0,0,0,0,0,0,0,0,0,0,0,65,7,0,1,5,2016,TB,WLB,54,1
136770,4266,AC-1500,2,0,0,0,0,0,0,0,0,0,0,0,5,35,2,0,1,6,2016,ATL,LDE,99,2
136771,4266,DJ-2450,5,1,0,0,0,0,0,0,0,0,0,0,0,54,5.5,0,1,1,2016,ATL,MLB,45,1
136772,4266,DC-0325,4,0,0,0,0,0,0,0,0,0,0,0,25,56,4,0,1,1,2016,ATL,WLB,59,1
136773,4266,BP-1050,2,1,0,0,0,0,0,0,0,0,0,0,0,41,2.5,0,1,1,2016,ATL,RCB,34,2
136774,4266,CC-4000,5,5,0,0,0,0,0,0,0,0,0,0,0,55,7.5,0,1,6,2016,TB,SS,23,1
136775,4266,VH-0050,1,1,0,0,0,0,0,0,0,0,0,0,0,65,1.5,0,1,1,2016,TB,RCB,28,2
136776,4266,PW-0700,1,0,0,0,0,0,0,0,0,0,0,0,0,23,1,0,1,9,2016,ATL,SLB,41,2
136777,4266,RA-0650,2,3,0,0,0,0,2,0,0,0,0,0,0,64,5.5,0,1,4,2016,ATL,LCB,23,1
136778,4266,DS-1760,3,0,0,0,0,0,0,0,0,0,0,0,0,32,3,0,1,5,2016,ATL,DT,90,2
136779,4266,RA-0675,3,4,0,0,0,0,0,0,0,0,0,0,0,62,5,0,1,3,2016,ATL,SS,37,1
136780,4266,DT-1970,5,0,0,0,0,1,0,0,0,0,0,0,0,64,7,2,1,4,2016,ATL,RCB,21,1
136781,4266,DS-2700,3,0,0,0,0,0,0,0,0,0,0,0,0,27,3,0,1,13,2016,TB,SLB,51,1
136782,4266,SW-0700,3,1,0,0,0,0,0,0,0,0,0,0,0,10,3.5,0,1,7,2016,ATL,WLB,56,2
136783,4266,CU-0050,1,0,0,0,0,0,0,0,0,0,0,0,0,11,1,0,1,5,2016,ATL,DT,91,2
136784,4266,GJ-0250,1,2,0,0,0,0,0,0,0,0,0,0,0,37,2,0,1,2,2016,ATL,DT,97,1
136785,4266,BG-2100,0,0,0,0,0,0,2,0,0,0,0,0,0,65,2,0,1,11,2016,TB,LCB,24,1
136786,4266,KI-0150,3,4,0,0,0,0,0,0,0,0,0,0,0,64,5,0,1,4,2016,ATL,FS,36,1
136787,4266,BM-1250,5,0,0,0,0,0,1,0,0,0,0,0,0,65,6,0,1,4,2016,TB,FS,30,1
136788,4266,GM-0500,3,0,1,0,0,0,2,0,0,0,0,0,0,59,7,1,1,7,2016,TB,LDT,93,1
136789,4266,CM-1600,1,0,0,0,0,0,0,0,0,0,0,0,0,54,1,0,1,8,2016,TB,RDT,98,1
136790,4266,AV-0300,0,1,0,0,0,0,0,0,0,0,0,0,0,27,0.5,0,1,7,2016,TB,RCB,21,1
136791,4266,JK-1025,0,0,0,0,0,0,0,0,0,0,0,0,7,0,0,0,1,2,2016,TB,MLB,50,2
136792,4266,TJ-0600,0,0,0,0,0,0,1,0,0,0,0,0,0,23,1,0,1,8,2016,ATL,RDE,94,1
136793,4266,JA-0350,1,0,0,0,0,0,1,0,0,0,0,0,0,13,2,0,1,2,2016,TB,LCB,38,2
136794,4266,AG-0775,0,0,0,0,0,0,0,0,0,0,0,0,7,0,0,0,1,3,2016,TB,WLB,53,2
136795,4266,JB-0200,2,0,0,0,0,0,0,0,0,0,0,0,0,32,2,0,1,12,2016,ATL,DT,95,1
136796,4266,KT-0150,2,0,0,0,0,0,0,0,0,0,0,0,0,10,2,0,1,5,2016,TB,SS,37,2
136797,4267,XH-0100,6,5,0,0,0,0,0,0,0,0,0,0,0,82,8.5,0,1,1,2016,MIA,RCB,25,1
136798,4267,BM-0600,4,0,0,0,0,0,1,0,0,0,0,0,0,82,5,0,1,6,2016,MIA,LCB,41,1
136799,4267,KC-0900,3,4,0,0,0,0,0,0,0,0,0,0,15,53,5,0,1,7,2016,SEA,SS,31,1
136800,4267,KW-2500,3,8,1,0,0,0,0,0,0,0,0,0,0,50,9,1,1,6,2016,SEA,ROLB,50,1
136801,4267,DS-1730,0,3,0,0,0,0,2,0,0,0,0,0,0,53,3.5,0,1,5,2016,SEA,RCB,35,2
136802,4267,RJ-2000,6,6,0,0,0,0,1,0,0,0,0,0,0,82,10,0,1,7,2016,MIA,SS,20,1
136803,4267,KM-2000,5,5,0,0,0,0,0,0,0,0,0,0,0,69,7.5,0,1,7,2016,MIA,SLB,55,1
136804,4267,KA-0750,3,8,0,0,0,0,0,1,0,0,0,0,0,82,9,2,1,4,2016,MIA,MLB,47,1
136805,4267,IA-0100,3,5,0,0,0,1,1,0,0,0,0,0,0,82,8.5,2,1,6,2016,MIA,FS,24,1
136806,4267,AB-2730,0,4,0,0,0,0,0,0,0,0,0,0,0,52,2,0,1,5,2016,MIA,LDE,50,2
136807,4267,EM-1200,0,1,0,0,0,0,0,0,0,0,0,0,0,15,0.5,0,1,7,2016,MIA,RDT,90,1
136808,4267,MT-0850,0,1,0,0,0,0,0,0,0,0,0,0,0,31,0.5,0,1,5,2016,MIA,FS,31,2
136809,4267,JJ-1620,1,6,0,0,0,0,0,0,0,0,0,0,0,32,4,0,1,4,2016,MIA,WLB,53,1
136810,4267,JW-0850,1,1,0,0,0,0,0,0,0,0,0,0,0,18,1.5,0,1,3,2016,MIA,LDT,73,2
136811,4267,MW-2300,1,1,1,0,0,0,0,0,0,0,0,0,0,45,3.5,1,1,11,2016,MIA,RDE,94,1
136812,4267,RS-1000,2,1,0,0,0,0,0,0,0,0,0,0,0,53,2.5,0,1,6,2016,SEA,LCB,25,1
136813,4267,MB-1900,2,4,1,0,0,0,0,0,0,0,0,0,0,47,6,1,1,8,2016,SEA,LDE,72,1
136814,4267,BW-0150,6,0,0,0,0,0,0,0,0,0,0,0,0,53,6,0,1,5,2016,SEA,MLB,54,1
136815,4267,JP-2850,0,4,0.5,0,0,0,0,0,0,0,0,0,0,49,3,0.5,1,2,2016,MIA,RDT,97,2
136816,4267,NS-0800,2,2,1,0,0,0,1,0,0,0,0,0,0,67,6,1,1,7,2016,MIA,LDT,93,1
136817,4267,FC-0150,1,2,1,0,0,0,0,0,0,0,0,0,0,29,4,1,1,2,2016,SEA,RDE,55,2
136818,4267,QJ-0150,0,1,0,0,0,0,0,0,0,0,0,0,0,9,0.5,0,1,1,2016,SEA,LDE,99,2
136819,4267,ET-0200,2,2,0,0,0,0,0,0,0,0,0,0,0,53,3,0,1,7,2016,SEA,FS,29,1
136820,4267,BC-2750,0,0,0,0,0,0,0,0,0,0,0,0,10,1,0,0,1,3,2016,SEA,MLB,52,2
136821,4267,TM-1700,0,2,0,0,0,0,0,0,0,0,0,0,0,19,1,0,1,11,2016,SEA,RDT,93,1
136822,4267,JR-1025,0,2,0,0,0,0,2,0,0,0,0,0,0,33,3,0,1,1,2016,SEA,RDT,90,2
136823,4267,KM-1050,0,0,0,0,0,0,0,0,0,0,0,0,8,0,0,0,1,5,2016,SEA,SS,33,2
136824,4267,BM-0775,1,1,0,0,0,0,0,0,0,0,0,0,0,31,1.5,0,1,2,2016,MIA,LCB,28,2
136825,4267,JJ-4300,0,2,0.5,0,1,0,0,0,0,0,0,0,0,54,4,2.5,1,9,2016,MIA,RDE,98,2
136826,4267,JL-0230,2,1,0,0,0,0,1,0,0,0,0,0,0,43,3.5,0,1,5,2016,SEA,RCB,20,1
136827,4267,CW-0100,0,0,0,0,0,0,0,0,0,0,0,0,15,29,0,0,1,12,2016,MIA,LDE,91,1
136828,4267,CM-0250,1,0,1,0,1,0,0,0,1,0,0,0,0,6,7,3,1,3,2016,SEA,LOLB,91,2
136829,4267,CA-1300,1,0,0,0,0,0,0,0,0,0,0,0,0,44,1,0,1,9,2016,SEA,RDE,56,1
136830,4268,TW-1750,6,4,0,0,0,0,2,0,0,0,0,0,0,70,10,0,1,5,2016,DET,MLB,59,1
136831,4268,DT-0150,4,2,0,0,0,0,0,0,0,0,0,0,15,48,5,0,1,4,2016,DET,LDE,98,1
136832,4268,DL-1200,1,3,0,0,0,0,1,0,0,0,0,0,15,70,3.5,0,1,8,2016,DET,OLB,54,1
136833,4268,TW-0160,2,2,0,0,0,0,0,0,0,0,0,0,0,29,3,0,1,5,2016,DET,LDT,93,1
136834,4268,GQ-0100,2,1,0,0,0,0,1,0,0,0,0,0,0,70,3.5,0,1,8,2016,DET,FS,27,1
136835,4268,KH-3100,2,1,2,0,0,0,0,0,0,0,0,0,0,22,6.5,2,1,3,2016,DET,LDE,61,3
136836,4268,RB-4800,1,2,0,0,0,0,0,0,0,0,0,0,0,27,2,0,1,7,2016,DET,SS,31,2
136837,4268,HN-0300,1,1,0,0,0,0,1,0,0,0,0,0,0,45,2.5,0,1,11,2016,DET,RDT,92,1
136838,4268,PR-0400,4,1,0,0,0,0,1,0,0,0,0,0,0,31,5.5,0,1,7,2016,IND,LCB,25,1
136839,4268,TG-1575,1,2,0,0,0,0,0,0,0,0,0,0,0,28,2,0,1,1,2016,IND,FS,32,2
136840,4268,RM-1400,2,0,0,0,0,0,0,0,0,0,0,0,0,41,2,0,1,14,2016,IND,OLB,98,1
136841,4268,MA-0200,6,2,0,0,0,0,0,0,0,0,0,0,0,65,7,0,1,13,2016,IND,SS,29,1
136842,4268,EW-0100,2,1,1,0,0,0,0,0,0,0,0,0,15,42,4.5,1,1,9,2016,IND,SLB,93,1
136843,4268,SM-2950,10,3,0,0,0,0,0,0,0,0,0,0,0,47,11.5,0,1,4,2016,IND,ILB,51,1
136844,4268,DM-4015,5,0,0,0,0,0,0,0,0,0,0,0,0,48,5,0,1,4,2016,IND,RCB,35,3
136845,4268,KT-0625,0,1,0,0,0,0,0,0,0,0,0,0,1,25,0.5,0,1,3,2016,DET,RDT,99,2
136846,4268,KL-0200,0,1,0,0,0,0,0,0,0,0,0,0,0,22,0.5,0,1,9,2016,IND,LDE,90,1
136847,4268,JB-0450,0,0,0,0,0,0,0,0,0,0,0,0,10,0,0,0,1,5,2016,DET,LCB,41,2
136848,4268,TC-2000,1,1,0,0,0,0,0,0,0,0,0,0,0,39,1.5,0,1,12,2016,IND,OLB,58,2
136849,4268,JM-3775,1,1,0,0,0,0,0,0,0,0,0,0,0,16,1.5,0,1,4,2016,IND,ILB,57,2
136850,4268,AC-2400,2,0,0,0,0,0,1,0,0,0,0,0,0,61,3,0,1,11,2016,IND,RCB,34,2
136851,4268,AM-2950,1,0,0,0,0,0,0,0,0,0,0,0,0,11,1,0,1,1,2016,IND,ILB,44,2
136852,4268,ZK-0300,0,2,0,0,0,0,0,0,0,0,0,0,0,39,1,0,1,3,2016,IND,DT,94,1
136853,4268,WG-0800,2,1,0,0,0,0,0,0,0,0,0,0,0,38,2.5,0,1,5,2016,IND,SS,27,2
136854,4268,DS-2250,4,0,0,0,0,0,0,0,0,0,0,0,0,69,4,0,1,4,2016,DET,LCB,23,1
136855,4268,EA-0550,1,1,0,0,0,0,0,0,0,0,0,0,0,50,1.5,0,1,4,2016,DET,DL,94,3
136856,4268,QD-0300,5,1,0,0,0,0,0,0,0,0,0,0,5,51,5.5,0,1,2,2016,DET,RCB,28,2
136857,4268,DJ-0500,0,2,0,0,0,0,0,0,0,0,0,0,0,51,1,0,1,11,2016,IND,ILB,52,1
136858,4268,WG-0600,1,0,0,0,0,0,0,0,0,0,0,0,0,34,1,0,1,9,2016,DET,RDE,95,2
136859,4268,HR-0100,0,1,0,0,0,0,0,0,0,0,0,0,0,27,0.5,0,1,1,2016,IND,DT,91,2
136860,4268,MF-0150,0,0,0,0,0,0,0,0,0,0,0,0,15,5,0,0,1,1,2016,IND,FS,41,3
136861,4268,DP-0375,1,0,0,0,0,0,0,0,0,0,0,0,0,40,1,0,1,2,2016,IND,NT,54,1
136862,4268,NL-0250,3,1,0,0,0,0,0,0,0,0,0,0,0,69,3.5,0,1,3,2016,DET,RCB,24,1
136863,4268,TW-3250,4,0,0,0,0,0,0,0,0,0,0,0,0,45,4,0,1,5,2016,DET,SS,32,1
136864,4268,AA-1900,1,0,0,0,0,0,0,0,0,0,0,0,0,7,1,0,1,6,2016,IND,OLB,56,3
136865,4268,RM-3850,2,0,0,0,0,0,1,0,0,0,0,0,0,33,3,0,1,4,2016,IND,LCB,30,3
136866,4268,AR-1115,0,0,0,0,0,0,1,0,0,0,0,0,0,23,1,0,1,1,2016,DET,LDT,91,2
136867,4269,NB-0250,3,2,0,0,0,0,0,0,0,0,0,0,0,35,4,0,1,3,2016,NYG,SS,29,2
136868,4269,JP-2900,4,2,0,0,0,0,0,0,0,0,0,0,0,74,5,0,1,7,2016,NYG,LDE,90,1
136869,4269,LC-0850,6,0,0,0,0,0,1,0,0,0,0,0,0,74,7,0,1,2,2016,NYG,SS,21,1
136870,4269,OV-0200,3,1,0,0,0,0,0,0,0,0,0,0,0,74,3.5,0,1,5,2016,NYG,RDE,54,1
136871,4269,JC-1800,6,4,0,0,0,0,0,0,0,0,0,0,0,58,8,0,1,8,2016,NYG,WLB,52,1
136872,4269,DH-1850,2,3,0,0,0,0,0,0,0,0,0,0,0,51,3.5,0,1,5,2016,NYG,LDT,98,1
136873,4269,JH-0840,1,4,0,0,0,0,0,0,0,0,0,0,0,52,3,0,1,4,2016,NYG,RDT,95,1
136874,4269,SL-0500,4,6,0,0,0,0,0,0,0,0,0,0,0,56,7,0,1,7,2016,DAL,WLB,50,1
136875,4269,BC-1200,4,3,0,0,0,0,0,0,0,0,0,0,0,52,5.5,0,1,7,2016,DAL,SS,42,1
136876,4269,KW-0960,1,0,0,0,0,0,0,0,0,0,0,0,0,15,1,0,1,5,2016,DAL,SLB,51,2
136877,4269,AH-3350,2,4,0,0,0,0,0,0,0,0,0,0,0,31,4,0,1,3,2016,DAL,MLB,59,1
136878,4269,MC-1350,0,0,0,0,0,0,0,0,0,0,0,0,15,53,0,0,1,5,2016,DAL,RCB,24,1
136879,4269,EA-0575,4,0,0,0,0,0,0,0,0,0,0,0,0,56,4,0,1,1,2016,NYG,LCB,28,2
136880,4269,JB-5775,1,1,0,0,0,0,0,0,0,0,0,0,0,16,1.5,0,1,3,2016,NYG,LDT,96,2
136881,4269,DR-2800,4,0,0,0,0,0,2,0,0,0,0,0,0,77,6,0,1,9,2016,NYG,LCB,41,1
136882,4269,TM-1400,2,3,0,0,0,0,0,0,0,0,0,0,0,30,3.5,0,1,6,2016,DAL,RDT,97,1
136883,4269,OS-0200,3,0,1,0,0,0,0,0,1,0,0,0,0,43,7,1,1,9,2016,DAL,NB,32,1
136884,4269,KW-2800,0,1,0,0,0,0,0,0,0,0,0,0,0,5,0.5,0,1,3,2016,NYG,LDE,72,2
136885,4269,DT-1225,1,2,0,0,0,0,0,0,0,0,0,0,0,42,2,0,1,1,2016,NYG,FS,27,3
136886,4269,JJ-1550,3,0,0,0,0,0,0,0,0,0,0,0,15,78,3,0,1,5,2016,NYG,RCB,20,1
136887,4269,KS-0800,0,2,0,0,0,0,0,0,0,0,0,0,0,59,1,0,1,6,2016,NYG,MLB,91,1
136888,4269,KR-0950,1,2,0,0,0,0,0,0,0,0,0,0,0,30,2,0,1,5,2016,NYG,WLB,57,2
136889,4269,JW-3050,3,0,0,0,0,0,0,0,0,0,0,0,0,26,3,0,1,4,2016,DAL,SS,27,2
136890,4269,AB-3450,0,1,0,0,0,0,0,0,0,0,0,0,0,0,0.5,0,1,1,2016,DAL,NB,30,2
136891,4269,BC-0500,2,0,0,0,0,1,0,0,0,0,0,0,0,56,4,2,1,9,2016,DAL,LCB,39,1
136892,4269,JC-5560,1,2,0,0,0,0,0,0,0,0,0,0,0,41,2,0,1,5,2016,DAL,LDE,58,1
136893,4269,TC-2950,0,2,0,0,0,0,0,0,0,0,0,0,0,41,1,0,1,5,2016,DAL,LDT,98,1
136894,4269,BM-0750,1,1,1,0,0,0,0,0,0,0,0,0,0,45,3.5,1,1,4,2016,DAL,RDE,93,1
136895,4269,JD-3300,2,3,0,0,0,0,0,0,0,0,0,0,0,17,3.5,0,1,10,2016,DAL,WLB,56,2
136896,4269,DK-0465,1,2,0,0,0,0,0,0,0,0,0,0,0,27,2,0,1,3,2016,NYG,SLB,59,1
136897,4269,CT-1300,1,1,0,0,0,0,0,0,0,0,0,0,0,20,1.5,0,1,6,2016,DAL,RDT,92,2
136898,4269,BJ-2350,1,0,0,0,0,0,1,0,0,0,0,0,0,42,2,0,1,2,2016,DAL,FS,31,1
136899,4269,DI-0200,1,0,0,0,0,0,0,0,0,0,0,0,0,15,1,0,1,2,2016,DAL,LDE,95,2
136900,4270,AB-2700,1,1,0,0,0,0,0,0,0,0,0,0,0,31,1.5,0,1,10,2016,NE,DT,97,1
136901,4270,DM-1300,8,1,0,0,0,0,0,0,0,0,0,0,0,61,8.5,0,1,7,2016,NE,FS,32,1
136902,4270,JS-2100,4,0,0,0,0,0,0,0,0,0,0,0,0,44,4,0,1,6,2016,NE,RDE,93,1
136903,4270,LR-0600,4,2,0,0,0,0,1,0,0,0,0,0,0,61,6,0,1,4,2016,NE,RCB,26,1
136904,4270,DB-5450,5,0,0,0,0,0,0,0,0,0,0,0,0,71,5,0,1,3,2016,ARI,SILB,20,1
136905,4270,TM-0850,6,1,0,0,0,0,0,0,0,0,0,0,0,71,6.5,0,1,4,2016,ARI,FS,32,1
136906,4270,TJ-0950,9,1,0,0,0,0,0,0,0,0,0,0,0,71,9.5,0,1,4,2016,ARI,SS,22,1
136907,4270,CC-0200,2,1,0,0,0,0,0,1,0,0,0,0,0,59,4.5,2,1,9,2016,ARI,LDE,93,1
136908,4270,KM-1950,6,1,0,0,0,0,0,0,0,0,0,0,15,65,6.5,0,1,4,2016,ARI,RILB,51,1
136909,4270,MB-3875,1,0,0,0,0,0,0,0,0,0,0,0,0,30,1,0,1,2,2016,NE,DT,90,1
136910,4270,RN-1275,0,0,0,0,0,0,0,0,0,0,0,0,5,15,0,0,1,1,2016,ARI,LDE,90,2
136911,4270,TB-2400,7,0,0,0,0,0,1,0,0,0,0,0,8,51,8,0,1,9,2016,ARI,SS,27,2
136912,4270,FR-0200,1,2,0,0,0,0,0,0,1,0,0,0,0,32,4,0,1,11,2016,ARI,RDT,92,1
136913,4270,SM-1050,2,0,0,0,0,0,0,0,0,0,0,0,0,24,2,0,1,5,2016,NE,WLB,58,2
136914,4270,VV-0100,3,0,1,0,0,0,0,0,0,0,0,0,0,20,5,1,1,1,2016,NE,DT,99,2
136915,4270,TF-0750,0,1,0,0,0,0,0,0,0,0,0,0,0,21,0.5,0,1,2,2016,NE,LDE,98,2
136916,4270,PC-0300,2,3,0,0,0,0,0,0,0,0,0,0,0,60,3.5,0,1,8,2016,NE,SS,23,1
136917,4270,MB-5250,3,1,0,0,0,0,2,0,0,0,0,0,5,61,5.5,0,1,3,2016,NE,LCB,21,1
136918,4270,AJ-1050,1,0,0,0,0,0,0,0,0,0,0,0,0,20,1,0,1,3,2016,NE,DT,65,2
136919,4270,CL-1400,3,0,1,0,0,0,0,0,0,0,0,0,0,39,5,1,1,9,2016,NE,LDE,95,1
136920,4270,CJ-2050,3,2,1,0,0,0,0,1,0,0,0,0,0,65,8,3,1,5,2016,ARI,SAM,55,1
136921,4270,MG-0925,2,0,1,0,0,0,0,0,1,0,0,0,0,47,6,1,1,2,2016,ARI,WLB,44,1
136922,4270,JC-3550,3,1,1,0,0,0,1,0,0,0,0,0,15,61,6.5,1,1,4,2016,NE,SLB,91,1
136923,4270,CJ-2350,0,0,0,0,0,0,0,0,0,0,36,0,0,5,0,0,1,1,2016,NE,RCB,24,2
136924,4270,PP-0400,4,0,0,0,0,0,0,0,0,0,8,0,0,71,4,0,1,6,2016,ARI,LCB,21,1
136925,4270,JC-3518,0,0,0,0,0,0,2,0,0,0,0,0,0,40,2,0,1,2,2016,NE,LCB,22,2
136926,4270,CP-1300,0,2,0,0,0,0,0,0,0,0,0,0,0,35,1,0,1,7,2016,ARI,NT,98,1
136927,4270,DS-5150,1,0,0,0,0,0,0,0,0,0,0,0,0,6,1,0,1,4,2016,ARI,FS,36,2
136928,4270,BW-2040,2,0,0,0,0,0,0,0,0,0,0,0,0,71,2,0,1,1,2016,ARI,RCB,26,1
136929,4270,JM-1650,1,0,0,0,0,0,0,0,0,0,0,0,0,18,1,0,1,3,2016,ARI,RDT,97,3
136930,4270,DH-1250,1,0,0,0,0,0,0,0,0,0,0,0,0,29,1,0,1,4,2016,NE,SS,30,2
136931,4270,DH-2950,1,0,0,0,0,0,0,0,0,0,0,0,0,58,1,0,1,5,2016,NE,MLB,54,1
136932,4271,LT-0400,3,5,0,0,0,0,1,0,0,0,0,0,0,53,6.5,0,1,10,2016,PIT,RILB,94,1
136933,4271,RC-1550,2,2,0,0,0,0,0,0,0,0,0,0,46,58,3,0,1,3,2016,PIT,RCB,31,1
136934,4271,RS-0962,4,2,0,0,0,1,1,0,1,0,0,0,0,44,10,2,1,3,2016,PIT,LILB,50,1
136935,4271,JJ-4250,2,4,0,0,0,0,0,0,0,0,0,0,0,42,4,0,1,4,2016,PIT,ROLB,95,1
136936,4271,MM-3800,4,2,0,0,0,0,1,0,0,0,0,0,10,58,6,0,1,8,2016,PIT,FS,23,1
136937,4271,SD-0250,1,3,0,0,0,0,0,0,0,0,0,0,0,46,2.5,0,1,1,2016,PIT,FS,28,2
136938,4271,CH-3100,1,1,0,0,0,0,0,0,0,0,0,0,0,43,1.5,0,1,6,2016,PIT,LDE,97,1
136939,4271,ST-1150,0,1,0,0,0,0,0,0,0,0,0,0,0,47,0.5,0,1,3,2016,PIT,RDE,91,1
136940,4271,MF-1400,8,6,0,0,0,0,0,0,0,0,0,0,0,51,11,0,1,6,2016,WAS,RILB,54,1
136941,4271,WC-0300,4,9,0,0,0,0,0,0,0,0,0,0,0,68,8.5,0,1,4,2016,WAS,LILB,51,1
136942,4271,JN-1750,1,5,0,0,0,0,2,0,0,0,0,0,5,68,5.5,0,1,5,2016,WAS,RCB,24,1
136943,4271,SC-1725,1,3,0,0,0,0,0,0,0,0,0,0,0,18,2.5,0,1,1,2016,WAS,RILB,36,2
136944,4271,AM-2300,1,0,0,0,0,0,1,0,0,0,0,0,0,33,2,0,1,7,2016,PIT,LOLB,55,1
136945,4271,CB-0200,0,3,0,0,0,0,0,0,0,0,0,0,0,50,1.5,0,1,8,2016,WAS,RDE,92,1
136946,4271,DB-5100,3,5,0,0,0,0,1,0,0,0,0,0,0,66,6.5,0,1,8,2016,WAS,SS,30,1
136947,4271,BB-2725,6,3,0,0,0,1,0,0,0,0,0,0,0,67,9.5,2,1,3,2016,WAS,LCB,26,1
136948,4271,AC-1350,1,0,0,0,0,0,0,0,0,0,0,0,0,15,1,0,1,2,2016,PIT,LOLB,56,2
136949,4271,RG-1250,2,4,0,0,0,0,0,0,0,0,0,0,0,58,4,0,1,5,2016,PIT,SS,21,1
136950,4271,RK-0500,1,0,1,0,0,0,0,0,0,0,0,0,0,60,3,1,1,6,2016,WAS,WLB,91,1
136951,4271,ZH-0200,0,2,0,0,0,0,0,0,1,0,0,0,0,40,3,0,1,8,2016,WAS,LDE,90,1
136952,4271,DP-1268,1,1,0,0,0,0,0,0,0,0,0,0,0,46,1.5,0,1,3,2016,WAS,LCB,35,3
136953,4271,KG-0700,0,2,0,0,0,0,0,0,0,0,0,0,0,28,1,0,1,11,2016,WAS,NT,64,1
136954,4271,DH-0700,3,3,0,0,0,0,0,0,0,0,0,0,0,68,4.5,0,1,13,2016,WAS,FS,23,1
136955,4271,PS-0550,0,3,0,0,0,0,0,0,0,0,0,0,0,59,1.5,0,1,2,2016,WAS,SLB,94,1
136956,4271,JH-2100,0,2,0,0,0,1,0,0,0,0,0,0,0,26,3,2,1,15,2016,PIT,ROLB,92,2
136957,4271,WG-0500,2,4,0,0,0,0,0,0,0,0,0,0,0,57,4,0,1,10,2016,PIT,LCB,22,1
136958,4271,WB-0700,0,0,0,0,0,0,0,0,0,0,29,0,0,1,0,0,1,11,2016,WAS,FS,41,2
136959,4271,KR-0460,1,1,0,0,0,0,0,0,0,0,0,0,0,17,1.5,0,1,5,2016,WAS,RDE,97,2
136960,4271,LF-0550,1,0,0,0,0,0,0,0,0,0,0,0,0,4,1,0,1,5,2016,PIT,RILB,54,3
136961,4271,DM-1475,0,0,0,0,0,0,1,0,0,0,0,0,0,10,1,0,1,3,2016,PIT,NT,93,2
136962,4272,DB-5475,0,3,0,0,0,0,0,0,0,0,0,0,0,51,1.5,0,1,1,2016,SF,LDT,99,2
136963,4272,GH-1050,1,1,0,0,0,0,0,0,0,0,0,0,0,19,1.5,0,1,4,2016,SF,LILB,51,2
136964,4272,TC-0370,0,1,0,0,0,0,0,0,0,0,0,0,0,23,0.5,0,1,4,2016,SF,LOLB,95,2
136965,4272,ER-0150,2,1,0,0,0,0,0,0,0,0,0,0,0,61,2.5,0,1,4,2016,SF,FS,35,1
136966,4272,TB-2700,1,1,0,0,0,0,1,0,0,0,0,0,0,61,2.5,0,1,7,2016,SF,LCB,26,1
136967,4272,MB-0650,1,2,0,0,0,0,2,0,0,0,0,0,0,81,4,0,1,5,2016,LA,WS,26,1
136968,4272,CS-1250,7,2,0,0,0,0,0,0,1,0,0,0,5,81,10,0,1,5,2016,LA,RCB,21,1
136969,4272,LJ-1800,6,1,0,0,0,0,0,0,0,0,0,0,8,79,6.5,0,1,3,2016,LA,CB,20,1
136970,4272,QD-0200,2,2,0,0,0,0,1,0,0,0,0,0,0,25,4,0,1,4,2016,SF,RDT,92,1
136971,4272,MP-2550,3,1,0,0,0,0,0,0,0,0,0,0,0,33,3.5,0,1,4,2016,SF,NT,64,1
136972,4272,AB-3100,2,1,1,0,0,0,0,0,0,0,0,0,0,40,4.5,1,1,11,2016,SF,LOLB,55,1
136973,4272,TJ-2250,2,1,0,0,0,0,0,1,0,0,0,0,12,81,4.5,2,1,5,2016,LA,LCB,22,1
136974,4272,AO-0250,11,1,0,0,0,0,1,0,0,0,0,0,0,81,12.5,0,1,4,2016,LA,MLB,52,1
136975,4272,AD-1475,3,0,0,0,0,0,0,0,0,0,0,0,42,48,3,0,1,3,2016,LA,LDT,99,1
136976,4272,AB-1500,4,0,0,0,0,0,0,0,0,0,0,0,0,61,4,0,1,11,2016,SF,SS,41,1
136977,4272,MA-0450,3,0,0,0,0,0,1,0,0,0,0,0,0,81,4,0,1,3,2016,LA,FS,31,1
136978,4272,TM-1750,8,0,0,0,0,0,0,0,0,0,0,0,0,80,8,0,1,4,2016,LA,SS,25,1
136979,4272,WH-0300,4,1,0,0,0,0,0,0,0,0,0,0,0,46,4.5,0,1,9,2016,LA,LDE,95,1
136980,4272,JW-0750,3,0,0,0,0,0,2,0,0,0,0,0,0,61,5,0,1,3,2016,SF,RCB,25,1
136981,4272,EH-0150,0,1,0,0,0,0,0,0,0,0,0,0,0,35,0.5,0,1,2,2016,SF,ROLB,58,1
136982,4272,NB-0400,6,3,0,0,0,1,0,0,0,0,0,0,0,61,9.5,2,1,7,2016,SF,RILB,53,1
136983,4272,RA-1350,3,1,0,0,0,1,1,0,0,0,0,0,0,42,6.5,2,1,4,2016,SF,LILB,54,1
136984,4272,DE-0050,2,1,0,0,0,0,0,0,1,0,0,0,0,33,4.5,0,1,3,2016,LA,LDT,91,2
136985,4272,RQ-0200,2,0,0,0,0,0,0,0,0,0,0,0,0,51,2,0,1,6,2016,LA,RDE,94,1
136986,4272,AA-0562,1,0,1,0,0,0,0,0,0,0,0,0,0,35,3,1,1,2,2016,SF,LDT,91,1
136987,4272,JF-2750,0,0,0,0,0,0,0,0,0,0,0,0,10,0,0,0,1,1,2016,LA,MLB,59,3
136988,4272,CT-0900,1,0,0,0,0,0,0,0,0,0,0,0,0,35,1,0,1,7,2016,LA,RDT,92,2
136989,4272,JT-0650,1,0,0,0,0,0,0,0,0,0,0,0,0,1,1,0,1,2,2016,SF,SS,29,2
136990,4272,MB-3650,1,1,0,0,0,0,0,0,0,0,0,0,0,44,1.5,0,1,5,2016,LA,RDT,90,1
136991,4272,DJ-1750,1,0,0,0,0,0,1,0,0,0,0,0,0,1,2,0,1,3,2016,SF,LCB,36,2
136992,4272,ES-0800,1,0,0,0,0,0,0,0,0,0,0,0,0,30,1,0,1,7,2016,LA,RDE,97,2
136993,4272,EW-0550,1,0,0,0,0,0,0,0,0,0,0,0,0,35,1,0,1,3,2016,LA,LDE,93,2
136994,4273,PB-0750,2,14,0,0,0,0,0,0,1,0,0,0,0,74,11,0,2,3,2016,BUF,MLB,52,1
136995,4273,AW-1200,2,4,0,0,0,0,1,0,0,0,0,0,0,43,5,0,2,6,2016,BUF,SS,23,1
136996,4273,SG-0650,5,1,0,0,0,0,0,0,0,0,0,0,9,73,5.5,0,2,5,2016,BUF,LCB,24,1
136997,4273,JH-5900,0,4,0,0,0,0,0,0,0,0,0,0,0,69,2,0,2,7,2016,BUF,OLB,55,1
136998,4273,LA-0200,3,1,1,0,0,0,0,0,1,0,0,0,0,52,7.5,1,2,12,2016,BUF,OLB,57,1
136999,4273,AW-0550,0,3,0,0,0,0,0,0,0,0,0,0,0,14,1.5,0,1,1,2016,BUF,DE,92,1
137000,4273,KW-1600,1,4,0,0,0,0,0,0,0,0,0,0,0,60,3,0,2,11,2016,BUF,DT,95,1
137001,4273,RD-0050,4,2,0,0,0,0,3,0,0,0,0,0,26,73,8,0,2,2,2016,BUF,RCB,28,1
137002,4273,ZB-0400,4,10,0,0,0,0,0,0,0,0,0,0,0,74,9,0,2,5,2016,BUF,WLB,53,1
137003,4273,LD-0800,0,4,0,0,0,0,0,0,0,0,0,0,0,39,2,0,2,9,2016,BUF,DE,91,2
137004,4273,SR-0670,2,2,0,0,0,0,0,0,0,0,0,0,15,40,3,0,1,4,2016,NYJ,LDE,91,3
137005,4273,MW-1800,3,0,0,0,0,0,0,0,0,0,0,0,5,51,3,0,2,6,2016,NYJ,RDE,96,1
137006,4273,DW-3950,2,0,0,0,0,0,0,0,0,0,0,0,0,20,2,0,2,4,2016,BUF,SS,27,2
137007,4273,MG-0600,3,1,0,0,0,0,0,0,0,0,0,0,0,53,3.5,0,2,6,2016,NYJ,FS,21,1
137008,4273,DR-1100,3,0,0,0,0,0,0,0,0,0,0,0,0,53,3,0,2,10,2016,NYJ,LCB,24,1
137009,4273,NR-0350,5,0,0,0,0,0,0,1,0,1,0,0,0,44,13,8,2,4,2016,BUF,RCB,21,2
137010,4273,CG-1700,2,2,0,0,0,0,0,0,0,0,0,0,0,74,3,0,2,10,2016,BUF,FS,20,1
137011,4273,CP-2600,2,2,0,0,0,0,0,0,0,0,0,0,0,52,3,0,1,3,2016,NYJ,SS,25,1
137012,4273,JJ-1600,1,2,0,0,0,0,0,0,0,0,0,0,0,8,2,0,1,6,2016,NYJ,LDE,98,2
137013,4273,LM-0550,0,1,0,0,0,0,0,0,0,0,0,0,5,22,0.5,0,2,2,2016,NYJ,OLB,55,1
137014,4273,BS-2300,1,0,0,0,0,0,1,0,0,0,0,0,0,52,2,0,2,6,2016,NYJ,RCB,41,1
137015,4273,DH-1400,3,1,0,0,0,0,0,0,0,0,0,0,0,53,3.5,0,2,10,2016,NYJ,ILB,52,1
137016,4273,DL-0550,3,2,0,0,0,0,0,0,0,0,0,0,0,41,4,0,2,1,2016,NYJ,ILB,50,2
137017,4273,MW-2250,3,1,0,0,0,1,1,0,0,0,0,0,5,38,6.5,2,2,3,2016,NYJ,RCB,20,2
137018,4273,LW-1350,3,0,0,0,0,0,0,0,1,0,0,0,0,45,5,0,2,2,2016,NYJ,LDE,92,1
137019,4273,KS-0450,0,1,0,0,0,0,0,0,0,0,0,0,0,13,0.5,0,1,1,2016,BUF,LCB,29,2
137020,4273,JW-6530,0,1,0,0,0,0,0,0,0,0,0,0,0,17,0.5,0,2,5,2016,BUF,DT,94,2
137021,4273,CB-4770,0,1,0,0,0,0,0,0,0,0,0,0,0,37,0.5,0,2,6,2016,BUF,NT,97,1
137022,4274,CM-3250,4,2,0,0,0,1,0,0,0,0,0,0,5,62,7,2,2,3,2016,BAL,ILB,57,1
137023,4274,TS-3500,1,2,0,0,0,0,0,0,0,0,0,0,0,39,2,0,2,14,2016,BAL,OLB,55,1
137024,4274,ZO-0100,6,3,0,0,0,0,0,0,0,0,0,0,0,62,7.5,0,2,3,2016,BAL,ILB,54,1
137025,4274,EW-0400,5,1,0,0,0,1,0,0,0,0,0,0,0,61,7.5,2,2,10,2016,BAL,SS,32,1
137026,4274,JM-3950,1,2,0,0,0,0,0,0,0,0,0,0,0,37,2,0,2,3,2016,CLE,RDE,98,1
137027,4274,DS-1850,2,6,0,0,0,0,0,0,0,0,0,0,0,47,5,0,2,2,2016,CLE,NT,55,1
137028,4274,JT-0850,3,0,0,0,0,0,0,0,0,0,0,0,0,75,3,0,2,4,2016,CLE,RCB,27,1
137029,4274,JH-0100,3,1,0,0,0,2,2,0,0,0,13,0,5,75,9.5,4,2,7,2016,CLE,LCB,23,1
137030,4274,CK-0850,5,2,0,0,0,0,0,0,0,0,0,0,0,75,6,0,2,3,2016,CLE,RILB,58,1
137031,4274,TJ-1025,4,2,1,0,0,0,0,0,0,0,0,0,0,43,7,1,2,3,2016,BAL,DT,99,1
137032,4274,LG-1000,1,1,0,0,1,0,0,0,0,0,0,0,0,26,3.5,2,2,6,2016,BAL,DE,93,1
137033,4274,DD-0250,4,5,0,0,0,0,0,0,0,0,0,0,0,67,6.5,0,2,5,2016,CLE,LILB,56,1
137034,4274,TW-2700,5,2,0,0,0,0,0,0,0,0,0,0,0,53,6,0,2,11,2016,CLE,RCB,22,2
137035,4274,IC-0050,1,0,0,0,0,0,0,0,0,0,0,0,0,1,1,0,2,2,2016,CLE,SS,24,1
137036,4274,ZS-0075,2,0,0,0,0,0,0,0,0,0,0,0,0,42,2,0,2,2,2016,BAL,OLB,90,2
137037,4274,BW-2020,0,1,0,0,0,0,0,0,0,0,0,0,0,39,0.5,0,2,4,2016,BAL,NT,98,1
137038,4274,JS-4300,2,0,0,0,0,0,0,0,0,0,0,0,0,62,2,0,2,6,2016,BAL,RCB,22,1
137039,4274,LW-0700,5,0,0,0,0,0,0,0,0,0,0,0,0,62,5,0,1,8,2016,BAL,FS,21,1
137040,4274,DK-0625,5,0,0,0,0,0,2,0,0,0,0,0,0,62,7,0,2,1,2016,CLE,SS,30,2
137041,4274,CL-0850,1,0,0,0,0,0,0,0,0,0,0,0,0,1,1,0,1,4,2016,CLE,OLB,52,2
137042,4274,MJ-2700,1,0,0,0,0,0,0,0,0,0,0,0,0,14,1,0,2,1,2016,BAL,OLB,91,3
137043,4274,BU-0150,1,0,1,0,0,0,0,0,0,0,0,0,0,8,3,1,2,3,2016,BAL,DE,96,2
137044,4274,JP-4150,2,3,0,0,0,0,1,0,0,0,0,0,0,61,4.5,0,2,4,2016,CLE,FS,33,1
137045,4274,SP-0100,1,0,0,0,0,0,0,0,0,0,0,0,9,25,1,0,1,6,2016,CLE,RDE,90,3
137046,4274,JS-1025,1,0,0,0,0,0,0,0,0,0,0,0,0,29,1,0,2,1,2016,CLE,OLB,53,1
137047,4274,KL-0800,0,0,0,0,0,0,0,0,1,0,0,0,0,0,2,0,1,7,2016,BAL,FS,23,2
137048,4274,DJ-2670,0,0,0,0,0,0,0,0,0,0,0,0,10,0,0,0,1,4,2016,CLE,FS,35,2
137049,4274,EO-0075,1,1,0,0,0,0,0,0,0,0,0,0,0,60,1.5,0,2,1,2016,CLE,OLB,90,1
137050,4274,TC-0350,1,0,0,0,0,0,0,0,0,0,0,0,0,0,1,0,1,5,2016,CLE,RILB,59,2
137051,4274,SW-2300,1,0,0,0,0,0,0,0,0,0,0,0,0,62,1,0,2,6,2016,BAL,LCB,35,1
137052,4274,NO-0300,1,2,0,0,0,0,0,0,0,0,0,0,0,24,2,0,1,2,2016,CLE,OLB,44,2
137053,4274,MP-1225,1,0,1,0,0,0,0,0,0,0,0,0,0,19,3,1,2,1,2016,BAL,NT,78,2
137054,4274,TY-0250,2,0,0,0,0,0,0,0,0,0,0,0,0,20,2,0,2,1,2016,BAL,RCB,43,2
137055,4275,RM-1600,5,2,0,0,0,0,0,0,0,0,0,0,0,47,6,0,1,8,2016,CIN,MLB,58,1
137056,4275,MJ-1800,2,2,0,0,0,0,0,0,0,0,0,0,0,62,3,0,2,8,2016,CIN,RDE,90,1
137057,4275,VR-0200,2,4,0,0,0,0,0,0,0,0,0,0,0,74,4,0,2,7,2016,CIN,WLB,57,1
137058,4275,GI-1300,3,1,0,0,0,0,1,0,0,0,0,0,0,73,4.5,0,2,5,2016,CIN,FS,43,1
137059,4275,RG-1250,4,4,0,0,0,0,1,1,0,0,0,0,0,76,9,2,2,5,2016,PIT,SS,21,1
137060,4275,RC-1550,2,1,0,0,0,0,2,0,0,0,0,0,20,74,4.5,0,2,3,2016,PIT,RCB,31,1
137061,4275,ST-1150,3,1,0,0,0,0,0,0,0,0,0,0,0,70,3.5,0,2,3,2016,PIT,RDE,91,1
137062,4275,RS-0962,4,7,0,0,0,0,0,0,0,0,0,0,0,76,7.5,0,2,3,2016,PIT,LILB,50,1
137063,4275,LT-0400,4,3,0,0,0,0,0,0,0,0,0,0,0,46,5.5,0,2,10,2016,PIT,RILB,94,1
137064,4275,AJ-1200,2,2,0,0,0,1,1,0,0,0,19,0,0,73,6,2,2,12,2016,CIN,RCB,24,1
137065,4275,SW-1550,4,1,0,0,0,0,0,0,0,0,0,0,0,73,4.5,0,2,4,2016,CIN,SS,36,1
137066,4275,KD-0100,6,4,0,0,0,0,1,0,0,0,0,0,0,58,9,0,2,13,2016,CIN,SLB,56,1
137067,4275,GA-0400,1,2,0,0,0,0,0,0,0,0,0,0,0,51,2,0,2,7,2016,CIN,RDT,97,1
137068,4275,AM-2300,1,2,1,0,0,0,0,0,0,0,0,0,0,37,4,1,2,7,2016,PIT,LOLB,55,1
137069,4275,DP-0900,3,2,0,0,0,0,0,0,0,0,0,0,0,45,4,0,2,11,2016,CIN,NT,94,1
137070,4275,DD-0950,3,0,0,0,0,0,0,0,0,0,0,0,0,28,3,0,1,3,2016,CIN,RCB,21,2
137071,4275,DM-1475,0,1,0,0,0,0,0,0,0,0,0,0,0,5,0.5,0,2,3,2016,PIT,NT,93,2
137072,4275,JJ-4250,1,1,0,0,0,0,0,0,0,0,0,0,0,57,1.5,0,2,4,2016,PIT,ROLB,95,1
137073,4275,CH-3100,2,0,0,0,0,0,2,1,0,0,0,0,0,64,6,2,2,6,2016,PIT,LDE,97,1
137074,4275,MM-3800,2,2,0,0,0,0,1,0,0,0,0,0,0,72,4,0,2,8,2016,PIT,FS,23,1
137075,4275,CD-2200,3,2,0,0,0,0,0,0,0,0,0,0,0,58,4,0,2,7,2016,CIN,LDE,96,1
137076,4275,WC-0150,1,0,1,0,0,0,0,0,0,0,0,0,0,11,3,1,1,3,2016,CIN,RDE,93,2
137077,4275,MF-0700,0,0,0,0,0,0,0,0,0,0,0,0,9,0,0,0,1,3,2016,CIN,SLB,53,2
137078,4275,PS-0300,2,1,0,0,0,0,0,0,0,0,0,0,5,31,2.5,0,2,9,2016,CIN,NT,92,2
137079,4275,CF-0337,0,0,0,0,0,0,0,0,0,0,0,0,2,0,0,0,1,1,2016,CIN,SS,42,2
137080,4275,WG-0500,3,1,0,0,0,0,2,0,0,0,0,0,0,76,5.5,0,2,10,2016,PIT,LCB,22,1
137081,4275,RM-1100,0,1,0,0,0,0,0,0,0,0,0,0,0,14,0.5,0,1,7,2016,PIT,LDE,90,2
137082,4275,AC-1350,1,1,0,0,0,0,0,0,0,0,0,0,0,19,1.5,0,2,2,2016,PIT,LOLB,56,2
137083,4275,DK-0750,1,1,0,0,0,1,1,0,0,0,0,0,0,72,4.5,2,2,5,2016,CIN,LCB,27,1
137084,4275,AB-3875,1,1,0,0,0,0,1,0,0,0,0,0,9,30,2.5,0,1,1,2016,PIT,RCB,25,2
137085,4275,JS-2050,0,1,0,0,0,0,0,0,0,0,0,0,0,16,0.5,0,2,2,2016,CIN,LCB,26,3
137086,4275,JH-1375,1,0,0,0,0,0,0,0,0,0,0,0,15,11,1,0,1,1,2016,PIT,NT,79,1
137087,4275,MH-3750,1,1,0,0,0,0,0,0,0,0,0,0,0,37,1.5,0,2,4,2016,CIN,LDE,99,2
137088,4275,SD-0250,1,0,0,0,0,0,0,0,0,0,0,0,0,65,1,0,2,1,2016,PIT,FS,28,2
137089,4275,JH-2100,1,0,0,0,0,0,0,0,1,0,0,0,0,38,3,0,2,15,2016,PIT,ROLB,92,2
137090,4276,JN-1750,4,1,0,0,0,0,3,0,1,0,0,0,5,68,9.5,0,2,5,2016,WAS,RCB,24,1
137091,4276,RJ-0550,1,4,0.5,0,0,0,0,0,0,0,0,0,0,28,4,0.5,1,8,2016,WAS,LDE,99,2
137092,4276,CB-0200,0,4,0,0,0,0,0,0,0,0,0,0,0,46,2,0,2,8,2016,WAS,RDE,92,1
137093,4276,DB-5100,3,3,1,0,0,0,0,0,0,0,0,0,0,68,6.5,1,2,8,2016,WAS,SS,30,1
137094,4276,DH-0700,2,3,0,0,0,0,1,0,0,0,0,0,0,66,4.5,0,2,13,2016,WAS,FS,23,1
137095,4276,ZH-0200,1,0,0,0,0,0,0,0,0,0,0,0,0,47,1,0,2,8,2016,WAS,LDE,90,1
137096,4276,RK-0500,2,1,0.5,0,0,0,0,0,0,0,0,0,5,57,3.5,0.5,2,6,2016,WAS,WLB,91,1
137097,4276,BB-2725,7,3,0,0,0,0,2,0,0,0,0,0,6,62,10.5,0,2,3,2016,WAS,LCB,26,1
137098,4276,MF-1400,3,7,0,0,0,0,0,0,0,0,0,0,15,55,6.5,0,2,6,2016,WAS,RILB,54,1
137099,4276,AH-3350,2,1,0,0,0,0,0,0,0,0,0,0,9,23,2.5,0,2,3,2016,DAL,MLB,59,1
137100,4276,SL-0500,6,4,0,0,0,0,1,0,0,0,0,0,0,67,9,0,2,7,2016,DAL,WLB,50,1
137101,4276,MC-1350,2,3,0,0,0,0,0,0,0,0,0,0,5,67,3.5,0,2,5,2016,DAL,RCB,24,1
137102,4276,JC-5560,2,2,1,0,0,0,0,0,0,0,0,0,0,43,5,1,2,5,2016,DAL,LDE,58,1
137103,4276,TM-1400,2,1,0,0,0,0,0,0,0,0,0,0,0,46,2.5,0,2,6,2016,DAL,RDT,97,1
137104,4276,BC-1200,3,2,0,0,0,1,0,0,0,0,0,0,5,58,6,2,2,7,2016,DAL,SS,42,1
137105,4276,CJ-0900,0,1,0,0,0,0,0,0,0,0,0,0,0,29,0.5,0,1,14,2016,WAS,NT,68,3
137106,4276,WC-0300,3,7,0,0,0,0,1,0,0,0,0,0,0,61,7.5,0,2,4,2016,WAS,LILB,51,1
137107,4276,BC-0500,4,1,0,0,0,0,1,0,0,0,0,0,0,66,5.5,0,2,9,2016,DAL,LCB,39,1
137108,4276,SC-1725,1,2,0,0,0,0,0,0,0,0,0,0,0,20,2,0,2,1,2016,WAS,RILB,36,2
137109,4276,WB-0700,0,1,0,0,0,0,0,0,0,0,0,0,0,3,0.5,0,2,11,2016,WAS,FS,41,2
137110,4276,PS-0550,0,2,0.5,0,0,0,0,0,0,0,0,0,5,50,2,0.5,2,2,2016,WAS,SLB,94,1
137111,4276,BJ-2350,4,0,0,0,0,0,0,0,0,0,0,0,0,66,4,0,2,2,2016,DAL,FS,31,1
137112,4276,JW-3050,0,1,0,0,0,0,1,0,0,0,0,0,0,24,1.5,0,2,4,2016,DAL,SS,27,2
137113,4276,MC-2150,2,1,0,0,0,0,1,0,0,0,0,0,0,35,3.5,0,1,1,2016,DAL,LDT,71,2
137114,4276,DP-1268,1,3,0,0,0,0,0,1,0,0,0,0,0,46,4.5,2,2,3,2016,WAS,LCB,35,3
137115,4276,AG-0100,1,0,0,0,0,0,0,0,0,0,0,0,0,13,1,0,1,6,2016,DAL,SLB,52,1
137116,4276,JD-3300,1,1,0,0,0,0,1,0,0,0,0,0,0,29,2.5,0,2,10,2016,DAL,WLB,56,2
137117,4276,TM-3450,2,4,1.5,0,0,0,0,0,1,0,0,0,0,34,9,1.5,1,3,2016,WAS,SLB,93,2
137118,4276,CT-1300,1,1,0,0,0,0,0,0,0,0,0,0,5,26,1.5,0,2,6,2016,DAL,RDT,92,2
137119,4276,OS-0200,4,0,0,0,0,0,0,0,0,0,0,0,0,49,4,0,2,9,2016,DAL,NB,32,1
137120,4276,TC-2950,1,0,1,0,0,0,0,0,0,0,0,0,0,44,3,1,2,5,2016,DAL,LDT,98,1
137121,4277,EB-0800,2,3,0,0,0,0,0,0,0,0,0,0,0,72,3.5,0,2,7,2016,KC,SS,29,1
137122,4277,DJ-1600,7,4,1,0,0,0,0,0,0,0,0,0,0,72,11,1,1,12,2016,KC,LILB,56,1
137123,4277,PG-0050,5,0,0,0,0,0,1,0,0,0,0,0,0,58,6,0,2,3,2016,KC,RCB,23,1
137124,4277,DF-1350,2,1,0,0,0,0,1,0,0,0,0,0,0,62,3.5,0,2,3,2016,KC,LOLB,55,1
137125,4277,JM-0875,2,6,0,0,0,0,0,0,0,0,0,0,0,32,5,0,2,2,2016,KC,RILB,59,1
137126,4277,MP-0950,2,5,0,0,0,2,2,0,0,0,0,0,15,72,10.5,4,2,2,2016,KC,LCB,22,1
137127,4277,DP-1450,0,5,0,0,0,0,0,0,0,0,0,0,0,49,2.5,0,2,5,2016,KC,NT,92,1
137128,4277,JJ-5000,3,2,0,0,0,0,2,0,0,0,0,0,0,61,6,0,2,11,2016,HOU,RCB,24,1
137129,4277,KJ-0100,5,1,0,0,0,0,1,0,0,0,0,0,12,63,6.5,0,2,7,2016,HOU,LCB,25,1
137130,4277,QD-0100,3,2,0,0,0,0,0,0,1,0,0,0,0,62,6,0,2,9,2016,HOU,SS,27,1
137131,4277,JC-3350,3,0,0,0,0,0,1,0,0,0,0,0,0,53,4,0,2,3,2016,HOU,OLB,90,1
137132,4277,AH-0250,2,2,0,0,0,0,0,0,0,0,0,0,0,42,3,0,2,3,2016,HOU,FS,29,1
137133,4277,JW-1100,1,4,1.5,0,0,0,0,1,0,0,0,0,0,60,8,3.5,2,6,2016,HOU,RDE,99,1
137134,4277,WM-0550,1,2,0,0,0,0,0,1,0,0,0,0,5,61,4,2,2,5,2016,HOU,SLB,59,1
137135,4277,AB-2250,2,2,0,0,0,0,2,0,0,0,0,0,0,47,5,0,2,4,2016,HOU,RCB,21,2
137136,4277,JH-5550,4,1,0,0,0,0,0,0,0,0,0,0,0,51,4.5,0,1,5,2016,KC,LDE,96,1
137137,4277,RP-0200,2,3,0,0,0,0,1,0,0,0,0,0,0,72,4.5,0,2,6,2016,KC,FS,38,1
137138,4277,NW-0400,1,0,0,0,0,0,0,0,0,0,0,0,0,12,1,0,2,4,2016,KC,RDE,98,2
137139,4277,JS-3250,3,3,1.5,0,0,0,0,0,1,0,0,0,0,62,9.5,1.5,2,4,2016,HOU,OLB,51,2
137140,4277,DS-3162,2,0,0,0,0,0,0,0,0,0,0,0,0,26,2,0,1,3,2016,KC,SS,49,2
137141,4277,FZ-0100,4,1,0,0,0,0,0,0,0,0,0,0,0,53,4.5,0,2,7,2016,KC,ROLB,51,2
137142,4277,BM-1450,2,6,1,0,0,0,0,0,0,0,0,0,0,64,7,1,2,2,2016,HOU,RILB,55,1
137143,4277,KJ-0650,2,1,0,0,0,0,1,1,0,0,0,0,0,49,5.5,2,2,2,2016,HOU,LCB,30,2
137144,4277,VW-0200,0,2,0,0,0,0,0,0,0,0,0,0,0,29,1,0,2,13,2016,HOU,NT,75,1
137145,4277,TH-0200,1,2,1,0,0,0,0,0,0,0,0,0,0,31,4,1,2,11,2016,KC,ROLB,91,1
137146,4277,CJ-2168,0,2,0,0,0,0,0,0,0,0,0,0,0,18,1,0,1,1,2016,KC,LDE,95,2
137147,4277,AB-0100,0,1,0,0,0,0,0,0,0,0,0,0,0,42,0.5,0,2,6,2016,KC,RDE,97,1
137148,4277,SN-0450,1,0,0,0,0,0,0,0,0,0,0,0,0,70,1,0,2,2,2016,KC,RCB,20,2
137149,4277,MB-4950,0,1,0,0,0,0,0,0,0,0,0,0,0,17,0.5,0,2,3,2016,HOU,LILB,53,2
137150,4278,RJ-2000,4,5,0,0,0,0,0,0,0,0,0,0,0,80,6.5,0,2,7,2016,MIA,SS,20,1
137151,4278,XH-0100,2,3,0,0,0,0,0,0,0,0,0,0,5,74,3.5,0,2,1,2016,MIA,RCB,25,1
137152,4278,MT-0850,2,1,1,0,0,0,0,0,1,0,0,0,10,37,6.5,1,2,5,2016,MIA,FS,31,2
137153,4278,JJ-1620,2,3,0,0,0,0,1,0,0,0,0,0,0,61,4.5,0,2,4,2016,MIA,WLB,53,1
137154,4278,BM-0600,2,3,0,0,0,0,0,0,1,0,0,0,0,80,5.5,0,2,6,2016,MIA,LCB,41,1
137155,4278,TF-0250,1,1,0,0,0,0,0,0,0,0,0,0,0,13,1.5,0,1,3,2016,MIA,LDE,78,3
137156,4278,JW-0850,1,1,0,0,0,0,0,0,0,0,0,0,0,27,1.5,0,2,3,2016,MIA,LDT,73,2
137157,4278,CJ-2150,0,2,0,0,0,0,0,0,0,0,0,0,0,23,1,0,1,4,2016,MIA,RDT,52,2
137158,4278,JF-3150,2,1,0,0,0,0,0,0,1,0,0,0,5,36,4.5,0,1,6,2016,NE,WLB,55,1
137159,4278,PC-0300,6,0,0,0,0,0,0,0,0,0,0,0,0,56,6,0,2,8,2016,NE,SS,23,1
137160,4278,IA-0100,4,4,0,0,0,0,0,0,0,0,0,0,15,79,6,0,2,6,2016,MIA,FS,24,1
137161,4278,KM-2000,4,5,0,0,0,0,0,0,0,0,0,0,0,45,6.5,0,2,7,2016,MIA,SLB,55,1
137162,4278,NS-0800,4,8,0,0,0,0,0,0,0,0,0,0,0,61,8,0,2,7,2016,MIA,LDT,93,1
137163,4278,JS-2100,1,0,0,0,0,0,0,0,0,0,0,0,0,44,1,0,2,6,2016,NE,RDE,93,1
137164,4278,SM-1050,1,1,0,0,0,0,0,0,0,0,0,0,0,38,1.5,0,2,5,2016,NE,WLB,58,2
137165,4278,KA-0750,4,7,0,0,0,0,0,1,0,0,0,0,0,80,9.5,2,2,4,2016,MIA,MLB,47,1
137166,4278,JP-2850,0,2,0,0,0,0,0,0,0,0,0,0,0,44,1,0,2,2,2016,MIA,RDT,97,1
137167,4278,VV-0100,1,0,0,0,0,0,0,0,0,0,0,0,0,17,1,0,2,1,2016,NE,DT,99,2
137168,4278,JC-3550,5,0,0,0,0,1,0,0,0,0,0,0,0,64,7,2,2,4,2016,NE,SLB,91,1
137169,4278,BM-2850,1,0,0,0,0,0,0,0,0,0,0,0,5,0,1,0,1,4,2016,NE,SLB,51,2
137170,4278,MB-5250,7,1,0,0,0,0,1,0,0,0,0,0,0,64,8.5,0,2,3,2016,NE,LCB,21,1
137171,4278,DM-1300,1,0,0,0,0,0,1,0,0,0,0,0,0,64,2,0,2,7,2016,NE,FS,32,1
137172,4278,BM-0775,2,0,0,0,0,0,0,0,1,0,0,0,9,13,4,0,2,2,2016,MIA,LCB,28,2
137173,4278,LR-0600,7,0,0,0,0,0,0,0,1,0,0,0,20,56,9,0,2,4,2016,NE,RCB,26,1
137174,4278,CL-1400,1,0,0,0,0,0,1,1,0,0,0,0,0,45,4,2,2,9,2016,NE,LDE,95,1
137175,4278,JJ-4300,1,2,1,0,0,0,0,0,0,0,0,0,0,52,4,1,2,9,2016,MIA,RDE,98,2
137176,4278,MW-2300,1,0,0,0,0,0,0,0,0,0,0,0,0,56,1,0,2,11,2016,MIA,RDE,94,1
137177,4278,JC-3518,2,0,0,0,0,0,0,0,0,0,0,0,0,58,2,0,2,2,2016,NE,LCB,22,2
137178,4278,TF-0750,0,1,0,0,0,0,0,1,0,0,0,0,0,36,2.5,2,2,2,2016,NE,LDE,98,2
137179,4278,AB-2700,1,2,0,0,0,0,0,0,0,0,0,0,0,37,2,0,2,10,2016,NE,DT,97,1
137180,4278,ER-0250,0,1,0,0,0,0,0,0,0,0,0,0,0,0,0.5,0,1,1,2016,NE,MLB,52,2
137181,4278,AB-2730,0,1,0,0,0,0,0,0,0,0,0,0,0,33,0.5,0,2,5,2016,MIA,LDE,50,2
137182,4278,MB-3875,0,1,0,0,0,0,0,0,0,0,0,0,0,39,0.5,0,2,2,2016,NE,DT,90,1
137183,4278,DH-1250,1,0,0,0,0,1,0,0,0,0,0,0,0,30,3,2,2,4,2016,NE,SS,30,2
137184,4278,NH-1225,1,0,0,0,0,0,0,0,0,0,0,0,0,4,1,0,1,2,2016,MIA,WLB,46,2
137185,4279,JP-2900,0,1,0,0,0,0,1,0,0,0,0,0,5,59,1.5,0,2,7,2016,NYG,LDE,90,1
137186,4279,LC-0850,3,3,1,0,0,0,0,0,0,0,0,0,0,62,6.5,1,2,2,2016,NYG,SS,21,1
137187,4279,JJ-1550,6,2,0,0,0,0,2,0,0,1,0,0,0,59,15,6,2,5,2016,NYG,RCB,20,1
137188,4279,DH-1850,0,4,0,0,0,0,0,0,0,0,0,0,0,34,2,0,2,5,2016,NYG,LDT,98,1
137189,4279,JH-0840,1,3,0,0,1,0,0,0,0,0,0,0,0,45,4.5,2,2,4,2016,NYG,RDT,95,1
137190,4279,VB-0087,4,5,0,0,0,0,0,0,0,0,0,0,0,46,6.5,0,1,1,2016,NO,FS,48,2
137191,4279,NF-0100,1,2,0,0,0,0,0,0,0,0,0,0,0,58,2,0,2,6,2016,NO,DT,90,1
137192,4279,CJ-2400,1,7,1,0,0,0,1,0,0,0,0,0,0,64,7.5,1,2,6,2016,NO,RDE,94,1
137193,4279,PW-0850,2,0,0,0,0,0,1,0,0,0,0,0,0,8,3,0,2,2,2016,NO,RCB,25,1
137194,4279,KR-0950,2,3,0,0,0,0,1,0,0,0,0,0,0,52,4.5,0,2,5,2016,NYG,WLB,57,2
137195,4279,CR-1150,6,7,0,0,0,0,0,0,0,0,0,0,0,79,9.5,0,2,6,2016,NO,WLB,52,2
137196,4279,JL-0600,0,3,0,0,0,0,0,1,0,0,0,0,0,79,3.5,2,2,8,2016,NO,MLB,53,1
137197,4279,KV-0050,5,4,0,0,0,0,0,0,1,0,0,0,0,73,9,0,2,4,2016,NO,SS,32,1
137198,4279,SM-3000,7,2,0,0,0,0,1,0,0,0,0,0,36,79,9,0,1,6,2016,NO,RCB,24,3
137199,4279,JB-8800,4,3,0,0,0,0,0,0,0,0,0,0,0,79,5.5,0,2,8,2016,NO,FS,31,1
137200,4279,DK-0465,0,2,0,0,0,0,0,0,0,0,0,0,0,10,1,0,2,3,2016,NYG,SLB,59,1
137201,4279,KS-0800,1,0,0,0,0,0,1,0,0,0,0,0,0,10,2,0,2,6,2016,NYG,MLB,91,1
137202,4279,JJ-1650,1,0,0,0,0,0,0,0,0,0,0,0,0,24,1,0,2,4,2016,NO,DT,92,2
137203,4279,EA-0575,4,3,0,0,0,0,1,0,0,0,0,0,0,59,6.5,0,2,1,2016,NYG,LCB,28,2
137204,4279,JC-1800,2,4,0,0,0,0,1,0,0,0,0,0,0,41,5,0,2,8,2016,NYG,WLB,52,1
137205,4279,LH-0300,3,2,1,0,0,0,0,0,0,0,0,0,0,41,6,1,1,10,2016,NYG,LCB,25,3
137206,4279,KC-2550,3,3,0,0,0,0,1,0,1,0,0,0,0,70,7.5,0,2,1,2016,NO,LCB,46,2
137207,4279,DH-1425,2,1,0,0,0,0,0,1,0,0,0,0,0,30,4.5,2,2,1,2016,NO,RCB,49,2
137208,4279,NB-0250,1,0,0,0,0,0,0,0,0,0,0,0,0,17,1,0,2,3,2016,NYG,SS,29,2
137209,4279,PK-0300,1,1,0,0,0,0,0,1,0,0,0,0,0,60,3.5,2,2,8,2016,NO,LDE,99,1
137210,4279,MM-1550,2,1,1,0,0,0,0,0,1,0,0,0,0,6,6.5,1,2,4,2016,NO,MLB,56,2
137211,4279,DT-1225,3,1,0,0,0,0,0,0,0,0,0,0,0,45,3.5,0,2,1,2016,NYG,FS,27,2
137212,4279,RO-0450,0,1,0,0,0,0,0,0,0,0,0,0,0,19,0.5,0,1,1,2016,NYG,LDE,78,3
137213,4279,TD-0850,0,4,0,0,0,0,0,0,0,0,0,0,0,40,2,0,2,2,2016,NO,DT,95,1
137214,4279,DR-2800,2,0,0,0,0,0,0,0,0,0,0,0,0,39,2,0,2,9,2016,NYG,LCB,41,1
137215,4279,JD-2800,0,0,0,0,0,0,0,0,0,0,0,0,10,0,0,0,1,7,2016,NO,LS,47,1
137216,4279,DO-0250,1,1,0,0,0,0,0,0,0,0,0,0,0,21,1.5,0,2,1,2016,NO,DT,93,2
137217,4279,OV-0200,0,1,0,0,0,0,0,0,0,0,0,0,0,60,0.5,0,2,5,2016,NYG,RDE,54,1
137218,4280,ST-0550,1,2,0,0,0,0,0,1,0,1,0,0,9,30,10,8,2,2,2016,CAR,SLB,54,1
137219,4280,QD-0200,1,2,0,0,0,0,0,0,0,0,0,0,0,48,2,0,2,4,2016,SF,RDT,92,1
137220,4280,NB-0400,4,7,0,0,0,0,1,0,0,0,0,0,15,83,8.5,0,2,7,2016,SF,RILB,53,1
137221,4280,AB-1500,8,1,0,0,0,1,0,0,1,0,0,0,0,80,12.5,2,2,11,2016,SF,SS,41,1
137222,4280,TB-1850,4,0,0,0,0,0,0,0,0,0,0,0,0,62,4,0,2,3,2016,CAR,FS,33,1
137223,4280,KE-0050,0,4,0,0,0,0,0,0,0,0,0,0,0,43,2,0,2,3,2016,CAR,RDE,94,1
137224,4280,LK-0600,4,7,0,0,0,1,0,0,0,0,0,0,0,61,9.5,2,2,5,2016,CAR,MLB,59,1
137225,4280,TD-0700,3,0,0,0,0,0,0,0,0,0,0,0,0,61,3,0,2,12,2016,CAR,WLB,58,1
137226,4280,KS-0850,2,1,0,0,0,0,0,0,0,0,0,0,0,42,2.5,0,2,4,2016,CAR,RDT,99,1
137227,4280,TB-2700,4,0,0,0,0,0,1,0,0,0,0,0,0,83,5,0,2,7,2016,SF,LCB,26,1
137228,4280,DB-5475,1,4,0,0,0,0,0,0,0,0,0,0,0,65,3,0,2,1,2016,SF,LDT,99,2
137229,4280,JW-0750,5,4,0,0,0,0,0,0,0,0,0,0,5,83,7,0,2,3,2016,SF,RCB,25,1
137230,4280,AB-3100,3,0,0,0,1,0,1,0,0,0,0,0,0,57,6,2,2,11,2016,SF,LOLB,55,1
137231,4280,GD-0400,0,0,0,0,0,0,0,0,0,0,0,0,5,15,0,0,1,9,2016,SF,NT,90,2
137232,4280,RA-1350,4,0,0,0,0,0,0,1,0,0,0,0,0,27,6,2,2,4,2016,SF,LILB,54,1
137233,4280,CJ-1300,3,0,0,0,0,0,0,0,1,0,0,0,0,43,5,0,2,10,2016,CAR,LDE,95,1
137234,4280,BB-1750,3,1,0,0,0,0,1,0,0,0,0,0,0,45,4.5,0,2,3,2016,CAR,RCB,25,1
137235,4280,MA-0300,1,2,1,0,0,0,0,0,0,0,0,0,0,27,4,1,1,6,2016,CAR,RDE,97,2
137236,4280,AA-0562,0,1,0,0,0,0,0,0,0,0,0,0,0,41,0.5,0,2,2,2016,SF,LDT,91,1
137237,4280,ER-0150,3,3,0,0,0,0,0,0,0,0,0,0,0,83,4.5,0,2,4,2016,SF,FS,35,1
137238,4280,JB-4975,2,0,0,0,0,1,1,0,0,0,0,0,0,65,5,2,2,1,2016,CAR,LCB,24,1
137239,4280,DW-4750,4,1,0,0,0,0,1,0,0,0,0,0,0,28,5.5,0,2,1,2016,CAR,RCB,26,2
137240,4280,RM-1900,0,1,0,0,0,0,0,0,0,0,0,0,0,31,0.5,0,2,7,2016,CAR,LCB,27,2
137241,4280,KC-1800,3,0,0,0,0,0,0,0,0,0,0,0,0,64,3,0,2,7,2016,CAR,SS,20,1
137242,4280,MP-2550,1,2,0,0,0,0,0,0,0,0,0,0,0,46,2,0,2,4,2016,SF,NT,64,1
137243,4280,GH-1050,2,8,1,0,0,0,0,0,1,0,0,0,0,56,10,1,2,4,2016,SF,LILB,51,2
137244,4280,JT-0650,1,0,0,0,0,0,0,0,0,0,0,0,0,21,1,0,2,2,2016,SF,SS,29,2
137245,4280,VB-0375,0,1,0,0,0,0,0,0,0,0,0,0,0,30,0.5,0,2,1,2016,CAR,RDT,92,2
137246,4280,RR-0925,0,1,0,0,0,0,0,0,0,0,0,0,0,12,0.5,0,1,1,2016,SF,LCB,33,3
137247,4280,KR-0325,0,0,0,0,0,0,1,0,0,0,0,0,5,7,1,0,1,3,2016,SF,RCB,27,3
137248,4280,CD-0925,0,1,0,0,0,0,0,0,0,0,49,0,0,15,0.5,0,1,3,2016,SF,RCB,43,2
137249,4280,EH-0150,1,1,0,0,0,0,0,1,0,0,0,0,0,57,3.5,2,2,2,2016,SF,ROLB,58,1
137250,4280,TC-0370,0,1,0,0,0,0,0,0,0,0,0,0,0,23,0.5,0,2,4,2016,SF,LOLB,95,2
137251,4280,SL-0950,1,0,1,0,0,0,0,0,0,0,0,0,0,40,3,1,2,4,2016,CAR,LDT,98,1
137252,4280,LE-0050,0,0,0,0,0,0,1,0,0,0,0,0,0,18,1,0,1,4,2016,CAR,LDE,93,2
137253,4280,AK-0650,1,0,0,0,0,0,0,0,0,0,0,0,0,4,1,0,2,4,2016,CAR,SLB,56,2
137254,4281,CR-0875,0,0,0,0,0,0,0,0,0,0,0,0,8,0,0,0,1,2,2016,TEN,LCB,37,3
137255,4281,HN-0300,1,1,0.5,0,0,0,0,0,0,0,0,0,5,40,2.5,0.5,2,11,2016,DET,RDT,92,1
137256,4281,AW-1412,1,2,0,0,0,0,0,0,0,0,0,0,0,22,2,0,1,1,2016,DET,OLB,52,2
137257,4281,TW-0160,1,1,0,0,0,0,0,0,0,0,0,0,0,22,1.5,0,2,5,2016,DET,LDT,93,1
137258,4281,RB-4800,3,0,0,0,0,0,0,0,0,0,0,0,0,21,3,0,2,7,2016,DET,SS,31,2
137259,4281,DT-0150,4,3,1.5,1,0,0,0,0,0,0,0,0,5,52,10.5,3.5,2,4,2016,DET,LDE,98,1
137260,4281,TW-1750,7,3,0,0,0,0,0,0,0,0,0,0,0,66,8.5,0,2,5,2016,DET,MLB,59,1
137261,4281,NL-0250,3,0,0,0,0,0,2,0,0,0,0,0,5,67,5,0,2,3,2016,DET,RCB,24,1
137262,4281,KT-0625,1,0,0,0,0,0,0,0,0,0,0,0,5,26,1,0,2,3,2016,DET,RDT,99,2
137263,4281,AR-1115,1,0,0,0,0,0,1,0,0,0,0,0,0,19,2,0,2,1,2016,DET,LDT,91,2
137264,4281,DS-1400,3,1,0,0,0,0,1,0,0,0,0,0,0,43,4.5,0,2,6,2016,TEN,SS,21,1
137265,4281,SS-2450,2,1,0,0,0,0,1,0,0,0,0,0,0,43,3.5,0,2,5,2016,TEN,LILB,55,2
137266,4281,BM-0800,1,0,0,0,0,0,1,0,0,0,0,0,11,65,2,0,2,8,2016,TEN,LCB,33,2
137267,4281,BC-2350,2,0,0,0,0,0,0,0,1,0,0,0,10,33,4,0,1,4,2016,DET,LDE,51,2
137268,4281,DJ-2250,0,0,0,0,0,0,0,0,0,0,0,0,5,43,0,0,1,3,2016,TEN,LDE,90,1
137269,4281,DB-0950,1,0,0,0,0,0,0,0,0,0,0,0,10,37,1,0,1,4,2016,TEN,ROLB,51,2
137270,4281,JM-2800,6,0,0,0,0,0,1,0,0,0,0,0,0,78,7,0,2,8,2016,TEN,RCB,30,1
137271,4281,WW-0900,2,1,0,0,0,0,0,0,0,0,0,0,0,45,2.5,0,2,9,2016,TEN,LILB,59,1
137272,4281,AW-1450,5,1,0,0,0,0,0,0,0,0,0,0,0,61,5.5,0,2,3,2016,TEN,RILB,54,1
137273,4281,KK-1000,3,1,1,0,0,0,0,0,0,0,0,0,0,34,5.5,1,2,6,2016,TEN,DT,97,2
137274,4281,TW-3250,6,1,0,0,0,0,0,0,0,0,0,0,0,60,6.5,0,2,5,2016,DET,SS,32,1
137275,4281,WG-0600,1,0,0,0,0,0,0,0,0,0,0,0,0,38,1,0,2,9,2016,DET,RDE,95,2
137276,4281,DS-2250,3,0,0,0,0,0,1,0,0,0,0,0,13,67,4,0,2,4,2016,DET,LCB,23,1
137277,4281,SC-0550,2,0,0,0,0,0,0,0,0,0,0,0,0,14,2,0,1,4,2016,DET,LDT,96,3
137278,4281,KB-2850,1,0,0,0,0,0,0,0,0,0,0,0,5,27,1,0,2,1,2016,TEN,FS,20,2
137279,4281,RJ-0900,2,1,0,0,0,0,0,0,0,0,0,0,0,56,2.5,0,2,8,2016,TEN,FS,49,1
137280,4281,PC-0800,5,0,0,0,0,1,0,0,0,0,0,0,9,78,7,2,2,7,2016,TEN,LCB,24,1
137281,4281,KD-1125,3,0,1,0,0,0,0,0,0,0,0,0,10,42,5,1,1,1,2016,TEN,LOLB,93,2
137282,4281,AB-1925,1,1,0,0,0,0,0,0,0,0,0,0,0,27,1.5,0,2,2,2016,TEN,LDE,95,2
137283,4281,AW-0275,1,1,0,0,0,0,0,0,0,0,0,0,0,16,1.5,0,1,1,2016,TEN,LOLB,52,3
137284,4281,KV-0075,1,0,0,0,0,0,0,0,0,0,0,0,0,37,1,0,1,3,2016,DET,OLB,53,1
137285,4281,BO-0400,4,0,2,0,0,0,0,0,0,0,0,0,0,62,8,2,1,8,2016,TEN,ROLB,98,1
137286,4281,KH-3100,1,0,1,0,0,0,0,0,0,0,0,0,0,49,3,1,2,3,2016,DET,LDE,61,3
137287,4281,GQ-0100,2,1,0,0,0,1,0,0,0,0,0,0,0,67,4.5,2,2,8,2016,DET,FS,27,1
137288,4281,DS-3450,3,0,0,0,0,0,1,0,0,0,0,0,0,42,4,0,2,4,2016,TEN,SS,39,2
137289,4281,JC-1700,1,0,0,0,0,0,0,0,0,0,0,0,0,54,1,0,2,6,2016,TEN,DT,99,1
137290,4281,TA-0825,3,0,0,0,0,0,0,0,0,0,0,0,0,10,3,0,1,2,2016,DET,OLB,50,2
137291,4282,KW-2500,7,2,0,0,0,0,0,0,0,0,0,0,0,62,8,0,2,6,2016,SEA,ROLB,50,1
137292,4282,CA-1300,0,1,0,0,0,0,0,0,0,0,0,0,0,42,0.5,0,2,9,2016,SEA,RDE,56,1
137293,4282,BW-0150,5,3,0,0,0,0,0,0,0,0,0,0,0,62,6.5,0,2,5,2016,SEA,MLB,54,1
137294,4282,DS-1730,4,0,0,0,0,0,0,0,0,0,0,0,0,62,4,0,2,5,2016,SEA,RCB,35,2
137295,4282,KC-0900,4,1,0,0,0,0,0,0,0,0,0,0,39,62,4.5,0,2,7,2016,SEA,SS,31,1
137296,4282,MB-1900,3,1,1,0,0,0,0,0,0,0,0,0,15,55,5.5,1,2,8,2016,SEA,LDE,72,1
137297,4282,WH-0300,1,4,1,0,0,0,0,0,0,0,0,0,0,44,5,1,2,9,2016,LA,LDE,95,1
137298,4282,TJ-2250,4,2,0,0,0,0,0,1,0,0,0,0,5,66,7,2,2,5,2016,LA,LCB,22,1
137299,4282,AD-1475,3,1,0,0,0,0,0,0,0,0,0,0,0,45,3.5,0,2,3,2016,LA,LDT,99,1
137300,4282,MB-0650,9,1,0,0,0,0,1,0,0,0,0,0,0,67,10.5,0,2,5,2016,LA,WS,26,1
137301,4282,FC-0150,3,1,2,0,0,0,0,0,0,0,0,0,0,35,7.5,2,2,2,2016,SEA,RDE,55,2
137302,4282,JL-0230,1,0,0,0,0,0,0,0,0,0,0,0,0,30,1,0,2,5,2016,SEA,RCB,20,1
137303,4282,EW-0550,0,0,0,0,0,0,0,0,0,0,0,0,5,23,0,0,2,3,2016,LA,LDE,93,2
137304,4282,LJ-1800,4,1,0,0,0,0,2,0,0,0,0,0,0,55,6.5,0,2,3,2016,LA,CB,20,1
137305,4282,MA-0450,2,2,0,0,0,0,0,0,0,0,0,0,0,67,3,0,2,3,2016,LA,FS,31,1
137306,4282,AO-0250,8,1,0,0,0,0,1,1,1,0,0,0,15,67,13.5,2,2,4,2016,LA,MLB,52,1
137307,4282,CS-1250,1,0,0,0,0,0,0,0,0,0,0,0,0,23,1,0,2,5,2016,LA,RCB,21,1
137308,4282,DE-0050,1,2,0,0,0,0,0,0,0,0,0,0,0,0,2,0,2,3,2016,LA,LDT,91,2
137309,4282,TH-1650,3,0,0,0,0,0,1,0,0,0,0,0,18,44,4,0,1,2,2016,LA,CB,32,2
137310,4282,ES-0800,1,1,0,0,0,0,0,0,0,0,0,0,0,27,1.5,0,2,7,2016,LA,RDE,97,2
137311,4282,ET-0200,2,1,0,0,0,0,0,0,0,0,0,0,0,62,2.5,0,2,7,2016,SEA,FS,29,1
137312,4282,AR-2000,2,0,0,0,0,0,0,0,0,0,0,0,0,40,2,0,1,9,2016,SEA,LDT,77,1
137313,4282,MM-5200,1,0,0,0,0,0,0,0,0,0,0,0,0,31,1,0,1,6,2016,SEA,LOLB,57,1
137314,4282,RS-1000,2,1,0,0,0,0,0,0,0,0,0,0,0,62,2.5,0,2,6,2016,SEA,LCB,25,1
137315,4282,CD-0950,1,0,0,0,0,0,0,0,0,0,0,0,0,24,1,0,1,4,2016,LA,FS,38,2
137316,4282,RQ-0200,1,1,1,0,0,0,0,0,1,0,0,0,0,43,5.5,1,2,6,2016,LA,RDE,94,1
137317,4282,JR-1025,1,1,0,0,0,0,0,0,0,0,0,0,0,40,1.5,0,2,1,2016,SEA,RDT,90,2
137318,4282,TM-1750,1,0,0,0,0,0,0,0,0,0,0,0,0,67,1,0,2,4,2016,LA,SS,25,1
137319,4282,TM-1700,1,0,0,0,0,0,1,0,0,0,0,0,0,24,2,0,2,11,2016,SEA,RDT,93,1
137320,4282,CM-0250,0,0,0,0,0,0,0,0,0,0,0,0,15,10,0,0,2,3,2016,SEA,LOLB,91,2
137321,4283,VH-0050,5,0,0,0,0,0,0,0,0,0,0,0,0,62,5,0,2,1,2016,TB,RCB,28,2
137322,4283,BG-2100,6,1,0,0,0,0,0,0,0,0,0,0,0,66,6.5,0,2,11,2016,TB,LCB,24,1
137323,4283,GM-0500,2,1,0,0,0,0,0,0,0,0,0,0,4,57,2.5,0,2,7,2016,TB,LDT,93,1
137324,4283,AV-0300,1,0,0,0,0,0,2,0,0,0,0,0,10,43,3,0,2,7,2016,TB,RCB,21,1
137325,4283,TJ-0950,8,3,0,0,0,0,0,1,0,0,0,0,0,79,11.5,2,2,4,2016,ARI,SS,22,1
137326,4283,BW-2040,2,0,0,0,0,0,0,0,0,0,0,0,0,27,2,0,2,1,2016,ARI,RCB,26,1
137327,4283,TM-0850,2,0,0,0,0,0,0,0,0,0,0,0,0,53,2,0,2,4,2016,ARI,FS,32,1
137328,4283,TB-2400,9,1,0,0,0,0,1,0,0,0,0,0,0,66,10.5,0,2,9,2016,ARI,SS,27,2
137329,4283,PP-0400,4,0,0,0,0,1,0,0,0,0,0,0,0,65,6,2,2,6,2016,ARI,LCB,21,1
137330,4283,CC-4000,7,0,0,0,0,0,0,0,0,0,0,0,0,66,7,0,2,6,2016,TB,SS,23,1
137331,4283,BM-1250,4,0,0,0,0,0,1,0,0,0,0,0,0,63,5,0,2,4,2016,TB,FS,30,1
137332,4283,ES-1475,1,0,0,0,0,0,0,0,0,0,0,0,0,35,1,0,1,3,2016,ARI,LDE,91,3
137333,4283,XW-0100,1,0,0,0,0,0,0,0,0,0,0,0,0,22,1,0,1,2,2016,ARI,NT,94,2
137334,4283,CC-0200,2,1,0,0,0,0,1,0,0,0,0,0,0,48,3.5,0,2,9,2016,ARI,LDE,93,1
137335,4283,MG-0925,1,1,1,0,0,0,0,0,0,0,0,0,5,50,3.5,1,2,2,2016,ARI,WLB,44,1
137336,4283,WG-0550,2,1,0,0,0,0,0,0,0,0,0,0,0,41,2.5,0,1,4,2016,TB,LDE,92,1
137337,4283,RA-1500,2,0,0,0,0,0,0,0,0,0,0,0,0,28,2,0,2,8,2016,TB,RDE,91,1
137338,4283,KA-0625,6,1,0,0,0,0,0,0,0,0,0,0,0,65,6.5,0,2,2,2016,TB,MLB,58,1
137339,4283,MC-2570,5,2,0,0,0,2,1,0,0,1,0,0,15,65,17,10,1,4,2016,ARI,LCB,41,2
137340,4283,DB-5450,3,1,0,0,0,0,0,0,0,0,0,0,0,79,3.5,0,2,3,2016,ARI,SILB,20,1
137341,4283,JM-1650,1,1,0,0,0,0,1,0,0,0,0,0,0,34,2.5,0,2,3,2016,ARI,RDT,97,3
137342,4283,CM-1600,3,0,0,0,0,0,0,0,0,0,0,0,0,54,3,0,2,8,2016,TB,RDT,98,1
137343,4283,DS-2700,1,0,0,0,0,0,0,0,0,0,0,0,0,25,1,0,2,13,2016,TB,SLB,51,1
137344,4283,KM-1950,2,0,0,0,0,0,0,0,0,0,0,0,0,75,2,0,2,4,2016,ARI,RILB,51,1
137345,4283,NS-0712,1,0,1,0,0,0,0,0,0,0,0,0,0,24,3,1,1,1,2016,TB,RDE,57,2
137346,4283,AO-0370,1,0,0,0,0,0,0,0,0,0,0,0,0,13,1,0,1,4,2016,ARI,SAM,57,2
137347,4283,KT-0150,1,0,0,0,0,0,0,0,0,0,0,0,0,3,1,0,2,5,2016,TB,SS,37,2
137348,4283,AS-3050,1,0,0,0,0,0,0,0,0,0,0,0,0,17,1,0,1,4,2016,TB,RDT,97,2
137349,4283,CJ-2050,1,0,1,0,0,0,0,0,0,0,0,0,0,73,3,1,2,5,2016,ARI,SAM,55,1
137350,4283,DS-5150,0,0,0,0,0,1,0,0,0,0,0,0,0,30,2,2,2,4,2016,ARI,FS,36,2
137351,4284,DA-0950,7,1,0,0,0,1,2,0,0,0,0,0,0,55,11.5,2,2,4,2016,OAK,LCB,29,1
137352,4284,RN-0300,9,3,0,0,0,0,0,0,0,0,0,0,0,64,10.5,0,2,10,2016,OAK,FS,27,1
137353,4284,SM-1650,2,1,1,0,0,0,0,0,0,0,0,0,0,32,4.5,1,2,4,2016,OAK,LDT,92,2
137354,4284,KM-1150,4,2,0,0,0,0,0,0,0,0,0,0,0,62,5,0,2,3,2016,OAK,SS,39,1
137355,4284,JW-0725,1,1,0,0,0,0,1,0,0,0,0,0,5,52,2.5,0,2,1,2016,OAK,RDE,95,1
137356,4284,BH-1110,2,4,0,0,0,0,0,0,0,0,0,0,0,55,4,0,2,2,2016,OAK,MLB,50,1
137357,4284,TC-0385,0,0,0,0,0,0,0,0,0,0,0,0,0,1,0,0,2,3,2016,OAK,RCB,38,2
137358,4284,DJ-2450,6,3,0,0,0,0,0,0,0,0,0,0,0,74,7.5,0,2,1,2016,ATL,MLB,45,1
137359,4284,RA-0675,4,3,0,0,0,0,0,0,0,0,0,0,0,75,5.5,0,2,3,2016,ATL,SS,37,1
137360,4284,RA-0650,5,0,0,0,0,0,0,0,0,0,0,0,36,74,5,0,2,4,2016,ATL,LCB,23,1
137361,4284,SW-0700,6,3,0,0,0,0,0,0,0,0,0,0,0,72,7.5,0,2,7,2016,ATL,WLB,56,2
137362,4284,KI-0150,11,4,0,0,0,0,1,0,0,0,0,0,0,73,14,0,2,4,2016,ATL,FS,36,1
137363,4284,LR-0350,0,0,0,0,0,0,0,0,0,0,0,0,4,0,0,0,1,4,2016,ATL,MLB,53,3
137364,4284,KM-0050,2,2,0,0,0,0,0,0,0,0,0,0,0,61,3,0,2,3,2016,OAK,LDE,52,1
137365,4284,MS-2400,4,2,0,0,0,0,0,0,0,0,0,0,0,64,5,0,2,6,2016,OAK,WLB,53,1
137366,4284,DA-2050,0,1,0,0,0,0,0,0,0,0,0,0,0,29,0.5,0,2,3,2016,OAK,RDE,96,2
137367,4284,BI-0150,2,2,0,0,0,0,0,0,0,0,0,0,0,56,3,0,2,5,2016,OAK,SLB,51,1
137368,4284,DS-1760,0,1,0,0,0,0,0,0,0,0,0,0,5,47,0.5,0,2,5,2016,ATL,DT,90,2
137369,4284,GJ-0250,2,1,0,0,0,0,0,0,0,0,0,0,0,35,2.5,0,2,2,2016,ATL,DT,97,1
137370,4284,DT-1970,3,1,0,0,0,0,1,0,0,0,0,0,13,73,4.5,0,2,4,2016,ATL,RCB,21,1
137371,4284,DL-0418,0,1,0,0,0,0,0,0,0,0,0,0,0,15,0.5,0,2,1,2016,OAK,NT,75,2
137372,4284,SS-1700,4,1,0,0,0,0,0,0,0,0,0,0,0,64,4.5,0,2,8,2016,OAK,RCB,21,1
137373,4284,DH-2150,2,0,0,0,0,0,0,0,0,0,0,0,0,26,2,0,2,4,2016,OAK,LCB,25,2
137374,4284,VB-0075,2,0,1,0,0,0,0,0,0,0,0,0,0,36,4,1,1,2,2016,ATL,SLB,44,1
137375,4284,BP-1050,3,1,0,0,0,0,0,0,0,0,0,0,0,49,3.5,0,2,1,2016,ATL,RCB,34,2
137376,4284,TJ-0600,1,0,0,0,0,0,0,0,0,0,0,0,0,35,1,0,2,8,2016,ATL,RDE,94,1
137377,4284,DG-1300,0,0,0,0,0,0,0,0,0,0,0,0,5,3,0,0,1,10,2016,ATL,FS,38,2
137378,4284,JE-0450,1,0,0,0,0,0,0,0,0,0,0,0,0,31,1,0,2,3,2016,OAK,NT,78,1
137379,4284,PW-0700,0,1,0,0,0,0,0,0,0,0,0,0,0,24,0.5,0,2,9,2016,ATL,SLB,41,2
137380,4284,RH-0150,1,0,0,0,0,0,0,0,0,0,0,0,0,24,1,0,1,3,2016,ATL,RDE,77,2
137381,4284,AC-1500,2,0,0,0,0,0,0,0,0,0,0,0,0,39,2,0,2,6,2016,ATL,LDE,99,2
137382,4284,CJ-0675,1,1,0,0,0,0,0,0,0,0,0,0,0,11,1.5,0,2,1,2016,OAK,MLB,57,2
137383,4284,DW-3200,0,0,0,0,0,0,0,0,0,0,0,0,5,19,0,0,1,7,2016,OAK,LDT,90,1
137384,4285,RM-3850,3,0,0,0,0,0,0,0,0,0,0,0,16,55,3,0,2,4,2016,IND,LCB,30,3
137385,4285,AC-2400,6,0,0,0,0,0,0,0,0,0,0,0,18,50,6,0,2,11,2016,IND,RCB,34,2
137386,4285,SM-2950,5,0,0,0,0,0,0,0,0,0,0,0,0,59,5,0,2,4,2016,IND,ILB,51,1
137387,4285,ZK-0300,5,0,1,0,0,0,0,0,0,0,0,0,0,40,7,1,2,3,2016,IND,DT,94,1
137388,4285,HR-0100,1,1,0,0,0,0,0,0,0,0,0,0,0,21,1.5,0,2,1,2016,IND,DT,91,2
137389,4285,MA-0200,4,1,0,0,0,0,0,0,0,0,0,0,0,71,4.5,0,2,13,2016,IND,SS,29,1
137390,4285,BM-0330,4,0,0,0,0,0,1,0,0,0,0,0,5,65,5,0,2,5,2016,DEN,ILB,54,1
137391,4285,DS-4300,1,0,0,0,0,0,0,0,0,0,0,0,15,73,1,0,2,7,2016,DEN,FS,26,1
137392,4285,JC-5630,1,1,0,0,0,0,1,0,0,0,0,0,0,53,2.5,0,2,5,2016,DEN,RDE,93,1
137393,4285,TD-0725,3,2,0,0,0,0,0,0,0,0,0,0,0,40,4,0,2,3,2016,DEN,ILB,51,1
137394,4285,DK-0550,0,1,0,0,0,0,0,0,0,0,0,0,0,7,0.5,0,2,2,2016,DEN,NT,98,2
137395,4285,SR-0250,0,1,0,0,0,0,0,1,0,1,0,0,0,45,8.5,8,2,2,2016,DEN,WLB,56,2
137396,4285,DW-4250,3,1,1.5,0,0,0,1,0,0,0,0,0,0,56,7.5,1.5,2,5,2016,DEN,LDE,95,1
137397,4285,CG-0750,3,2,0,0,0,0,0,0,0,0,0,0,0,34,4,0,1,2,2016,IND,FS,26,1
137398,4285,DP-0375,5,0,0,0,0,0,0,0,0,0,0,0,0,47,5,0,2,2,2016,IND,NT,54,1
137399,4285,AT-0100,2,0,0,0,0,1,1,0,0,1,0,0,5,58,11,8,2,9,2016,DEN,LCB,21,1
137400,4285,TW-0600,8,0,0,0,0,0,1,0,0,0,0,0,9,66,9,0,2,7,2016,DEN,SS,43,1
137401,4285,VM-0300,5,2,3,0,0,0,1,0,1,0,0,0,0,51,15,3,2,6,2016,DEN,SLB,58,1
137402,4285,DM-4015,5,0,0,0,0,0,0,0,0,0,0,0,9,50,5,0,2,4,2016,IND,RCB,35,3
137403,4285,JM-3775,0,1,0,0,0,0,0,0,0,0,0,0,0,14,0.5,0,2,4,2016,IND,ILB,57,2
137404,4285,RM-1400,1,1,0,0,0,0,0,0,0,0,0,0,0,47,1.5,0,2,14,2016,IND,OLB,98,1
137405,4285,DB-6100,1,0,0,0,0,1,0,0,0,0,0,0,0,15,3,2,1,8,2016,IND,LCB,20,2
137406,4285,DJ-0500,4,0,0,0,0,0,1,0,0,0,0,0,0,66,5,0,2,11,2016,IND,ILB,52,1
137407,4285,JS-3150,4,0,0,0,0,0,0,0,0,0,0,0,0,40,4,0,2,1,2016,DEN,FS,31,2
137408,4285,DW-1100,0,1,0.5,0,0,0,0,0,0,0,0,0,0,13,1.5,0.5,2,12,2016,DEN,WLB,94,1
137409,4285,WG-0800,1,0,0,0,0,0,0,0,0,0,0,0,21,37,1,0,2,5,2016,IND,SS,27,2
137410,4285,KW-0850,0,1,0,0,0,0,0,0,0,0,0,0,0,9,0.5,0,2,4,2016,DEN,LCB,36,2
137411,4285,BW-2650,1,0,0,0,0,0,0,0,0,0,0,0,0,15,1,0,1,5,2016,DEN,LDE,97,2
137412,4285,CH-1500,3,0,0,0,0,0,0,0,0,0,0,0,0,68,3,0,2,6,2016,DEN,RCB,25,1
137413,4285,SB-0225,1,0,0,0,0,0,0,0,0,0,0,0,0,27,1,0,2,3,2016,DEN,SLB,48,2
137414,4285,AA-1900,1,0,0,0,0,0,0,0,0,0,0,0,0,23,1,0,2,6,2016,IND,OLB,56,3
137415,4285,EW-0100,3,0,0,0,0,0,0,0,0,0,0,0,0,52,3,0,2,9,2016,IND,SLB,93,1
137416,4285,MF-0150,1,0,0,0,0,0,0,0,0,0,0,0,0,5,1,0,2,1,2016,IND,FS,41,3
137417,4285,WP-0125,1,0,0,0,0,0,0,0,0,0,0,0,0,5,1,0,1,1,2016,DEN,SS,34,2
137418,4286,RM-4200,2,3,0,0,0,0,0,0,0,0,0,0,0,31,3.5,0,1,8,2016,JAC,DT,97,1
137419,4286,PP-0800,4,7,0,0,0,0,0,0,0,0,0,0,0,52,7.5,0,2,10,2016,JAC,MLB,51,1
137420,4286,TS-2050,6,3,0,0,0,0,0,0,0,0,0,0,0,61,7.5,0,2,3,2016,JAC,OLB,50,1
137421,4286,JR-0150,4,2,0,0,0,0,0,0,0,0,0,0,0,68,5,0,2,1,2016,JAC,RCB,20,1
137422,4286,JC-6400,3,4,0,0,0,0,0,1,0,0,0,0,5,64,7,2,2,4,2016,JAC,SS,37,1
137423,4286,TG-0950,2,1,0,0,0,0,0,0,0,0,0,0,0,64,2.5,0,2,5,2016,JAC,FS,39,1
137424,4286,MT-0350,1,3,0,0,0,0,0,0,0,0,0,0,0,57,2.5,0,2,4,2016,SD,LILB,50,1
137425,4286,JA-0280,4,2,0,0,0,0,1,0,0,0,0,0,0,55,6,0,2,4,2016,SD,SS,37,1
137426,4286,BF-0800,5,2,0,0,0,0,1,0,0,0,0,0,0,54,7,0,2,9,2016,SD,LCB,24,1
137427,4286,DL-2300,5,3,0,0,0,0,1,0,0,0,0,0,0,57,7.5,0,2,9,2016,SD,FS,20,1
137428,4286,MJ-0030,0,2,0,0,0,0,0,0,0,0,0,0,0,41,1,0,2,5,2016,JAC,DT,90,1
137429,4286,CH-2250,2,1,0,0,0,2,0,0,0,0,0,0,0,44,6.5,4,2,5,2016,SD,LCB,26,2
137430,4286,CL-1000,0,1,0,0,0,0,0,1,0,0,0,0,0,40,2.5,2,2,6,2016,SD,DT,94,1
137431,4286,DP-1250,3,1,0,0,0,0,1,0,0,0,0,0,14,32,4.5,0,2,2,2016,SD,RILB,52,1
137432,4286,DH-4000,1,4,0,0,0,0,0,0,0,0,0,0,13,60,3,0,2,6,2016,JAC,LCB,31,1
137433,4286,MI-0150,3,0,2,0,0,0,0,0,1,0,0,0,0,41,9,2,2,5,2016,SD,LOLB,54,1
137434,4286,JB-6825,3,2,0,0,0,0,1,0,0,0,0,0,0,31,5,0,2,1,2016,SD,LILB,57,2
137435,4286,DF-1481,4,2,2,0,0,0,0,0,0,0,0,0,0,36,9,2,2,2,2016,JAC,LDE,56,1
137436,4286,DG-2450,1,1,0,0,0,0,0,0,0,0,0,0,0,39,1.5,0,2,4,2016,JAC,LCB,27,3
137437,4286,SM-0500,0,0,0,0,0,0,0,0,0,0,0,0,2,31,0,0,2,8,2016,JAC,DT,99,2
137438,4286,YN-0100,2,1,1,0,0,0,0,0,1,0,0,0,0,42,6.5,1,2,1,2016,JAC,LDE,91,2
137439,4286,JJ-3550,0,0,0,0,0,0,0,0,0,0,0,0,8,4,0,0,1,4,2016,JAC,RCB,36,2
137440,4286,KE-0550,1,0,0,0,0,0,0,0,0,0,0,0,0,39,1,0,2,2,2016,SD,ROLB,51,1
137441,4286,JV-0425,1,1,0,0,0,0,1,0,0,0,0,0,0,54,2.5,0,2,3,2016,SD,RCB,22,1
137442,4286,TW-2650,0,0,0,0,0,0,1,0,0,0,0,0,0,23,1,0,1,4,2016,SD,ROLB,58,2
137443,4286,JO-0300,0,0,0,0,0,0,0,0,0,0,0,0,20,41,0,0,2,7,2016,JAC,RDE,75,1
137444,4286,AJ-1150,0,1,0,0,0,0,0,0,0,0,0,0,0,37,0.5,0,1,4,2016,JAC,DT,95,2
137445,4286,CR-0650,0,2,0,0,0,0,1,0,0,0,0,0,0,24,2,0,2,3,2016,SD,DT,91,2
137446,4286,MJ-0015,2,0,0,0,0,0,0,0,0,0,0,0,0,16,2,0,1,1,2016,JAC,OLB,44,2
137447,4286,DM-1250,1,0,0,0,0,0,1,0,0,0,0,0,0,14,2,0,2,1,2016,SD,FS,38,3
137448,4286,HP-0200,1,1,0,0,0,0,0,0,0,0,0,0,0,7,1.5,0,1,2,2016,JAC,MLB,52,2
137449,4286,DS-2200,0,0,0,0,0,0,0,0,0,0,0,0,10,29,0,0,2,8,2016,JAC,OLB,55,1
137450,4286,CM-0150,2,0,0,0,0,0,0,0,0,0,0,0,0,16,2,0,2,2,2016,SD,RCB,29,2
137451,4286,PD-0450,1,0,0,0,0,0,1,0,0,0,0,0,0,12,2,0,1,3,2016,SD,LCB,40,3
137452,4287,BM-0345,4,1,0,0,0,0,0,0,0,0,0,0,0,44,4.5,0,2,1,2016,GB,MLB,50,1
137453,4287,MD-0060,3,1,1,0,0,0,0,0,0,0,0,0,15,42,5.5,1,2,5,2016,GB,DT,76,1
137454,4287,DR-0450,4,0,0,0,0,0,0,0,0,0,2,0,12,58,4,0,2,2,2016,GB,LCB,23,1
137455,4287,LG-0900,1,1,0,0,0,0,0,0,0,0,0,0,0,8,1.5,0,2,9,2016,GB,NT,98,1
137456,4287,NP-0130,0,3,0.5,0,0,0,0,0,0,0,0,0,0,49,2.5,0.5,2,5,2016,GB,LOLB,53,1
137457,4287,MH-4000,2,0,0,0,0,0,0,0,0,0,0,0,0,34,2,0,2,4,2016,GB,SS,33,2
137458,4287,EK-0250,2,2,0,0,0,0,1,0,1,0,0,0,0,71,6,0,2,2,2016,MIN,MLB,54,1
137459,4287,AS-0600,8,2,0,0,0,0,0,1,0,0,0,0,0,71,11,2,2,7,2016,MIN,SS,34,1
137460,4287,LJ-1700,5,1,1,0,0,0,0,0,0,0,0,0,0,47,7.5,1,2,7,2016,MIN,NT,98,1
137461,4287,JT-1650,5,0,0,0,0,0,0,0,0,0,0,0,0,17,5,0,2,3,2016,GB,LILB,48,2
137462,4287,SS-2750,1,2,0,0,0,0,0,1,0,0,0,0,0,43,4,2,1,3,2016,MIN,NT,93,2
137463,4287,TN-0400,2,0,0,0,0,0,2,0,0,0,0,0,41,69,4,0,2,14,2016,MIN,LCB,23,1
137464,4287,AB-0650,1,1,0,0,0,0,0,0,0,0,0,0,0,71,1.5,0,2,3,2016,MIN,SLB,55,1
137465,4287,MB-5100,0,1,0,0,0,0,1,0,0,0,0,0,0,45,1.5,0,2,7,2016,GB,SS,42,1
137466,4287,LG-0950,5,0,0,0,0,0,0,0,1,0,0,0,0,35,7,0,2,2,2016,GB,RCB,36,2
137467,4287,DH-4650,3,1,1,0,0,0,0,0,1,0,0,0,0,29,7.5,1,2,2,2016,MIN,LDE,99,2
137468,4287,MS-1300,0,0,0,0,0,0,0,0,0,0,0,0,0,0,0,0,2,7,2016,MIN,RCB,35,3
137469,4287,HC-0050,2,1,0,0,0,0,0,0,0,0,0,0,0,58,2.5,0,2,3,2016,GB,FS,21,1
137470,4287,QR-0100,2,0,0,0,0,0,0,0,0,0,0,0,0,41,2,0,2,2,2016,GB,LCB,24,2
137471,4287,CM-3400,2,2,0,0,0,0,1,0,0,0,0,0,0,59,4,0,1,8,2016,MIN,RCB,24,2
137472,4287,TJ-1900,1,1,1,0,0,0,0,0,0,0,0,0,0,41,3.5,1,1,11,2016,MIN,DT,92,2
137473,4287,KC-1225,2,0,0,0,0,0,1,0,0,0,0,0,0,38,3,0,2,1,2016,GB,LDE,97,2
137474,4287,JR-3650,3,3,0,0,0,0,1,0,0,0,0,0,0,45,5.5,0,2,2,2016,GB,LILB,47,1
137475,4287,JP-2000,1,1,1.5,0,0,0,0,0,0,0,0,0,0,27,4.5,1.5,1,15,2016,GB,LOLB,56,2
137476,4287,HS-0130,5,2,0,0,0,0,0,0,0,0,0,0,0,71,6,0,2,5,2016,MIN,FS,22,1
137477,4287,CM-0900,3,0,1,0,0,0,0,0,0,0,0,0,0,38,5,1,2,8,2016,GB,ROLB,52,1
137478,4287,BR-1000,1,1,1,0,0,0,0,0,1,0,0,0,5,57,5.5,1,2,10,2016,MIN,LDE,96,1
137479,4287,TW-1187,4,0,0,0,0,1,0,0,0,0,0,0,46,67,6,2,2,2,2016,MIN,LCB,26,2
137480,4287,CG-2400,1,1,0,0,0,0,0,0,0,0,0,0,0,14,1.5,0,1,11,2016,MIN,WLB,52,1
137481,4287,EG-0900,2,0,1,0,0,0,0,0,1,0,0,0,0,63,6,1,2,7,2016,MIN,RDE,97,1
137482,4287,KF-0050,1,0,0,0,0,0,0,0,0,0,0,0,0,7,1,0,1,1,2016,GB,ROLB,51,3
137483,4287,DJ-2350,1,0,0,0,0,0,0,0,0,0,0,0,0,34,1,0,1,4,2016,GB,ROLB,95,2
137484,4287,MA-0350,0,0,0,0,0,0,0,0,0,0,0,0,5,6,0,0,1,1,2016,MIN,LCB,20,3
137485,4288,BG-1200,4,0,1,0,0,0,0,0,0,0,0,0,0,37,6,1,2,7,2016,PHI,RDE,55,1
137486,4288,MJ-0600,3,1,1,0,0,0,1,0,0,0,0,0,0,52,6.5,1,2,8,2016,PHI,S,27,1
137487,4288,TP-2000,6,0,0,0,0,0,1,0,0,0,0,0,0,60,7,0,2,9,2016,CHI,LCB,21,1
137488,4288,JG-1550,7,0,0,0,0,0,2,0,0,0,0,0,0,55,9,0,2,2,2016,CHI,LCB,39,4
137489,4288,HJ-0400,4,0,0,0,0,0,0,0,0,0,0,0,0,71,4,0,2,2,2016,CHI,SS,29,1
137490,4288,BC-0150,1,0,0,0,0,0,1,0,0,0,17,0,0,32,2,0,1,2,2016,CHI,LCB,37,2
137491,4288,WY-0300,5,2,1,0,0,0,0,0,0,0,0,0,5,54,8,1,2,7,2016,CHI,ROLB,97,1
137492,4288,AA-0543,2,0,0,0,0,0,0,0,0,0,0,0,0,39,2,0,2,2,2016,CHI,FS,38,1
137493,4288,SA-0100,2,1,1,0,0,0,0,0,0,0,0,0,0,34,4.5,1,2,6,2016,CHI,ROLB,49,2
137494,4288,RM-3050,4,0,0,0,0,0,0,0,0,0,0,0,0,50,4,0,2,5,2016,PHI,S,23,1
137495,4288,NC-0100,2,1,0,0,0,0,0,0,0,0,0,0,4,51,2.5,0,2,7,2016,PHI,RCB,22,1
137496,4288,MK-0730,3,0,0,0,0,0,0,0,0,0,0,0,0,20,3,0,1,5,2016,PHI,WLB,95,1
137497,4288,JM-4850,6,0,0,0,0,0,1,0,0,0,0,0,0,43,7,0,2,1,2016,PHI,LCB,31,2
137498,4288,RB-3350,5,0,0,0,0,0,1,1,0,0,0,0,0,42,8,2,1,5,2016,PHI,RCB,33,2
137499,4288,ST-1200,3,0,0,0,0,0,0,0,0,0,0,0,0,12,3,0,1,11,2016,PHI,MLB,50,2
137500,4288,VC-0400,2,0,0,0,0,0,0,0,0,0,0,0,0,24,2,0,2,5,2016,PHI,RDE,75,2
137501,4288,JF-3060,5,0,0,0,0,0,1,0,0,0,0,0,0,67,6,0,2,9,2016,CHI,LILB,50,1
137502,4288,AH-3050,2,0,0,0,0,0,1,0,0,0,0,0,15,57,3,0,2,5,2016,CHI,DE,96,1
137503,4288,DT-1950,4,0,0,0,0,0,0,0,0,0,0,0,0,70,4,0,2,5,2016,CHI,RILB,59,1
137504,4288,DH-0850,0,0,0,0,0,0,1,0,0,0,0,0,15,28,1,0,2,1,2016,CHI,RCB,32,2
137505,4288,BA-0350,2,0,0,0,0,0,0,0,0,0,0,0,0,11,2,0,2,3,2016,PHI,LDT,94,2
137506,4288,EG-0350,1,0,0,0,0,0,0,0,0,0,0,0,0,39,1,0,2,2,2016,CHI,NT,91,1
137507,4288,DV-0050,1,0,1,0,0,0,0,0,1,0,0,0,0,7,5,1,1,1,2016,PHI,RDT,77,2
137508,4288,JH-3675,1,0,0,0,0,0,0,1,0,0,0,0,0,39,3,2,2,2,2016,PHI,MLB,58,1
137509,4288,SM-2300,2,0,0,0,0,0,0,0,0,0,0,0,0,16,2,0,1,7,2016,CHI,LCB,27,3
137510,4288,DH-4050,0,0,0,0,0,0,0,0,0,0,0,0,10,6,0,0,2,1,2016,CHI,FS,36,3
137511,4288,CP-2500,3,0,0,0,0,0,0,0,0,0,0,0,0,25,3,0,1,6,2016,CHI,FS,31,2
137512,4288,JB-7450,1,0,0,0,0,0,0,0,0,0,0,0,0,22,1,0,1,1,2016,CHI,DE,74,2
137513,4288,LF-0450,2,0,0,0,0,0,0,0,0,0,0,0,0,51,2,0,2,1,2016,CHI,LOLB,94,2
137514,4288,NB-0500,1,0,0,0,0,1,0,0,0,0,0,0,0,50,3,2,2,5,2016,PHI,SLB,53,1
137515,4288,FC-0400,2,0,0,0,0,0,0,0,0,0,0,0,0,42,2,0,2,5,2016,PHI,RDT,91,1
137516,4288,BL-1350,1,0,0,0,0,0,0,0,1,0,0,0,0,31,3,0,1,4,2016,PHI,LDT,96,1
137517,4288,WS-0950,0,1,0,0,0,0,0,0,0,0,0,0,0,19,0.5,0,1,3,2016,CHI,NT,93,2
137518,4289,DM-1300,3,1,0,0,0,0,0,0,0,0,0,0,0,0,3.5,0,3,7,2016,NE,FS,32,1
137519,4289,AB-2700,1,2,0,0,0,0,0,0,0,0,0,0,0,0,2,0,3,10,2016,NE,DT,97,1
137520,4289,MB-3875,1,2,0,0,0,0,0,0,0,0,0,0,0,0,2,0,3,2,2016,NE,DT,90,1
137521,4289,JC-3550,8,6,0,0,0,1,0,0,0,0,0,0,0,0,13,2,3,4,2016,NE,SLB,91,1
137522,4289,JS-2100,3,0,2,0,0,0,0,0,0,0,0,0,0,0,7,2,3,6,2016,NE,RDE,93,1
137523,4289,CJ-0650,0,0,0,0,0,0,0,0,0,0,18,0,15,0,0,0,1,4,2016,HOU,RCB,31,3
137524,4289,KJ-0100,4,3,0,0,0,0,0,0,0,0,0,0,0,0,5.5,0,3,7,2016,HOU,LCB,25,1
137525,4289,JS-3250,2,1,0,0,0,0,0,0,0,0,0,0,0,0,2.5,0,3,4,2016,HOU,OLB,51,2
137526,4289,VV-0100,0,3,0,0,0,0,0,0,0,0,0,0,0,0,1.5,0,3,1,2016,NE,DT,99,2
137527,4289,SM-1050,1,2,0,0,0,0,0,0,0,0,0,0,0,0,2,0,3,5,2016,NE,WLB,58,2
137528,4289,JF-3150,4,3,0,0,0,0,0,0,0,0,0,0,0,0,5.5,0,2,6,2016,NE,WLB,55,1
137529,4289,LR-0600,3,1,0,0,0,0,1,0,0,0,0,0,0,0,4.5,0,3,4,2016,NE,RCB,26,1
137530,4289,CL-1400,0,2,0,0,0,0,1,0,0,0,0,0,0,0,2,0,3,9,2016,NE,LDE,95,1
137531,4289,MB-5250,2,2,0,0,0,0,1,0,0,0,0,0,0,0,4,0,3,3,2016,NE,LCB,21,1
137532,4289,BM-1450,6,10,1,0,0,0,0,0,0,0,0,0,0,0,13,1,3,2,2016,HOU,RILB,55,1
137533,4289,JJ-5000,2,1,0,0,0,0,1,0,0,0,0,0,12,0,3.5,0,3,11,2016,HOU,RCB,24,1
137534,4289,AH-0250,2,2,0,0,0,0,0,0,0,0,0,0,0,0,3,0,3,3,2016,HOU,FS,29,1
137535,4289,QD-0100,2,2,0,0,0,0,0,0,0,0,0,0,6,0,3,0,3,9,2016,HOU,SS,27,1
137536,4289,WM-0550,0,4,0,0,0,0,0,0,0,0,0,0,0,0,2,0,3,5,2016,HOU,SLB,59,1
137537,4289,CC-4550,0,2,0,0,0,0,0,0,0,0,0,0,0,0,1,0,2,2,2016,HOU,LDE,95,1
137538,4289,DH-1250,1,0,0,0,0,0,0,1,0,0,0,0,0,0,3,2,3,4,2016,NE,SS,30,2
137539,4289,TF-0750,3,1,0,0,0,0,1,0,0,0,0,0,0,0,4.5,0,3,2,2016,NE,LDE,98,2
137540,4289,MB-4950,3,2,0,0,0,0,0,0,0,0,0,0,0,0,4,0,3,3,2016,HOU,LILB,53,2
137541,4289,VW-0200,2,5,0,0,0,0,0,0,0,0,0,0,0,0,4.5,0,3,13,2016,HOU,NT,75,1
137542,4289,PC-0300,3,1,0,0,0,0,0,0,0,0,0,0,0,0,3.5,0,3,8,2016,NE,SS,23,1
137543,4289,CJ-2350,1,1,0,0,0,0,0,0,0,0,47,0,0,0,1.5,0,2,1,2016,NE,RCB,24,2
137544,4289,KJ-0650,0,1,0,0,0,0,0,0,0,0,0,0,0,0,0.5,0,3,2,2016,HOU,LCB,30,2
137545,4289,AB-2250,0,1,0,0,0,0,0,0,0,0,0,0,1,0,0.5,0,3,4,2016,HOU,RCB,21,2
137546,4289,JW-1100,0,2,0,0,0,0,0,0,0,0,0,0,0,0,1,0,3,6,2016,HOU,RDE,99,1
137547,4289,JC-3350,1,1,0,0,0,0,0,0,0,0,0,0,0,0,1.5,0,3,3,2016,HOU,OLB,90,1
137548,4289,JR-2150,0,0,0,0,0,0,0,1,0,0,0,0,0,0,2,2,1,2,2016,NE,SS,37,3
137549,4289,NE-0250,0,0,0,0,0,0,0,0,1,0,0,0,0,0,2,0,1,5,2016,NE,FS,43,2
137550,4289,DR-0625,1,1,0,0,0,0,0,0,0,0,0,0,0,0,1.5,0,2,1,2016,HOU,NT,98,2
137551,4289,AJ-1050,2,1,0,0,0,0,0,0,0,0,0,0,0,0,2.5,0,2,3,2016,NE,DT,65,2
137552,4289,BS-0850,1,0,0,0,0,0,0,0,0,0,0,0,0,0,1,0,1,1,2016,HOU,SLB,57,2
137553,4289,JH-3220,0,1,0,0,0,0,0,0,0,0,0,0,0,0,0.5,0,1,1,2016,HOU,LDE,93,2
137554,4289,AD-1100,0,1,0,0,0,0,0,0,0,0,0,0,0,0,0.5,0,1,6,2016,HOU,LILB,50,3
