uid,gid,fpid,tname,drvn,obt,qtr,min,sec,yfog,plays,succ,rfd,pfd,ofd,ry,ra,py,pa,pc,peyf,peya,net,res
99650,4257,697182,DEN,1,KOFF,1,3,23,25,8,5,2,2,0,18,3,28,5,3,0,0,46,FUM
99651,4257,697190,CAR,1,FUM,1,4,24,29,8,5,2,2,1,40,5,31,3,2,0,15,71,TD
99652,4257,697200,DEN,2,KOFF,1,6,10,25,11,5,0,4,0,10,5,40,6,4,0,0,50,INT
99653,4257,697211,CAR,2,INT,1,1,11,36,3,0,0,0,0,4,1,1,2,1,0,0,5,PUNT
99654,4257,697215,DEN,3,PUNT,2,2,36,20,5,4,2,1,0,65,4,15,1,1,5,0,80,TD
99655,4257,697222,CAR,3,KOFF,2,9,15,11,18,12,3,4,0,31,9,56,9,6,2,0,89,TD
99656,4257,697243,DEN,4,KOFF,2,1,16,25,3,0,0,0,0,3,2,0,1,0,0,0,3,PUNT
99657,4257,697247,CAR,4,PUNT,2,1,42,22,7,5,2,1,0,24,3,23,3,2,5,0,52,FG
99658,4257,697256,DEN,5,KOFF,2,0,3,25,1,0,0,0,0,-1,1,0,0,0,0,0,-1,ENDQ
99659,4257,697258,CAR,5,KOFF,3,3,36,25,5,3,1,0,0,19,5,0,0,0,0,0,19,PUNT
99660,4257,697264,DEN,6,PUNT,3,2,14,20,4,2,1,1,1,12,2,23,2,1,15,0,50,INT
99661,4257,697269,CAR,6,INT,3,1,40,11,3,1,0,0,0,7,1,-7,2,0,0,0,0,PUNT
99662,4257,697273,DEN,7,PUNT,3,1,51,14,3,0,0,0,0,1,1,0,2,2,0,0,1,PUNT
99663,4257,697277,CAR,7,PUNT,3,1,41,39,3,0,0,0,0,0,0,13,3,1,0,20,-7,PUNT
99664,4257,697283,DEN,8,PUNT,3,4,8,22,8,7,2,3,0,21,2,57,6,6,0,0,78,TD
99665,4257,697293,CAR,8,KOFF,4,0,43,25,2,1,0,0,0,6,1,0,1,0,0,15,6,INT
99666,4257,697295,DEN,9,INT,4,4,41,77,10,4,3,0,0,17,7,6,3,1,0,0,23,TD
99667,4257,697307,CAR,9,KOFF,4,5,5,25,10,6,0,3,0,16,5,41,4,3,0,0,57,FG
99668,4257,697318,DEN,10,KOFF,4,1,15,25,3,0,0,0,0,3,1,-10,2,0,0,0,-7,PUNT
99669,4257,697322,CAR,10,PUNT,4,3,2,40,12,3,0,2,0,10,2,18,9,3,5,5,28,MFG
99670,4257,697337,DEN,11,MFG,4,0,4,40,1,0,0,0,0,-1,1,0,0,0,0,0,-1,ENDQ
99671,4258,697339,BAL,1,KOFF,1,3,16,14,5,3,0,1,0,6,3,14,2,2,0,5,20,PUNT
99672,4258,697346,BUF,1,PUNT,1,2,11,32,3,0,0,0,0,-6,1,-2,2,2,0,0,-8,PUNT
99673,4258,697350,BAL,2,PUNT,1,2,33,34,5,2,1,1,0,0,1,25,4,3,0,10,15,FUM
99674,4258,697357,BUF,2,FUM,1,1,38,53,3,1,0,0,1,-1,1,5,2,1,0,5,4,PUNT
99675,4258,697362,BAL,3,PUNT,1,4,47,9,9,4,1,2,0,13,4,56,4,3,0,10,59,FG
99676,4258,697373,BUF,3,KOFF,1,2,36,25,6,1,0,1,0,5,1,6,5,3,0,0,11,PUNT
99677,4258,697380,BAL,4,PUNT,2,2,48,15,6,5,1,1,0,20,3,70,3,2,15,5,85,TD
99678,4258,697389,BUF,4,KOFF,2,7,9,25,12,8,3,2,0,38,8,47,4,3,0,10,75,TD
99679,4258,697404,BAL,5,KOFF,2,3,2,23,9,4,0,2,0,8,2,13,7,3,0,0,21,ENDQ
99680,4258,697414,BUF,5,KOFF,3,6,23,25,11,6,2,1,0,15,6,24,4,3,5,0,44,MFG
99681,4258,697425,BAL,6,MFG,3,1,5,39,3,1,0,0,0,8,1,0,2,0,0,0,8,PUNT
99682,4258,697429,BUF,6,PUNT,3,3,23,28,5,3,0,1,0,6,4,11,1,1,0,0,17,PUNT
99683,4258,697435,BAL,7,PUNT,3,3,33,9,7,2,0,2,2,-2,1,21,6,6,30,0,49,DWNS
99684,4258,697443,BUF,7,DWNS,3,1,24,42,3,0,0,0,0,2,1,7,2,1,0,0,9,PUNT
99685,4258,697447,BAL,8,PUNT,4,1,21,30,3,0,0,0,0,0,1,-8,2,0,0,0,-8,PUNT
99686,4258,697451,BUF,8,PUNT,4,1,13,35,3,0,0,0,0,6,2,0,1,0,0,0,6,PUNT
99687,4258,697455,BAL,9,PUNT,4,5,59,22,13,4,0,3,1,11,4,34,8,4,14,0,59,FG
99688,4258,697470,BUF,9,KOFF,4,1,10,22,3,1,0,0,0,0,0,-3,3,1,0,5,-8,PUNT
99689,4258,697475,BAL,10,PUNT,4,4,29,36,8,3,2,0,0,19,8,0,0,0,0,0,19,ENDQ
99690,4259,697484,HOU,1,KOFF,1,3,31,27,7,4,1,1,0,27,4,12,3,2,0,0,39,INT
99691,4259,697491,CHI,1,INT,1,4,31,25,8,6,1,3,1,12,5,48,3,3,20,5,75,TD
99692,4259,697503,HOU,2,KOFF,1,2,42,24,3,0,0,0,0,18,2,-6,1,1,0,14,-2,PUNT
99693,4259,697509,CHI,2,PUNT,1,1,32,60,4,1,0,0,0,4,2,5,2,1,0,0,9,DWNS
99694,4259,697513,HOU,3,DWNS,1,6,19,31,14,8,2,2,0,35,6,34,7,5,0,10,59,FG
99695,4259,697529,CHI,3,KOFF,2,3,22,10,6,4,0,1,0,11,2,2,4,2,0,0,13,PUNT
99696,4259,697536,HOU,4,PUNT,2,4,49,39,10,7,1,3,0,18,5,43,5,4,0,0,61,TD
99697,4259,697548,CHI,4,KOFF,2,1,28,22,4,2,0,1,0,-1,1,21,3,2,0,0,20,PUNT
99698,4259,697553,HOU,5,PUNT,2,1,8,17,3,0,0,0,0,5,1,-7,2,0,0,0,-2,PUNT
99699,4259,697557,CHI,5,PUNT,2,0,31,25,3,3,1,2,0,12,1,73,2,2,0,10,75,TD
99700,4259,697563,HOU,6,KOFF,2,0,7,27,1,0,0,0,0,-1,1,0,0,0,0,0,-1,ENDQ
99701,4259,697565,CHI,6,KOFF,3,0,53,17,2,1,0,0,0,5,1,0,1,0,0,0,5,INT
99702,4259,697567,HOU,7,INT,3,1,50,75,5,1,0,1,0,0,0,25,4,2,0,10,15,FG
99703,4259,697574,CHI,7,KOFF,3,1,17,25,3,0,0,0,0,-1,1,-1,2,0,0,0,-2,PUNT
99704,4259,697578,HOU,8,PUNT,3,1,4,31,3,0,0,0,0,-4,1,0,2,0,0,0,-4,PUNT
99705,4259,697582,CHI,8,PUNT,3,2,14,39,4,2,1,0,0,23,3,0,1,0,0,0,23,PUNT
99706,4259,697587,HOU,9,PUNT,3,4,11,9,6,2,0,1,0,5,2,16,4,3,0,0,21,PUNT
99707,4259,697594,CHI,9,PUNT,3,0,55,14,3,1,0,0,0,4,1,0,2,0,0,0,4,PUNT
99708,4259,697598,HOU,10,PUNT,3,4,52,36,9,5,1,2,0,8,5,51,4,3,5,0,64,TD
99709,4259,697610,CHI,10,KOFF,4,3,43,17,6,2,0,1,0,4,3,15,3,2,0,0,19,PUNT
99710,4259,697617,HOU,11,PUNT,4,2,51,34,7,3,0,1,0,11,3,35,3,1,0,0,46,FG
99711,4259,697625,CHI,11,KOFF,4,1,25,26,3,1,0,0,0,0,0,-2,3,1,0,0,-2,PUNT
99712,4259,697629,HOU,12,PUNT,4,2,45,24,6,1,0,1,0,8,4,12,2,1,0,0,20,PUNT
99713,4259,697636,CHI,12,PUNT,4,1,50,21,8,2,0,2,0,0,0,24,8,3,0,0,24,DWNS
99714,4259,697644,HOU,13,DWNS,4,0,10,55,1,0,0,0,0,-1,1,0,0,0,0,0,-1,ENDQ
99715,4260,697646,CIN,1,KOFF,1,2,31,25,3,1,0,0,0,1,1,7,2,1,0,5,3,PUNT
99716,4260,697651,NYJ,1,PUNT,1,4,49,22,10,6,2,3,1,24,4,40,6,4,14,0,78,TD
99717,4260,697664,CIN,2,KOFF,1,1,38,21,4,1,0,1,0,0,0,10,4,1,0,0,10,INT
99718,4260,697668,NYJ,2,INT,1,2,20,65,7,1,0,1,0,2,1,24,5,2,5,0,31,BLFG
99719,4260,697676,CIN,3,BLFG,1,2,13,20,6,2,0,1,0,11,2,54,3,1,0,0,65,FG
99720,4260,697683,NYJ,3,KOFF,1,2,55,23,5,2,0,1,0,3,2,23,3,2,0,10,16,PUNT
99721,4260,697690,CIN,4,PUNT,2,2,11,22,4,2,0,2,0,4,1,74,3,3,0,0,78,TD
99722,4260,697696,NYJ,4,KOFF,2,1,45,61,5,2,1,1,1,9,2,15,3,1,15,0,39,TD
99723,4260,697704,CIN,5,KOFF,2,1,37,25,3,0,0,0,0,0,0,-10,3,0,0,0,-10,PUNT
99724,4260,697708,NYJ,5,PUNT,2,4,42,45,9,3,1,1,0,19,4,9,4,3,0,0,28,FG
99725,4260,697718,CIN,6,KOFF,2,3,19,15,12,7,1,3,1,6,2,51,9,8,25,0,82,FG
99726,4260,697732,NYJ,6,KOFF,3,3,11,11,5,1,0,1,0,3,2,9,3,1,0,0,12,PUNT
99727,4260,697738,CIN,7,PUNT,3,1,56,36,3,0,0,0,0,3,1,-3,2,1,0,5,-5,PUNT
99728,4260,697743,NYJ,7,PUNT,3,2,35,16,5,2,0,1,0,0,1,25,4,2,0,0,23,PUNT
99729,4260,697749,CIN,8,PUNT,3,4,9,8,9,5,2,2,0,8,5,84,4,3,0,0,92,TD
99730,4260,697760,NYJ,8,KOFF,3,6,43,25,12,7,4,0,0,73,9,0,2,1,0,0,73,FG
99731,4260,697773,CIN,9,KOFF,4,2,24,25,6,3,1,1,0,17,2,24,3,1,0,0,41,MFG
99732,4260,697779,NYJ,9,MFG,4,5,39,42,9,4,0,2,0,19,5,43,3,3,0,10,52,FG
99733,4260,697790,CIN,10,KOFF,4,2,29,16,9,5,1,2,1,7,4,33,4,4,15,0,55,FG
99734,4260,697800,NYJ,10,KOFF,4,0,14,25,3,0,0,0,0,0,0,0,3,0,0,15,0,INT
99735,4260,697803,CIN,11,INT,4,0,40,75,1,0,0,0,0,0,1,0,0,0,0,0,0,ENDQ
99736,4261,697805,PHI,1,KOFF,1,5,10,25,9,6,0,4,1,13,4,57,5,4,5,0,75,TD
99737,4261,697817,CLE,1,KOFF,1,1,19,25,3,0,0,0,0,5,2,0,1,0,0,0,5,PUNT
99738,4261,697821,PHI,2,PUNT,1,2,16,26,5,1,0,0,0,7,2,0,3,0,5,5,7,PUNT
99739,4261,697829,CLE,2,PUNT,1,1,59,20,3,0,0,0,0,1,1,2,2,2,0,0,3,PUNT
99740,4261,697833,PHI,3,PUNT,1,3,29,58,6,3,1,0,0,18,4,-4,1,0,0,0,14,MFG
99741,4261,697839,CLE,3,MFG,1,1,3,36,4,1,0,0,0,-7,2,6,2,1,0,0,-1,DWNS
99742,4261,697843,PHI,4,DWNS,2,2,14,65,5,1,0,1,0,3,2,28,2,1,0,0,31,FG
99743,4261,697849,CLE,4,KOFF,2,3,19,25,7,4,1,3,0,3,2,71,5,3,6,5,75,TD
99744,4261,697860,PHI,5,KOFF,2,1,36,23,3,1,0,0,0,1,1,4,2,1,0,0,5,PUNT
99745,4261,697864,CLE,5,PUNT,2,3,52,20,7,5,1,2,0,27,4,25,3,2,0,0,52,INT
99746,4261,697871,PHI,6,INT,2,3,16,21,11,4,1,3,0,21,3,39,7,4,0,0,60,FG
99747,4261,697883,CLE,6,KOFF,2,0,27,25,4,2,1,0,0,19,2,14,2,1,0,0,33,ENDQ
99748,4261,697888,CLE,7,KOFF,3,1,3,25,5,1,0,1,0,0,1,58,3,1,0,0,58,FG
99749,4261,697894,PHI,7,KOFF,3,3,3,25,6,2,0,1,0,5,2,28,4,2,0,10,23,PUNT
99750,4261,697902,CLE,8,PUNT,3,0,5,15,1,0,0,0,0,0,1,0,0,0,0,0,0,SAF
99751,4261,697904,PHI,8,KOFF,3,4,32,27,9,5,1,3,0,7,2,66,7,5,0,0,73,TD
99752,4261,697915,CLE,9,KOFF,3,2,53,25,4,1,1,0,0,10,1,3,3,1,5,0,18,PUNT
99753,4261,697921,PHI,9,PUNT,3,3,33,21,6,4,1,1,0,31,4,11,2,1,0,0,36,PUNT
99754,4261,697928,CLE,10,PUNT,4,1,2,1,3,0,0,0,0,0,0,3,3,1,0,0,3,PUNT
99755,4261,697932,PHI,10,PUNT,4,2,16,53,3,0,0,0,0,3,2,9,1,1,0,10,2,PUNT
99756,4261,697937,CLE,11,PUNT,4,1,36,20,3,0,0,0,0,11,1,-10,2,0,0,0,1,PUNT
99757,4261,697941,PHI,11,PUNT,4,5,31,29,8,4,1,1,0,9,3,32,5,3,0,10,31,PUNT
99758,4261,697952,CLE,12,PUNT,4,0,50,8,4,0,0,0,0,11,1,-4,3,0,0,0,7,DWNS
99759,4261,697956,PHI,12,DWNS,4,2,24,85,5,5,2,0,0,15,5,0,0,0,0,0,15,TD
99760,4261,697964,CLE,13,KOFF,4,1,12,25,3,2,2,0,0,40,3,0,0,0,0,0,40,ENDQ
99761,4262,697968,JAC,1,KOFF,1,2,19,18,5,2,1,0,0,13,3,0,2,0,0,0,13,INT
99762,4262,697973,GB,1,INT,1,3,5,71,6,2,2,0,0,13,4,11,2,2,5,0,29,TD
99763,4262,697982,JAC,2,KOFF,1,3,40,25,6,2,0,1,0,-4,2,9,4,2,9,0,14,PUNT
99764,4262,697991,GB,2,PUNT,1,0,52,3,3,0,0,0,0,3,1,0,2,0,0,0,3,PUNT
99765,4262,697995,JAC,3,PUNT,1,1,24,52,3,3,1,1,0,11,2,37,1,1,0,0,48,TD
99766,4262,698000,GB,3,KOFF,1,1,30,25,3,0,0,0,0,6,2,0,1,0,0,0,6,PUNT
99767,4262,698004,JAC,4,PUNT,1,2,10,21,3,1,0,0,0,0,2,9,1,1,0,0,9,PUNT
99768,4262,698008,GB,4,PUNT,2,1,20,3,3,0,0,0,0,-1,1,0,2,0,5,0,4,PUNT
99769,4262,698013,JAC,5,PUNT,2,5,52,47,12,4,1,2,0,1,4,49,7,5,0,5,45,FG
99770,4262,698027,GB,5,KOFF,2,4,43,25,9,9,1,4,0,17,3,58,6,6,0,0,75,TD
99771,4262,698038,JAC,6,KOFF,2,1,56,25,7,4,0,4,0,2,2,73,5,4,0,0,75,TD
99772,4262,698047,GB,6,KOFF,2,0,56,25,5,3,0,2,0,0,0,45,5,3,30,0,75,TD
99773,4262,698055,JAC,7,KOFF,2,0,13,25,1,0,0,0,0,-1,1,0,0,0,0,0,-1,ENDQ
99774,4262,698057,GB,7,KOFF,3,4,48,25,13,4,0,3,0,7,2,66,10,6,0,5,68,FG
99775,4262,698072,JAC,8,KOFF,3,3,57,25,10,3,1,1,0,16,5,38,4,1,0,0,54,FG
99776,4262,698083,GB,8,KOFF,3,9,14,25,16,7,3,1,0,45,9,19,6,3,9,0,73,FG
99777,4262,698103,JAC,9,KOFF,4,6,49,31,14,5,0,3,0,10,4,32,9,4,0,5,37,FG
99778,4262,698119,GB,9,KOFF,4,1,55,18,3,1,0,0,0,6,2,0,1,0,0,5,1,PUNT
99779,4262,698124,JAC,10,PUNT,4,3,3,37,10,4,0,2,0,0,1,53,9,6,5,10,48,DWNS
99780,4262,698136,GB,10,DWNS,4,0,14,15,1,0,0,0,0,-1,1,0,0,0,0,0,-1,ENDQ
99781,4263,698138,TEN,1,KOFF,1,4,34,29,9,5,2,1,0,23,5,12,4,1,0,0,35,PUNT
99782,4263,698148,MIN,1,PUNT,1,1,17,20,3,0,0,0,0,1,1,5,2,1,0,0,6,PUNT
99783,4263,698152,TEN,2,PUNT,1,4,24,37,8,5,0,2,0,13,4,40,3,2,0,0,53,FG
99784,4263,698161,MIN,2,KOFF,1,7,32,25,15,8,2,3,0,23,8,43,6,4,0,10,56,MFG
99785,4263,698177,TEN,3,MFG,2,4,20,27,6,4,0,1,0,6,3,27,3,3,0,5,28,PUNT
99786,4263,698185,MIN,3,PUNT,2,2,58,10,5,1,0,1,0,2,1,39,4,3,0,14,27,PUNT
99787,4263,698192,TEN,4,PUNT,2,4,14,27,13,8,0,5,0,6,2,67,11,7,0,0,73,TD
99788,4263,698207,MIN,4,KOFF,2,0,41,25,8,2,0,2,0,0,0,37,7,3,0,0,37,MFG
99789,4263,698216,MIN,5,KOFF,3,1,4,66,4,0,0,0,0,2,1,0,2,0,0,0,2,FG
99790,4263,698221,TEN,5,KOFF,3,2,26,20,3,2,0,0,0,3,2,6,1,1,0,0,9,PUNT
99791,4263,698225,MIN,6,PUNT,3,5,31,27,11,4,1,3,0,19,6,39,4,3,0,0,58,FG
99792,4263,698237,TEN,6,KOFF,3,4,35,34,8,5,0,2,0,6,2,36,6,4,0,0,42,INT
99793,4263,698247,TEN,7,KOFF,3,1,2,25,3,0,0,0,0,4,1,0,2,0,0,5,-1,PUNT
99794,4263,698252,MIN,7,PUNT,3,4,5,31,10,5,0,2,0,2,3,40,6,3,0,0,42,FG
99795,4263,698263,TEN,8,KOFF,4,0,14,25,1,0,1,0,0,0,1,0,0,0,0,0,0,FUM
99796,4263,698266,TEN,9,KOFF,4,1,23,25,3,1,1,1,0,3,2,15,1,1,0,0,18,FUM
99797,4263,698269,MIN,8,FUM,4,1,26,54,3,0,0,0,1,5,2,0,1,0,0,0,5,PUNT
99798,4263,698273,TEN,10,PUNT,4,1,5,15,3,0,0,0,0,0,0,-10,3,0,0,0,-10,PUNT
99799,4263,698277,MIN,9,PUNT,4,4,33,43,7,3,0,1,0,12,5,33,1,1,0,0,45,FG
99800,4263,698285,TEN,11,KOFF,4,2,8,26,10,6,0,4,0,0,0,59,9,6,15,0,74,TD
99801,4263,698297,MIN,10,KOFF,4,0,28,50,1,0,0,0,0,-1,1,0,0,0,0,0,-1,ENDQ
99802,4264,698299,NO,1,KOFF,1,0,15,25,3,0,0,1,0,0,0,-4,3,0,0,0,-4,FUM
99803,4264,698302,OAK,1,FUM,1,2,22,79,4,0,0,0,1,1,1,1,2,2,0,10,-8,FG
99804,4264,698308,NO,2,KOFF,1,5,52,11,13,7,2,3,0,21,5,57,7,4,0,13,65,FG
99805,4264,698322,OAK,2,KOFF,1,4,48,9,7,6,1,3,0,15,3,81,4,4,0,5,91,TD
99806,4264,698332,NO,3,KOFF,1,4,46,25,9,6,1,2,0,11,3,63,6,5,1,0,75,TD
99807,4264,698344,OAK,3,KOFF,2,2,56,15,6,1,1,0,0,13,4,0,2,0,10,0,23,PUNT
99808,4264,698352,NO,4,PUNT,2,4,6,20,8,6,1,4,0,13,4,67,4,4,0,0,80,TD
99809,4264,698362,OAK,4,KOFF,2,2,15,24,3,1,0,0,0,9,1,10,2,1,0,10,9,PUNT
99810,4264,698367,NO,5,PUNT,2,1,29,32,7,4,1,0,0,3,2,13,5,2,5,5,21,PUNT
99811,4264,698377,OAK,5,PUNT,2,1,11,18,7,5,1,1,0,2,1,45,6,5,0,0,47,ENDQ
99812,4264,698385,OAK,6,KOFF,3,1,31,25,3,1,0,0,0,7,2,0,1,0,0,0,7,PUNT
99813,4264,698389,NO,6,PUNT,3,2,6,10,3,0,0,0,0,-1,1,11,2,2,0,5,5,PUNT
99814,4264,698394,OAK,7,PUNT,3,3,20,30,7,4,1,1,0,12,3,13,4,2,0,0,25,PUNT
99815,4264,698402,NO,7,PUNT,3,0,11,2,1,1,0,1,0,0,0,98,1,1,0,0,98,TD
99816,4264,698405,OAK,8,KOFF,3,4,41,25,12,6,1,3,0,9,4,58,7,4,0,5,62,FG
99817,4264,698419,NO,8,KOFF,3,4,29,24,10,5,1,2,0,14,3,29,6,5,0,0,43,MFG
99818,4264,698429,OAK,9,MFG,4,1,49,40,5,3,1,2,0,2,1,68,3,2,0,10,60,TD
99819,4264,698436,NO,9,KOFF,4,3,11,29,6,2,1,0,1,23,3,6,2,1,40,0,69,FG
99820,4264,698445,OAK,10,KOFF,4,0,16,25,3,2,1,0,0,75,1,0,1,0,0,0,75,TD
99821,4264,698449,NO,10,KOFF,4,2,23,16,3,3,0,2,0,4,1,45,2,2,11,0,84,TD
99822,4264,698455,OAK,11,KOFF,4,5,16,25,12,6,1,3,2,22,5,43,6,4,10,15,75,TD
99823,4264,698470,NO,11,KOFF,4,0,47,23,6,2,0,2,0,0,0,34,5,2,0,0,34,MFG
99824,4265,698477,KC,1,KOFF,1,3,9,25,7,4,0,2,0,6,2,40,4,3,0,0,46,FG
99825,4265,698485,SD,1,KOFF,1,3,24,25,6,4,2,2,0,22,4,47,2,2,6,0,75,TD
99826,4265,698494,KC,2,KOFF,1,2,30,25,6,2,1,1,0,12,2,13,4,1,5,0,30,PUNT
99827,4265,698503,SD,2,PUNT,1,6,51,20,13,11,4,2,0,44,7,36,6,4,0,0,80,TD
99828,4265,698518,KC,3,KOFF,2,2,40,25,3,0,0,0,0,10,1,-23,2,0,0,5,-18,PUNT
99829,4265,698523,SD,3,PUNT,2,3,32,62,6,4,0,3,1,0,1,33,5,5,15,10,38,TD
99830,4265,698532,KC,4,KOFF,2,4,15,25,6,3,1,0,0,6,4,13,2,2,0,0,19,PUNT
99831,4265,698539,SD,4,PUNT,2,2,41,6,8,4,0,2,0,3,1,35,7,5,0,0,38,PUNT
99832,4265,698549,KC,5,PUNT,2,0,50,25,5,2,0,1,0,0,0,28,5,3,0,0,28,PUNT
99833,4265,698555,SD,5,PUNT,2,0,8,22,1,0,0,0,0,-1,1,0,0,0,0,0,-1,ENDQ
99834,4265,698557,SD,6,KOFF,3,2,37,27,4,3,1,0,0,24,3,6,1,1,0,5,30,PUNT
99835,4265,698563,KC,6,PUNT,3,2,21,11,3,1,0,0,0,-1,1,-3,2,1,0,0,-4,PUNT
99836,4265,698567,SD,7,PUNT,3,4,0,55,9,5,2,1,0,29,5,5,3,1,0,0,34,FG
99837,4265,698577,KC,7,KOFF,3,3,15,25,7,4,0,3,0,-4,1,79,6,5,0,0,75,TD
99838,4265,698586,SD,8,KOFF,3,4,23,25,9,4,1,1,0,9,3,51,5,3,5,0,65,FG
99839,4265,698597,KC,8,KOFF,4,0,31,25,2,1,0,1,0,0,0,12,2,1,0,0,12,INT
99840,4265,698599,SD,9,INT,4,1,33,56,4,1,0,0,0,8,2,0,1,0,0,0,8,MFG
99841,4265,698603,KC,9,MFG,4,2,2,44,7,5,0,4,0,0,0,56,7,6,0,5,-44,TD
99842,4265,698613,SD,10,KOFF,4,2,29,17,4,3,0,1,0,7,2,20,2,1,0,0,27,PUNT
99843,4265,698618,KC,10,PUNT,4,3,40,23,12,6,1,2,0,21,2,41,9,5,0,0,62,FG
99844,4265,698631,SD,11,KOFF,4,1,20,25,3,0,0,0,0,2,1,-2,2,2,0,0,0,PUNT
99845,4265,698635,KC,11,PUNT,4,0,46,58,4,3,1,2,0,5,1,32,3,3,5,0,42,TD
99846,4265,698641,SD,12,KOFF,4,1,3,25,5,1,0,1,0,8,2,2,3,1,0,0,10,PUNT
99847,4265,698648,KC,12,KOFF,5,5,36,30,10,7,2,3,0,28,5,42,5,4,0,0,70,TD
99848,4266,698659,ATL,1,KOFF,1,2,6,19,3,0,0,0,0,1,2,8,1,1,0,0,9,PUNT
99849,4266,698663,TB,1,PUNT,1,3,2,38,7,1,1,0,1,8,3,4,3,1,25,0,37,FG
99850,4266,698672,ATL,2,KOFF,1,2,44,25,5,2,0,1,0,0,0,59,4,3,0,0,59,FG
99851,4266,698678,TB,2,KOFF,1,1,34,25,3,0,0,0,0,0,1,7,2,1,0,0,7,PUNT
99852,4266,698682,ATL,3,PUNT,1,1,16,36,3,0,0,0,0,6,2,0,1,0,0,0,6,PUNT
99853,4266,698686,TB,3,PUNT,1,1,47,9,2,1,0,0,0,5,1,0,1,0,0,10,-5,INT
99854,4266,698690,ATL,4,INT,1,2,20,87,4,4,0,2,0,3,1,19,3,3,0,9,13,TD
99855,4266,698698,TB,4,KOFF,1,4,46,25,9,7,1,3,1,11,3,59,6,6,5,0,75,TD
99856,4266,698710,ATL,5,KOFF,2,3,31,25,6,2,0,2,0,1,3,30,3,2,0,0,31,PUNT
99857,4266,698717,TB,5,PUNT,2,1,55,9,3,0,0,0,0,3,1,6,2,2,0,9,9,PUNT
99858,4266,698721,ATL,6,PUNT,2,3,14,39,7,1,0,1,0,8,3,42,3,2,0,5,45,FG
99859,4266,698730,TB,6,KOFF,2,1,31,25,10,7,0,4,0,0,0,75,10,7,0,0,75,TD
99860,4266,698742,ATL,7,KOFF,2,0,14,25,1,0,0,0,0,-1,1,0,0,0,0,0,-1,ENDQ
99861,4266,698744,TB,7,KOFF,3,2,6,25,4,3,0,3,0,3,1,72,3,3,0,0,75,TD
99862,4266,698750,ATL,8,KOFF,3,4,26,21,7,3,0,2,0,7,2,22,5,4,15,15,44,PUNT
99863,4266,698758,TB,8,PUNT,3,3,16,8,8,4,2,2,1,32,5,45,3,1,15,0,92,TD
99864,4266,698768,ATL,9,KOFF,3,3,37,29,10,7,1,3,0,8,2,63,7,5,0,0,71,TD
99865,4266,698779,TB,9,KOFF,3,1,43,25,3,1,0,0,0,0,2,8,1,1,0,0,8,PUNT
99866,4266,698783,ATL,10,PUNT,4,3,19,15,6,4,1,1,0,17,2,13,4,2,0,0,30,PUNT
99867,4266,698790,TB,10,PUNT,4,1,44,8,3,0,0,0,0,4,2,0,1,0,0,0,4,PUNT
99868,4266,698794,ATL,11,PUNT,4,4,54,40,11,4,0,3,0,2,4,47,6,4,0,0,49,FG
99869,4266,698806,TB,11,KOFF,4,3,3,17,8,4,1,1,0,28,7,5,1,1,0,0,33,PUNT
99870,4266,698815,ATL,12,PUNT,4,0,42,9,5,1,0,1,0,0,0,19,5,1,0,0,19,DWNS
99871,4266,698820,TB,12,DWNS,4,1,10,72,2,0,0,0,0,-4,2,0,0,0,0,0,-4,ENDQ
99872,4267,698823,SEA,1,KOFF,1,1,57,25,5,3,0,1,0,0,0,19,5,3,0,0,19,PUNT
99873,4267,698829,MIA,1,PUNT,1,1,44,19,3,1,0,0,0,8,1,-3,2,2,0,0,5,PUNT
99874,4267,698833,SEA,2,PUNT,1,6,8,33,12,4,1,3,0,17,4,34,7,5,0,5,46,FG
99875,4267,698847,MIA,2,KOFF,1,4,2,20,7,1,0,1,0,5,3,58,4,4,0,0,63,DWNS
99876,4267,698854,SEA,3,DWNS,1,2,0,17,3,1,0,0,0,9,3,0,0,0,0,0,9,PUNT
99877,4267,698858,MIA,3,PUNT,2,1,43,29,3,0,0,0,0,0,0,2,3,1,0,0,2,PUNT
99878,4267,698862,SEA,4,PUNT,2,1,35,18,3,1,0,0,0,5,2,0,1,0,0,0,5,INT
99879,4267,698865,MIA,4,INT,2,2,6,58,6,2,1,0,0,19,3,0,2,0,0,0,19,FG
99880,4267,698872,SEA,5,KOFF,2,3,5,25,6,1,0,1,0,3,1,23,5,3,0,10,16,PUNT
99881,4267,698880,MIA,5,PUNT,2,1,19,27,4,2,1,0,0,16,2,0,2,0,0,0,16,PUNT
99882,4267,698885,SEA,6,PUNT,2,0,53,20,4,1,0,0,0,8,1,0,3,0,0,10,-2,PUNT
99883,4267,698890,MIA,6,PUNT,2,1,36,38,3,0,0,0,0,0,1,6,2,1,0,5,1,PUNT
99884,4267,698895,SEA,7,PUNT,2,1,52,8,10,7,0,4,0,15,2,63,7,5,0,6,72,FG
99885,4267,698907,MIA,7,KOFF,3,2,17,41,3,0,0,0,0,3,1,-3,2,1,0,0,0,PUNT
99886,4267,698911,SEA,8,PUNT,3,3,21,19,6,3,1,0,0,5,3,-6,3,1,0,0,-1,PUNT
99887,4267,698918,MIA,8,PUNT,3,1,24,26,3,0,0,0,0,1,1,1,2,1,0,0,2,PUNT
99888,4267,698922,SEA,9,PUNT,3,3,0,49,5,3,0,1,0,9,3,11,2,1,0,0,20,DWNS
99889,4267,698927,MIA,9,DWNS,3,1,33,31,4,0,1,0,1,5,3,0,1,0,15,0,20,PUNT
99890,4267,698932,SEA,10,PUNT,3,3,32,11,6,2,1,1,1,12,5,11,1,1,15,5,33,FUM
99891,4267,698940,MIA,10,FUM,4,4,12,64,10,3,0,2,1,3,3,24,6,2,0,0,27,BLFG
99892,4267,698950,SEA,11,BLFG,4,3,32,20,6,4,1,1,0,9,3,30,3,2,0,0,39,PUNT
99893,4267,698957,MIA,11,PUNT,4,3,1,14,7,5,1,4,0,4,2,82,5,4,0,0,86,TD
99894,4267,698966,SEA,12,KOFF,4,3,37,25,14,9,1,4,0,20,5,55,9,6,0,0,75,TD
99895,4267,698982,MIA,12,KOFF,4,0,31,18,2,0,0,0,0,0,0,-7,2,0,0,0,-7,ENDQ
99896,4268,698985,IND,1,KOFF,1,5,54,25,9,5,1,1,0,10,4,17,5,4,0,0,27,PUNT
99897,4268,698995,DET,1,PUNT,1,4,23,20,9,8,2,4,0,42,4,48,5,4,0,10,80,TD
99898,4268,699006,IND,2,KOFF,1,1,38,25,3,0,0,0,0,2,1,0,2,1,0,0,2,PUNT
99899,4268,699010,DET,2,PUNT,1,1,16,20,3,0,0,0,0,1,1,3,2,1,0,0,4,PUNT
99900,4268,699014,IND,3,PUNT,1,0,38,23,3,0,0,0,0,2,1,0,2,0,0,0,2,PUNT
99901,4268,699018,DET,3,PUNT,1,7,0,18,15,9,2,4,0,13,6,69,9,6,0,0,82,TD
99902,4268,699035,IND,4,KOFF,2,4,21,21,8,3,0,2,0,4,1,43,6,4,0,0,47,FG
99903,4268,699044,DET,4,KOFF,2,3,13,25,8,7,2,2,0,32,4,43,4,3,0,0,75,TD
99904,4268,699054,IND,5,KOFF,2,1,32,25,8,5,0,5,0,-2,1,77,7,6,0,5,-25,TD
99905,4268,699065,DET,5,KOFF,2,0,5,25,1,0,0,0,0,-1,1,0,0,0,0,0,-1,ENDQ
99906,4268,699067,DET,6,KOFF,3,2,19,25,3,0,0,0,0,0,0,8,3,3,0,4,4,PUNT
99907,4268,699072,IND,6,PUNT,3,4,0,15,10,7,1,3,0,13,3,82,6,3,1,10,-15,TD
99908,4268,699085,DET,7,KOFF,3,2,17,19,3,0,0,0,0,1,2,-8,1,0,0,0,-7,PUNT
99909,4268,699089,IND,7,PUNT,3,0,28,38,3,0,0,0,0,0,0,0,3,0,0,0,0,PUNT
99910,4268,699093,DET,8,PUNT,3,3,36,29,7,5,0,3,0,6,2,50,5,5,15,0,71,TD
99911,4268,699102,IND,8,KOFF,3,3,3,25,10,4,1,1,1,16,3,17,6,3,20,0,53,FG
99912,4268,699113,DET,9,KOFF,4,1,39,25,3,0,0,0,0,1,1,5,2,1,0,0,6,PUNT
99913,4268,699117,IND,9,PUNT,4,4,19,6,9,7,1,4,0,21,3,73,6,4,0,0,94,TD
99914,4268,699128,DET,10,KOFF,4,4,15,25,8,7,1,5,0,21,3,64,5,5,0,10,75,TD
99915,4268,699139,IND,10,KOFF,4,3,27,25,8,7,2,2,0,16,2,59,6,6,15,0,75,TD
99916,4268,699149,DET,11,KOFF,4,0,37,25,5,3,0,2,0,0,0,50,4,3,0,0,50,FG
99917,4269,699156,DAL,1,KOFF,1,8,25,25,15,9,3,2,0,21,7,49,7,6,0,0,70,FG
99918,4269,699172,NYG,1,KOFF,1,2,28,25,6,1,0,1,0,5,2,10,4,2,0,0,15,PUNT
99919,4269,699179,DAL,2,PUNT,1,7,58,10,15,7,1,4,0,15,7,47,7,5,0,10,52,FG
99920,4269,699196,NYG,2,KOFF,2,1,33,25,4,3,0,3,0,1,1,74,3,3,0,0,75,TD
99921,4269,699202,DAL,3,KOFF,2,5,34,25,11,5,2,1,1,15,5,38,5,3,15,0,68,FG
99922,4269,699215,NYG,3,KOFF,2,4,2,25,12,8,1,4,0,32,3,63,9,8,0,20,75,TD
99923,4269,699231,NYG,4,KOFF,3,0,46,24,2,0,0,0,0,1,1,0,1,0,0,0,1,INT
99924,4269,699233,DAL,4,INT,3,3,27,65,7,5,1,2,0,18,3,17,4,3,0,0,35,TD
99925,4269,699242,NYG,5,KOFF,3,2,11,14,4,0,0,0,0,-1,2,-4,2,0,5,0,0,PUNT
99926,4269,699248,DAL,5,PUNT,3,1,3,40,3,0,0,0,0,0,0,1,3,1,0,0,1,PUNT
99927,4269,699252,NYG,6,PUNT,3,3,33,12,6,3,1,0,0,16,4,-1,2,0,0,0,20,PUNT
99928,4269,699259,DAL,6,PUNT,3,5,1,25,11,5,3,0,0,30,6,9,4,1,0,0,39,FG
99929,4269,699271,NYG,7,KOFF,4,2,0,25,4,2,0,1,0,-2,1,22,3,2,0,0,20,PUNT
99930,4269,699276,DAL,7,PUNT,4,1,47,20,3,0,0,0,0,2,1,3,2,1,0,10,-5,PUNT
99931,4269,699281,NYG,8,PUNT,4,3,59,46,9,6,2,2,0,21,3,38,6,4,0,5,54,TD
99932,4269,699293,DAL,8,KOFF,4,2,16,25,6,1,0,1,0,0,1,18,5,2,0,10,8,PUNT
99933,4269,699301,NYG,9,PUNT,4,2,52,23,7,4,2,0,0,40,7,0,0,0,0,0,40,PUNT
99934,4269,699309,DAL,9,PUNT,4,1,5,20,8,3,0,2,0,0,0,45,8,3,0,5,40,ENDQ
99935,4270,699319,ARI,1,KOFF,1,3,13,25,5,1,0,1,0,0,2,24,3,2,0,5,24,PUNT
99936,4270,699326,NE,1,PUNT,1,4,13,26,8,5,0,4,0,8,3,75,5,4,0,9,74,TD
99937,4270,699337,ARI,2,KOFF,1,1,22,11,4,1,0,1,0,3,1,39,3,1,0,0,42,PUNT
99938,4270,699342,NE,2,PUNT,1,5,12,8,12,5,2,2,0,27,5,31,6,3,5,0,63,FG
99939,4270,699356,ARI,3,KOFF,1,3,38,19,7,4,0,2,0,8,2,34,5,3,0,0,42,PUNT
99940,4270,699364,NE,3,PUNT,2,1,56,16,6,2,0,2,1,1,1,29,5,2,15,5,25,FUM
99941,4270,699371,ARI,4,FUM,2,6,20,46,11,9,3,2,1,25,7,29,4,4,0,0,54,TD
99942,4270,699384,NE,4,KOFF,2,2,16,26,3,1,0,0,0,4,2,-2,1,1,0,0,0,PUNT
99943,4270,699388,ARI,5,PUNT,2,0,26,38,3,0,0,0,0,0,0,0,3,0,0,0,0,PUNT
99944,4270,699392,NE,5,PUNT,2,1,9,31,4,0,0,0,0,12,4,0,0,0,0,20,-8,PUNT
99945,4270,699398,ARI,6,PUNT,2,0,15,32,1,0,0,0,0,0,0,-8,1,0,0,0,-8,ENDQ
99946,4270,699400,NE,6,KOFF,3,5,0,25,9,5,3,1,0,31,5,44,4,4,0,0,75,TD
99947,4270,699411,ARI,7,KOFF,3,2,59,25,6,3,1,0,0,6,3,4,3,1,0,0,8,PUNT
99948,4270,699418,NE,7,PUNT,3,0,41,28,2,1,1,0,0,0,1,5,1,1,0,0,5,FUM
99949,4270,699420,ARI,8,FUM,3,1,51,67,5,4,1,2,1,4,2,29,3,2,0,0,33,TD
99950,4270,699427,NE,8,KOFF,3,6,54,25,11,4,1,1,1,15,5,20,5,4,15,10,40,FG
99951,4270,699442,ARI,9,KOFF,4,2,49,21,7,5,1,3,0,45,1,29,6,4,20,0,79,TD
99952,4270,699452,NE,9,KOFF,4,6,2,25,13,5,1,2,0,9,4,57,8,5,0,5,61,FG
99953,4270,699467,ARI,10,KOFF,4,3,8,8,11,4,0,3,0,1,1,72,9,7,0,10,63,MFG
99954,4270,699479,NE,10,MFG,4,0,36,37,1,0,0,0,0,-1,1,0,0,0,0,0,-1,ENDQ
99955,4271,699481,WAS,1,KOFF,1,3,44,25,7,2,0,2,0,-4,2,39,5,3,0,0,35,PUNT
99956,4271,699489,PIT,1,PUNT,1,1,56,13,3,1,0,0,0,0,1,8,2,2,0,0,8,PUNT
99957,4271,699493,WAS,2,PUNT,1,3,24,33,9,5,0,2,0,17,3,37,5,2,0,0,54,FG
99958,4271,699503,PIT,2,KOFF,1,2,10,25,5,3,0,1,0,4,1,25,4,2,0,0,29,INT
99959,4271,699508,WAS,3,INT,1,2,38,63,5,2,0,1,0,0,0,19,4,3,0,5,14,FG
99960,4271,699515,PIT,3,KOFF,1,5,58,25,11,7,1,3,0,16,4,146,7,5,0,0,75,TD
99961,4271,699528,WAS,4,KOFF,2,3,51,25,5,1,0,1,0,6,1,51,4,4,0,15,42,DWNS
99962,4271,699535,PIT,4,DWNS,2,5,52,33,14,10,2,3,0,20,5,47,9,7,0,0,67,TD
99963,4271,699551,WAS,5,KOFF,2,0,27,25,1,1,0,0,0,9,1,0,0,0,0,0,9,ENDQ
99964,4271,699553,PIT,5,KOFF,3,3,42,25,8,4,1,1,0,31,4,16,3,1,0,0,47,FG
99965,4271,699562,WAS,6,KOFF,3,2,13,25,4,1,0,1,0,-1,1,16,3,2,10,5,19,INT
99966,4271,699567,PIT,6,INT,3,2,4,25,5,3,0,2,0,0,0,75,5,4,0,15,75,TD
99967,4271,699574,WAS,7,KOFF,3,5,0,32,9,5,1,2,0,12,1,55,7,6,0,15,52,FG
99968,4271,699586,PIT,7,KOFF,3,1,42,25,3,2,0,0,0,8,2,0,1,0,0,0,8,PUNT
99969,4271,699590,WAS,8,PUNT,3,2,18,23,7,7,2,3,0,8,2,69,5,5,0,0,77,TD
99970,4271,699599,PIT,8,KOFF,4,7,13,27,13,10,3,3,0,41,7,42,6,5,5,10,73,TD
99971,4271,699614,WAS,9,KOFF,4,1,31,25,5,1,0,1,0,8,1,17,4,2,0,5,20,DWNS
99972,4271,699620,PIT,9,DWNS,4,2,23,55,6,4,2,1,0,29,5,16,1,1,0,0,45,TD
99973,4271,699628,WAS,10,KOFF,4,1,36,25,6,3,0,1,1,0,0,26,6,3,46,0,72,INT
99974,4271,699635,PIT,10,INT,4,0,18,20,1,0,0,0,0,-2,1,0,0,0,0,0,-2,ENDQ
99975,4272,699637,LA,1,KOFF,1,3,40,25,8,4,1,1,0,10,2,19,6,3,0,0,29,PUNT
99976,4272,699646,SF,1,PUNT,1,2,25,18,6,2,1,0,0,15,3,6,3,2,0,0,21,PUNT
99977,4272,699653,LA,2,PUNT,1,2,13,9,3,0,0,0,0,2,2,-6,1,0,0,0,-4,PUNT
99978,4272,699657,SF,2,PUNT,1,3,18,48,10,7,3,1,0,30,5,17,5,3,5,0,52,TD
99979,4272,699669,LA,3,KOFF,1,1,40,21,3,0,0,0,0,3,1,3,2,1,0,0,6,PUNT
99980,4272,699673,SF,3,PUNT,1,2,34,23,7,3,1,1,0,28,5,13,2,2,0,0,41,DWNS
99981,4272,699680,LA,4,DWNS,2,3,10,36,6,3,1,1,0,12,4,22,2,1,0,15,9,INT
99982,4272,699686,SF,4,INT,2,2,44,41,9,5,3,1,0,34,5,22,4,2,3,0,59,TD
99983,4272,699697,LA,5,KOFF,2,2,50,25,5,2,0,1,0,7,3,22,2,1,0,0,29,PUNT
99984,4272,699703,SF,5,PUNT,2,2,9,10,5,2,1,2,1,14,2,22,3,3,15,0,51,FUM
99985,4272,699709,LA,6,FUM,2,0,53,39,3,0,0,0,1,2,1,0,2,0,0,0,2,PUNT
99986,4272,699713,SF,6,PUNT,2,1,17,20,3,0,0,0,0,3,2,0,1,0,0,0,3,PUNT
99987,4272,699717,LA,7,PUNT,2,0,51,39,3,0,0,0,0,0,0,-9,3,1,0,0,-9,PUNT
99988,4272,699721,SF,7,PUNT,2,0,16,26,1,0,0,0,0,-1,1,0,0,0,0,0,-1,ENDQ
99989,4272,699723,SF,8,KOFF,3,1,56,25,3,1,0,0,0,0,1,-10,2,2,0,0,-10,PUNT
99990,4272,699727,LA,8,PUNT,3,1,56,41,3,1,0,0,0,1,2,3,1,1,0,0,4,PUNT
99991,4272,699731,SF,9,PUNT,3,0,52,18,3,0,0,0,0,3,1,0,2,0,0,0,3,PUNT
99992,4272,699735,LA,9,PUNT,3,1,7,17,3,0,0,0,0,0,0,5,3,1,0,0,5,PUNT
99993,4272,699739,SF,10,PUNT,3,1,33,35,3,0,0,0,0,0,2,-2,1,1,0,0,-2,PUNT
99994,4272,699743,LA,10,PUNT,3,2,33,28,4,1,1,0,0,12,2,7,2,2,0,10,9,PUNT
99995,4272,699749,SF,11,PUNT,3,1,11,16,3,0,0,0,0,2,2,0,1,0,0,0,2,PUNT
99996,4272,699753,LA,11,PUNT,3,2,50,62,5,2,0,1,0,7,3,5,2,1,0,0,12,INT
99997,4272,699758,SF,12,INT,3,3,55,23,10,4,0,4,0,2,3,73,7,4,12,10,77,TD
99998,4272,699773,LA,12,KOFF,4,1,2,25,3,1,0,0,0,0,0,6,3,1,0,0,6,PUNT
99999,4272,699777,SF,13,PUNT,4,5,51,20,11,7,3,2,2,19,7,29,4,3,32,0,80,TD
100000,4272,699791,LA,13,KOFF,4,2,41,28,10,5,1,2,0,10,2,43,8,4,0,0,53,DWNS
100001,4272,699801,SF,14,DWNS,4,2,9,19,3,0,0,0,0,1,3,0,0,0,0,0,1,PUNT
100002,4272,699805,LA,14,PUNT,4,0,24,44,1,0,0,0,0,-1,1,0,0,0,0,0,-1,ENDQ
100003,4273,699807,NYJ,1,KOFF,1,8,19,25,15,5,1,2,0,25,7,40,7,2,5,5,65,FG
100004,4273,699825,BUF,1,KOFF,1,1,25,18,3,1,0,1,0,0,1,82,2,2,15,0,82,TD
100005,4273,699830,NYJ,2,KOFF,1,5,16,14,9,4,0,2,1,13,5,36,3,3,26,0,75,FG
100006,4273,699841,BUF,2,KOFF,2,1,38,26,3,0,0,0,0,1,1,6,2,1,0,0,7,PUNT
100007,4273,699845,NYJ,3,PUNT,2,2,15,34,6,5,1,2,0,10,3,52,3,2,4,0,66,TD
100008,4273,699853,BUF,3,KOFF,2,3,20,25,6,2,2,0,0,32,4,0,2,0,0,20,12,PUNT
100009,4273,699862,NYJ,4,PUNT,2,3,54,23,7,5,0,5,0,3,2,79,5,5,0,5,77,TD
100010,4273,699872,BUF,4,KOFF,2,3,48,25,13,8,2,1,0,13,4,41,8,5,0,0,54,FG
100011,4273,699886,NYJ,5,KOFF,2,0,5,10,1,0,0,0,0,-1,1,0,0,0,0,0,-1,ENDQ
100012,4273,699888,BUF,5,KOFF,3,0,51,25,3,2,0,1,0,0,0,75,3,2,0,0,75,TD
100013,4273,699893,NYJ,6,KOFF,3,2,54,20,5,2,1,1,0,13,4,2,1,1,0,0,15,FUM
100014,4273,699901,NYJ,7,KOFF,3,1,42,27,3,1,0,0,0,0,0,11,3,1,0,10,1,PUNT
100015,4273,699906,BUF,6,PUNT,3,0,54,33,3,1,0,0,0,6,1,0,2,0,0,0,6,PUNT
100016,4273,699910,NYJ,8,PUNT,3,6,27,16,12,8,2,4,0,22,4,58,8,6,4,0,84,TD
100017,4273,699925,BUF,7,KOFF,3,2,20,47,4,1,0,0,0,-4,2,10,2,1,5,0,11,INT
100018,4273,699930,NYJ,9,INT,4,4,12,13,8,2,0,2,0,4,3,65,4,3,0,0,69,FG
100019,4273,699939,BUF,8,KOFF,4,3,37,22,5,2,1,0,0,28,5,0,0,0,5,0,33,DWNS
100020,4273,699945,NYJ,10,DWNS,4,3,1,44,5,5,2,1,0,29,4,27,1,1,0,0,56,TD
100021,4273,699952,BUF,9,KOFF,4,2,47,25,10,7,1,5,0,10,1,65,9,7,0,0,75,TD
100022,4273,699964,NYJ,11,KOFF,4,1,5,45,3,0,0,0,0,5,3,0,0,0,0,0,5,PUNT
100023,4273,699968,BUF,10,PUNT,4,0,10,15,1,1,0,1,0,0,0,10,1,1,0,0,10,ENDQ
100024,4274,699970,CLE,1,KOFF,1,5,15,25,9,4,0,3,0,18,5,67,4,3,0,10,75,TD
100025,4274,699982,BAL,1,KOFF,1,2,47,47,6,2,0,1,0,0,2,11,4,2,0,0,11,PUNT
100026,4274,699989,CLE,2,PUNT,1,0,11,15,1,1,1,0,0,85,1,0,0,0,0,0,85,TD
100027,4274,699992,BAL,2,KOFF,1,0,48,25,2,1,0,0,0,4,1,0,1,0,0,0,4,INT
100028,4274,699994,CLE,3,INT,1,1,25,73,4,2,0,2,0,2,1,25,3,2,0,0,27,TD
100029,4274,700000,BAL,3,KOFF,1,4,44,25,12,4,1,2,0,19,5,29,7,3,0,0,48,DWNS
100030,4274,700012,CLE,4,DWNS,2,4,19,27,7,2,0,2,0,5,4,31,3,2,5,5,37,PUNT
100031,4274,700022,BAL,4,PUNT,2,3,17,3,8,4,1,1,0,7,1,26,7,4,0,0,33,PUNT
100032,4274,700031,CLE,5,PUNT,2,4,0,10,6,4,0,1,0,17,3,1,3,2,0,0,18,PUNT
100033,4274,700038,BAL,5,PUNT,2,1,59,25,6,4,0,2,0,7,2,59,4,3,9,0,75,TD
100034,4274,700046,CLE,6,KOFF,2,0,33,20,2,1,0,1,0,0,0,10,2,1,0,0,10,INT
100035,4274,700048,BAL,6,INT,2,0,42,39,7,2,0,2,0,0,0,27,6,3,0,0,27,FG
100036,4274,700056,BAL,7,KOFF,3,2,43,25,6,4,0,2,0,8,2,67,4,3,0,0,75,TD
100037,4274,700064,CLE,7,KOFF,3,3,7,11,6,1,0,1,0,0,2,7,4,1,0,0,7,PUNT
100038,4274,700071,BAL,8,PUNT,3,1,35,45,4,1,0,1,0,1,1,20,3,1,5,0,26,INT
100039,4274,700076,CLE,8,INT,3,1,35,20,5,1,1,0,0,15,1,0,4,0,0,0,15,PUNT
100040,4274,700082,BAL,9,PUNT,3,4,28,17,6,2,0,1,0,7,2,16,4,3,0,19,4,PUNT
100041,4274,700091,CLE,9,PUNT,3,2,38,32,7,1,0,1,0,2,4,47,2,1,0,15,34,MFG
100042,4274,700098,BAL,10,MFG,4,2,35,42,5,1,0,1,0,4,2,28,2,1,0,5,27,FG
100043,4274,700105,CLE,10,KOFF,4,3,18,25,5,2,0,1,0,1,2,9,3,1,0,5,5,PUNT
100044,4274,700112,BAL,11,PUNT,4,5,8,36,11,4,1,2,0,22,7,19,3,2,0,0,41,FG
100045,4274,700124,CLE,11,KOFF,4,2,40,25,8,4,0,3,0,0,0,45,8,7,0,0,45,INT
100046,4274,700133,BAL,12,INT,4,0,13,1,1,0,0,0,0,1,1,0,0,0,0,0,1,ENDQ
100047,4275,700135,PIT,1,KOFF,1,1,47,25,3,1,0,0,0,9,3,0,0,0,0,0,9,PUNT
100048,4275,700139,CIN,1,PUNT,1,2,59,20,6,1,0,1,0,9,4,10,2,1,0,0,19,PUNT
100049,4275,700146,PIT,2,PUNT,1,3,49,16,10,3,1,2,0,15,4,37,6,3,0,5,47,INT
100050,4275,700157,CIN,2,INT,1,0,56,23,3,0,0,0,0,3,1,0,2,0,0,0,3,PUNT
100051,4275,700161,PIT,3,PUNT,1,1,43,34,5,2,0,2,0,2,2,64,3,2,0,0,66,TD
100052,4275,700168,CIN,3,KOFF,1,3,23,25,8,5,0,3,0,9,2,59,5,4,0,0,68,FG
100053,4275,700177,PIT,4,KOFF,1,3,48,20,8,5,1,1,0,14,3,23,5,3,0,0,37,PUNT
100054,4275,700186,CIN,4,PUNT,2,1,23,10,3,0,0,0,0,0,1,2,2,1,0,0,2,PUNT
100055,4275,700190,PIT,5,PUNT,2,1,41,37,3,0,0,0,0,3,1,-9,2,0,0,0,-6,PUNT
100056,4275,700194,CIN,5,PUNT,2,1,11,9,3,1,0,0,0,1,1,8,2,1,0,0,9,PUNT
100057,4275,700198,PIT,6,PUNT,2,1,25,49,3,0,0,0,0,0,2,0,1,0,0,0,0,PUNT
100058,4275,700202,CIN,6,PUNT,2,0,50,3,3,0,0,0,0,1,1,0,2,0,0,0,1,PUNT
100059,4275,700206,PIT,7,PUNT,2,0,55,64,4,1,0,0,0,6,1,0,2,0,0,0,6,FG
100060,4275,700211,CIN,7,KOFF,2,2,16,25,6,2,0,1,0,2,1,28,5,3,0,0,30,PUNT
100061,4275,700218,PIT,8,PUNT,2,1,6,8,4,2,0,1,0,8,1,4,3,1,0,0,12,INT
100062,4275,700222,CIN,8,INT,2,0,48,32,8,4,0,3,0,0,0,53,7,4,0,0,53,FG
100063,4275,700231,CIN,9,KOFF,3,0,58,25,3,0,0,0,0,3,1,0,2,0,0,0,3,PUNT
100064,4275,700235,PIT,9,PUNT,3,2,19,33,5,2,1,0,0,14,3,3,2,1,0,0,17,PUNT
100065,4275,700241,CIN,10,PUNT,3,2,7,8,4,1,0,1,0,1,1,25,3,1,15,0,41,PUNT
100066,4275,700246,PIT,10,PUNT,3,3,20,9,7,6,1,3,0,14,2,77,5,4,0,0,91,TD
100067,4275,700255,CIN,11,KOFF,3,4,6,25,10,4,0,2,2,-2,1,60,8,4,29,15,72,FG
100068,4275,700270,PIT,11,KOFF,3,2,1,25,5,3,0,0,1,16,3,0,2,0,5,0,21,PUNT
100069,4275,700277,CIN,12,PUNT,3,1,27,9,5,2,0,1,0,7,2,9,3,1,0,0,16,PUNT
100070,4275,700283,PIT,12,PUNT,4,6,54,32,12,6,2,3,0,17,6,51,6,5,0,0,68,TD
100071,4275,700297,CIN,13,KOFF,4,3,23,25,8,7,0,4,0,2,1,73,7,7,0,0,75,TD
100072,4275,700307,PIT,13,KOFF,4,0,25,25,3,1,0,0,0,4,2,0,1,0,0,0,4,PUNT
100073,4275,700311,CIN,14,PUNT,4,1,10,25,5,3,1,2,0,10,1,32,4,3,0,0,42,FUM
100074,4275,700316,PIT,14,FUM,4,1,42,54,3,1,0,0,1,2,3,0,0,0,0,5,2,PUNT
100075,4275,700321,CIN,15,PUNT,4,0,8,20,1,0,0,1,0,0,0,7,1,1,0,0,7,ENDQ
100076,4276,700323,DAL,1,KOFF,1,5,35,20,13,4,0,4,0,3,3,73,9,5,0,0,76,FG
100077,4276,700337,WAS,1,KOFF,1,2,33,25,5,2,0,1,0,9,3,28,2,1,0,0,37,PUNT
100078,4276,700343,DAL,2,PUNT,1,5,13,6,9,7,3,2,0,25,6,63,3,3,11,5,94,TD
100079,4276,700357,WAS,2,KOFF,1,3,31,25,8,7,1,4,0,21,2,54,6,5,5,5,75,TD
100080,4276,700369,DAL,3,KOFF,2,2,30,25,4,1,0,1,0,0,1,25,3,2,0,10,15,PUNT
100081,4276,700375,WAS,3,PUNT,2,1,33,25,3,0,0,0,0,1,1,-6,2,0,0,0,-5,PUNT
100082,4276,700379,DAL,4,PUNT,2,4,31,44,10,4,1,1,0,19,5,19,4,2,5,0,43,FG
100083,4276,700391,WAS,4,KOFF,2,4,8,26,12,4,1,3,0,12,2,49,9,5,0,5,56,FG
100084,4276,700405,DAL,5,KOFF,2,0,26,25,1,1,0,0,0,4,1,0,0,0,0,0,4,ENDQ
100085,4276,700407,WAS,5,KOFF,3,3,44,25,8,6,0,4,0,11,2,64,6,5,0,0,75,TD
100086,4276,700417,DAL,6,KOFF,3,5,36,25,10,8,3,2,0,45,5,30,5,3,0,0,75,TD
100087,4276,700429,WAS,6,KOFF,3,3,34,62,7,4,2,0,0,22,3,5,3,2,0,0,27,FG
100088,4276,700437,DAL,7,KOFF,3,0,27,25,2,1,1,0,0,0,1,9,1,1,0,0,9,FUM
100089,4276,700439,WAS,7,FUM,3,1,35,66,5,1,0,1,1,0,1,16,3,1,14,0,30,FG
100090,4276,700446,DAL,8,KOFF,3,2,18,30,3,0,0,0,0,-1,1,5,2,1,0,0,4,PUNT
100091,4276,700450,WAS,8,PUNT,4,2,11,21,6,3,0,2,0,3,1,70,5,2,0,0,73,INT
100092,4276,700456,DAL,9,INT,4,5,50,20,11,6,1,4,1,4,5,56,6,5,20,0,80,TD
100093,4276,700470,WAS,9,KOFF,4,2,49,25,7,3,0,1,0,3,2,16,5,3,0,0,19,DWNS
100094,4276,700477,DAL,10,DWNS,4,0,26,57,3,1,0,0,0,3,2,-2,1,0,0,0,1,PUNT
100095,4276,700481,WAS,10,PUNT,4,1,30,10,7,4,0,2,0,0,0,54,7,4,0,5,49,ENDQ
100096,4277,700490,HOU,1,KOFF,1,4,16,16,8,3,0,2,0,11,3,71,5,3,0,0,82,INT
100097,4277,700498,KC,1,INT,1,2,36,19,6,3,1,2,0,4,2,21,4,3,0,0,25,FUM
100098,4277,700504,HOU,2,FUM,1,0,7,73,1,1,0,1,1,0,0,27,1,1,0,0,27,TD
100099,4277,700507,KC,2,KOFF,1,1,49,29,3,0,0,0,0,3,2,0,1,0,5,0,8,PUNT
100100,4277,700512,HOU,3,PUNT,1,1,56,15,3,0,0,0,0,4,1,6,2,1,0,7,3,PUNT
100101,4277,700517,KC,3,PUNT,1,1,2,36,3,0,0,0,0,-1,1,0,2,0,0,0,-1,PUNT
100102,4277,700521,HOU,4,PUNT,1,2,2,23,3,0,0,0,0,0,1,-5,2,1,0,0,-5,PUNT
100103,4277,700525,KC,4,PUNT,1,1,17,66,4,0,0,0,0,0,0,-2,3,1,0,0,-2,FG
100104,4277,700530,HOU,5,KOFF,2,1,3,15,3,0,0,0,0,5,1,0,2,0,0,0,5,PUNT
100105,4277,700534,KC,5,PUNT,2,2,53,31,6,2,1,0,0,26,2,3,4,1,0,15,14,PUNT
100106,4277,700542,HOU,6,PUNT,2,6,43,17,14,7,0,4,1,6,5,48,8,6,15,0,69,FG
100107,4277,700557,KC,6,KOFF,2,2,36,23,5,3,1,2,0,16,3,21,2,2,0,0,37,FUM
100108,4277,700562,HOU,7,FUM,2,0,19,86,4,1,0,0,1,8,2,0,1,0,0,0,8,FG
100109,4277,700567,KC,7,KOFF,2,1,8,18,5,2,1,1,0,32,2,4,3,1,0,10,26,FUM
100110,4277,700573,HOU,8,FUM,2,0,13,61,3,0,0,0,1,0,0,0,2,0,0,0,0,MFG
100111,4277,700577,KC,8,KOFF,3,2,15,28,3,1,0,0,0,9,3,0,0,0,0,0,9,PUNT
100112,4277,700581,HOU,9,PUNT,3,4,0,6,6,1,0,1,0,16,4,20,2,1,0,10,26,PUNT
100113,4277,700589,KC,9,PUNT,3,1,51,27,3,0,0,0,0,0,0,-5,3,1,0,0,-5,PUNT
100114,4277,700593,HOU,10,PUNT,3,1,34,46,3,0,0,0,0,2,1,-6,2,0,0,0,-4,PUNT
100115,4277,700597,KC,10,PUNT,3,1,37,14,3,0,0,0,0,8,1,0,2,0,0,7,1,PUNT
100116,4277,700602,HOU,11,PUNT,3,0,57,29,2,1,0,1,0,0,0,35,2,1,0,0,35,INT
100117,4277,700604,KC,11,INT,3,2,50,49,5,1,1,0,0,20,2,6,2,2,0,0,26,FG
100118,4277,700610,HOU,12,KOFF,4,5,22,40,11,7,1,2,0,27,7,20,3,2,0,0,47,FG
100119,4277,700622,KC,12,KOFF,4,2,0,31,8,2,0,2,0,2,1,50,6,2,0,0,52,FG
100120,4277,700631,HOU,13,KOFF,4,4,38,25,11,7,1,2,0,21,7,38,3,3,0,10,49,FG
100121,4277,700644,KC,13,KOFF,4,2,8,12,10,6,0,4,1,0,0,74,9,7,12,10,76,FG
100122,4277,700658,HOU,14,KOFF,4,0,48,51,2,0,0,0,0,-3,2,0,0,0,0,0,-3,ENDQ
100123,4278,700661,NE,1,KOFF,1,4,7,25,8,5,1,4,0,11,3,64,5,5,0,0,75,TD
100124,4278,700671,MIA,1,KOFF,1,1,21,25,3,0,0,0,0,3,1,0,2,0,5,0,8,PUNT
100125,4278,700676,NE,2,PUNT,1,3,10,25,7,5,1,3,0,3,2,72,5,4,0,0,75,TD
100126,4278,700685,MIA,2,KOFF,1,1,51,25,3,2,0,0,0,9,3,0,0,0,0,0,9,PUNT
100127,4278,700689,NE,3,PUNT,1,6,21,24,12,7,2,3,0,27,5,59,7,5,0,10,76,TD
100128,4278,700704,MIA,3,KOFF,2,1,37,10,3,0,0,0,0,1,1,4,2,1,0,0,5,PUNT
100129,4278,700708,NE,4,PUNT,2,1,31,52,3,1,0,0,0,2,1,4,2,1,0,5,6,PUNT
100130,4278,700713,MIA,4,PUNT,2,1,53,14,4,1,0,1,0,4,2,21,2,1,0,0,25,PUNT
100131,4278,700718,NE,5,PUNT,2,2,7,31,5,0,0,1,1,2,1,20,4,2,5,0,27,FUM
100132,4278,700724,MIA,5,FUM,2,0,13,42,2,0,0,1,1,0,0,6,2,1,0,0,6,FUM
100133,4278,700726,NE,6,FUM,2,3,1,48,9,2,0,2,2,6,3,15,5,1,15,0,36,FG
100134,4278,700736,MIA,6,KOFF,2,0,59,25,4,3,0,1,0,8,1,21,3,2,0,0,29,INT
100135,4278,700740,NE,7,INT,2,0,51,51,3,0,0,0,0,5,2,0,1,0,0,0,5,PUNT
100136,4278,700744,MIA,7,PUNT,2,0,58,14,9,6,0,4,0,8,1,64,7,5,5,0,77,FG
100137,4278,700755,MIA,8,KOFF,3,3,25,25,6,4,1,2,0,1,2,50,4,4,0,10,41,FUM
100138,4278,700762,NE,8,FUM,3,2,51,32,5,4,1,2,1,10,2,59,3,3,9,10,68,TD
100139,4278,700770,MIA,9,KOFF,3,2,59,25,7,5,0,3,0,0,0,75,7,6,0,0,75,TD
100140,4278,700779,NE,9,KOFF,3,3,41,25,6,2,2,0,0,19,4,-3,2,1,0,0,16,PUNT
100141,4278,700786,MIA,10,PUNT,3,2,13,12,5,5,0,3,1,5,1,63,4,4,20,0,88,TD
100142,4278,700794,NE,10,KOFF,4,4,2,19,6,4,1,1,0,39,4,-2,2,1,0,10,27,PUNT
100143,4278,700802,MIA,11,PUNT,4,4,43,26,9,8,1,4,0,14,3,60,6,6,0,0,74,TD
100144,4278,700813,NE,11,KOFF,4,5,2,25,13,7,3,1,0,38,10,16,2,1,0,0,54,MFG
100145,4278,700826,MIA,12,MFG,4,1,2,29,7,2,1,1,0,17,1,25,6,2,0,0,42,INT
100146,4278,700833,NE,12,INT,4,0,2,20,1,0,0,0,0,-1,1,0,0,0,0,0,-1,ENDQ
100147,4279,700835,NO,1,KOFF,1,2,38,19,5,3,0,1,0,11,3,13,2,1,0,0,24,PUNT
100148,4279,700841,NYG,1,PUNT,1,1,19,20,3,1,0,0,0,1,1,5,2,1,0,0,6,PUNT
100149,4279,700845,NO,2,PUNT,1,2,0,32,3,0,0,0,0,1,2,-5,1,0,0,0,-4,PUNT
100150,4279,700849,NYG,2,PUNT,1,6,20,17,14,7,2,2,1,11,6,46,8,6,23,0,80,DWNS
100151,4279,700864,NO,3,DWNS,1,1,24,3,3,1,0,0,0,2,1,5,2,1,0,0,7,PUNT
100152,4279,700868,NYG,3,PUNT,1,2,2,33,6,5,2,1,0,5,2,25,4,4,0,0,30,FUM
100153,4279,700874,NO,4,FUM,2,2,35,36,5,2,0,1,1,9,1,-1,4,2,0,5,3,PUNT
100154,4279,700881,NYG,4,PUNT,2,2,23,13,5,4,0,2,0,15,3,52,2,2,0,0,67,FUM
100155,4279,700886,NO,5,FUM,2,2,16,16,5,3,1,0,1,11,2,7,3,2,0,0,18,PUNT
100156,4279,700892,NYG,5,PUNT,2,2,57,20,6,3,1,2,0,10,2,-4,4,2,0,0,6,FUM
100157,4279,700898,NO,6,FUM,2,1,36,75,4,0,0,0,1,0,0,15,3,2,0,10,5,BLFG
100158,4279,700905,NO,7,KOFF,2,2,23,25,11,5,0,3,0,1,1,58,9,7,0,5,54,FG
100159,4279,700918,NYG,6,KOFF,2,0,7,22,1,0,0,0,0,-1,1,0,0,0,0,0,-1,ENDQ
100160,4279,700920,NYG,7,KOFF,3,3,49,25,8,2,0,2,0,0,2,40,5,4,0,0,40,MFG
100161,4279,700928,NO,8,MFG,3,2,27,43,5,1,0,1,0,1,1,13,4,2,0,0,14,PUNT
100162,4279,700935,NYG,8,PUNT,3,5,58,16,11,5,0,3,0,9,4,65,6,4,0,20,54,FG
100163,4279,700949,NO,9,KOFF,3,4,1,26,9,5,0,5,0,3,1,71,8,7,0,0,74,TD
100164,4279,700960,NYG,9,KOFF,4,4,59,25,11,5,1,3,0,6,4,68,6,5,0,0,74,FG
100165,4279,700972,NO,10,KOFF,4,1,20,25,4,1,0,1,0,0,0,21,4,1,0,0,21,PUNT
100166,4279,700978,NYG,10,PUNT,4,1,19,20,3,1,0,0,0,2,1,5,2,1,0,0,7,PUNT
100167,4279,700982,NO,11,PUNT,4,3,13,26,8,4,0,3,0,2,1,50,6,4,5,10,47,FG
100168,4279,700993,NYG,11,KOFF,4,2,54,25,11,4,0,2,1,6,6,51,4,3,13,0,70,FG
100169,4280,701006,CAR,1,KOFF,1,0,43,9,2,0,0,0,0,1,1,0,1,0,0,0,1,INT
100170,4280,701008,SF,1,INT,1,2,56,78,7,3,1,0,0,11,5,0,1,0,0,0,11,FG
100171,4280,701016,CAR,2,KOFF,1,6,41,20,11,5,2,1,0,16,7,15,4,3,10,10,31,PUNT
100172,4280,701031,SF,2,PUNT,1,0,36,12,2,0,1,0,0,3,2,0,0,0,0,0,3,FUM
100173,4280,701035,SF,3,KOFF,1,3,37,14,7,4,0,3,0,1,2,41,5,3,0,0,42,PUNT
100174,4280,701043,CAR,3,PUNT,1,1,47,16,5,3,1,2,0,8,2,33,3,2,0,0,41,FUM
100175,4280,701048,SF,4,FUM,2,3,38,41,7,4,1,2,1,28,5,41,2,2,0,10,59,TD
100176,4280,701057,CAR,4,KOFF,2,0,22,22,1,1,0,1,0,0,0,78,1,1,0,0,78,TD
100177,4280,701060,SF,5,KOFF,2,1,21,25,3,0,0,0,0,-2,1,4,2,1,0,0,2,PUNT
100178,4280,701064,CAR,5,PUNT,2,3,30,18,7,4,2,0,0,28,4,5,3,1,0,0,33,PUNT
100179,4280,701072,SF,6,PUNT,2,3,1,12,7,3,0,2,0,8,3,25,4,2,0,0,33,PUNT
100180,4280,701080,CAR,6,PUNT,2,0,44,19,5,1,1,0,0,41,2,-1,3,1,0,10,30,PUNT
100181,4280,701087,SF,7,PUNT,2,0,22,2,3,0,0,0,0,4,3,0,0,0,0,0,4,PUNT
100182,4280,701091,CAR,7,PUNT,2,0,42,46,6,2,1,1,0,16,1,17,4,1,0,0,33,FG
100183,4280,701099,SF,8,KOFF,3,1,31,30,3,0,0,0,0,2,1,-1,2,1,0,0,1,PUNT
100184,4280,701103,CAR,8,PUNT,3,4,51,31,8,4,1,2,2,6,2,53,6,5,20,10,69,TD
100185,4280,701115,SF,9,KOFF,3,0,48,25,3,0,0,0,0,2,1,0,2,0,0,0,2,PUNT
100186,4280,701119,CAR,9,PUNT,3,2,54,25,6,3,0,3,0,-1,2,76,4,4,0,15,75,TD
100187,4280,701127,SF,10,KOFF,3,2,43,22,7,5,0,3,0,5,1,37,6,4,0,10,32,PUNT
100188,4280,701136,CAR,10,PUNT,3,3,12,9,6,2,1,1,0,25,4,0,2,0,0,0,25,FUM
100189,4280,701142,SF,11,FUM,4,1,26,83,4,0,0,0,1,2,1,-6,2,0,0,0,-4,FG
100190,4280,701147,SF,12,KOFF,4,0,4,99,1,1,1,0,0,1,1,0,0,0,0,0,1,TD
100191,4280,701150,CAR,11,KOFF,4,4,24,62,8,5,1,1,0,17,4,13,3,2,0,5,25,FG
100192,4280,701160,SF,13,KOFF,4,0,16,25,2,1,0,1,0,0,0,75,2,1,0,0,75,TD
100193,4280,701164,CAR,12,KOFF,4,3,43,29,9,2,0,2,0,4,3,36,5,2,0,0,40,FG
100194,4280,701174,SF,14,KOFF,4,0,11,25,2,0,0,0,0,0,0,0,2,0,0,0,0,INT
100195,4280,701176,CAR,13,INT,4,0,26,66,4,3,0,2,0,6,2,28,2,2,0,0,34,TD
100196,4280,701182,SF,15,KOFF,4,0,29,25,4,0,0,0,0,0,0,0,4,0,0,0,0,INT
100197,4280,701186,CAR,14,INT,4,1,56,73,4,0,0,0,0,9,3,0,0,0,0,5,4,FG
100198,4280,701192,SF,16,KOFF,4,1,6,25,4,3,0,2,0,0,0,21,4,3,0,0,21,ENDQ
100199,4281,701197,TEN,1,KOFF,1,7,3,7,10,4,1,2,0,13,6,37,3,2,10,0,60,MFG
100200,4281,701209,DET,1,MFG,1,0,37,41,3,0,0,0,0,1,1,0,2,0,0,0,1,PUNT
100201,4281,701213,TEN,2,PUNT,1,0,4,5,1,0,0,0,0,-5,1,0,0,0,0,0,-5,SAF
100202,4281,701215,DET,2,KOFF,1,3,1,21,8,6,2,3,0,12,3,72,5,4,5,10,79,TD
100203,4281,701227,TEN,3,KOFF,1,7,12,25,14,5,1,1,1,17,4,35,9,7,10,15,47,FG
100204,4281,701243,DET,3,KOFF,2,4,36,27,9,4,1,1,1,12,4,27,5,3,5,10,34,PUNT
100205,4281,701254,TEN,4,PUNT,2,2,25,7,4,1,1,0,0,67,2,-12,2,0,0,0,55,PUNT
100206,4281,701259,DET,4,PUNT,2,3,58,1,13,3,1,2,0,31,5,65,7,4,9,30,75,FG
100207,4281,701277,TEN,5,KOFF,2,0,49,18,3,1,0,0,0,0,0,7,3,1,0,0,7,PUNT
100208,4281,701281,DET,5,PUNT,2,0,15,34,1,0,0,0,0,0,0,-6,1,0,0,0,-6,ENDQ
100209,4281,701283,DET,6,KOFF,3,2,42,25,5,2,0,1,0,6,1,13,4,2,0,5,14,PUNT
100210,4281,701290,TEN,6,PUNT,3,3,28,6,7,4,2,1,0,15,3,21,4,2,0,0,36,INT
100211,4281,701297,DET,7,INT,3,7,10,28,14,6,2,2,1,64,6,19,7,3,15,35,63,FG
100212,4281,701316,TEN,7,KOFF,3,1,46,25,5,5,1,2,1,11,2,59,3,3,5,0,75,TD
100213,4281,701324,DET,8,KOFF,4,4,19,25,7,4,1,1,0,13,2,20,5,3,0,5,33,PUNT
100214,4281,701333,TEN,8,PUNT,4,1,55,9,4,0,0,0,1,3,1,3,3,1,8,0,14,PUNT
100215,4281,701339,DET,9,PUNT,4,1,36,36,3,1,0,0,0,-2,1,8,2,1,0,0,6,PUNT
100216,4281,701343,TEN,9,PUNT,4,5,51,17,14,9,1,5,0,19,4,74,9,9,0,10,83,TD
100217,4281,701359,DET,10,KOFF,4,0,55,25,6,1,0,1,0,0,0,20,6,2,0,0,20,INT
100218,4281,701365,TEN,10,INT,4,0,18,53,1,0,0,0,0,-1,1,0,0,0,0,0,-1,ENDQ
100219,4282,701367,LA,1,KOFF,1,4,22,25,9,5,0,2,1,-1,1,40,7,5,15,0,54,FG
100220,4282,701378,SEA,1,KOFF,1,1,45,25,3,0,0,0,0,-11,2,7,1,1,0,0,-4,PUNT
100221,4282,701382,LA,2,PUNT,1,2,0,39,3,1,0,0,0,8,1,7,2,1,0,10,5,PUNT
100222,4282,701387,SEA,2,PUNT,1,7,8,19,14,5,2,3,1,5,5,66,8,6,25,20,76,FG
100223,4282,701406,LA,3,KOFF,2,1,2,25,3,0,0,0,0,4,1,0,2,0,0,0,4,PUNT
100224,4282,701410,SEA,3,PUNT,2,3,20,19,5,2,0,1,0,16,3,8,2,1,0,10,14,PUNT
100225,4282,701417,LA,4,PUNT,2,1,28,38,3,0,0,0,0,3,1,6,2,1,0,0,9,PUNT
100226,4282,701421,SEA,4,PUNT,2,4,36,12,8,2,0,1,1,4,4,16,4,2,18,0,38,PUNT
100227,4282,701432,LA,5,PUNT,2,3,15,20,9,4,1,2,0,9,3,61,5,3,0,0,70,FG
100228,4282,701442,SEA,5,KOFF,2,1,4,14,7,4,0,3,0,0,0,36,7,4,0,0,36,ENDQ
100229,4282,701450,SEA,6,KOFF,3,4,8,25,6,3,1,0,0,27,4,-2,2,1,0,0,25,PUNT
100230,4282,701457,LA,6,PUNT,3,4,32,5,8,3,1,1,0,19,5,26,3,1,0,0,45,PUNT
100231,4282,701466,SEA,7,PUNT,3,2,42,10,5,2,2,0,0,26,4,0,1,0,0,0,26,PUNT
100232,4282,701472,LA,7,PUNT,3,4,28,13,9,5,0,3,0,10,4,53,4,3,0,5,58,FG
100233,4282,701483,SEA,8,KOFF,4,1,29,25,3,0,0,0,0,2,1,2,2,1,0,0,4,PUNT
100234,4282,701487,LA,8,PUNT,4,3,27,32,5,1,1,0,1,11,1,-8,4,1,24,5,27,PUNT
100235,4282,701495,SEA,9,PUNT,4,2,43,9,7,3,0,2,0,-2,1,42,6,3,0,10,30,PUNT
100236,4282,701504,LA,9,PUNT,4,4,38,11,10,3,0,2,1,3,6,34,4,3,15,5,47,PUNT
100237,4282,701517,SEA,10,PUNT,4,1,8,12,4,1,0,2,0,0,0,64,4,3,0,5,59,FUM
100238,4282,701522,LA,10,FUM,4,0,45,29,2,0,1,0,2,-2,2,0,0,0,15,0,13,ENDQ
100239,4283,701525,ARI,1,KOFF,1,1,50,25,5,2,0,1,0,0,1,11,4,2,0,0,11,PUNT
100240,4283,701531,TB,1,PUNT,1,2,42,17,6,5,2,1,0,19,3,15,3,2,0,0,34,INT
100241,4283,701537,ARI,2,INT,1,1,39,25,5,2,1,0,0,18,2,0,3,0,0,0,18,PUNT
100242,4283,701543,TB,2,PUNT,1,3,43,7,8,2,0,2,0,3,3,26,5,2,0,0,29,PUNT
100243,4283,701552,ARI,3,PUNT,1,5,12,33,11,6,0,4,1,7,5,56,6,5,4,0,67,TD
100244,4283,701566,TB,3,KOFF,2,0,49,25,2,0,0,0,0,1,1,0,1,0,0,0,1,INT
100245,4283,701568,ARI,4,INT,2,2,21,81,6,2,1,0,0,14,3,0,2,0,0,0,14,FG
100246,4283,701575,TB,4,KOFF,2,4,13,25,7,1,0,1,1,2,2,15,5,4,15,0,32,PUNT
100247,4283,701584,ARI,5,PUNT,2,2,8,9,3,0,0,0,0,5,2,4,1,1,0,0,9,PUNT
100248,4283,701588,TB,5,PUNT,2,2,17,49,5,2,0,2,0,1,1,18,4,3,0,0,19,FUM
100249,4283,701593,ARI,6,FUM,2,1,36,32,8,4,0,4,1,0,0,68,8,4,0,0,68,TD
100250,4283,701603,TB,6,KOFF,2,0,25,25,3,0,0,0,0,0,0,0,3,0,0,0,0,PUNT
100251,4283,701607,ARI,7,PUNT,2,0,45,26,4,4,0,2,0,10,1,74,3,3,0,10,74,TD
100252,4283,701614,TB,7,KOFF,2,0,20,13,3,0,0,0,0,1,2,-9,1,0,5,0,-3,ENDQ
100253,4283,701618,TB,8,KOFF,3,4,59,25,11,8,1,4,0,9,3,76,8,6,0,10,75,TD
100254,4283,701632,ARI,8,KOFF,3,2,5,25,5,1,0,1,0,-1,1,54,3,1,0,0,53,FG
100255,4283,701638,TB,9,KOFF,3,2,53,25,6,4,0,2,0,7,1,37,5,3,0,10,34,INT
100256,4283,701647,TB,10,KOFF,3,3,5,25,8,5,2,0,0,38,3,11,4,2,0,0,49,MFG
100257,4283,701655,ARI,9,MFG,3,4,47,35,8,6,2,2,0,28,6,37,2,2,0,0,65,TD
100258,4283,701665,TB,11,KOFF,4,2,29,25,5,1,0,1,0,4,2,12,3,1,0,0,16,PUNT
100259,4283,701671,ARI,10,PUNT,4,1,0,20,3,1,0,0,0,3,1,0,2,0,0,0,3,PUNT
100260,4283,701675,TB,12,PUNT,4,1,7,21,5,1,0,1,0,0,0,11,5,1,0,0,11,PUNT
100261,4283,701681,ARI,11,PUNT,4,3,47,18,6,2,0,1,0,11,4,11,2,1,0,0,22,PUNT
100262,4283,701688,TB,13,PUNT,4,0,51,19,4,1,0,1,0,0,0,13,4,2,0,0,13,PUNT
100263,4283,701693,ARI,12,PUNT,4,1,53,16,3,0,0,0,0,6,3,0,0,0,0,0,6,PUNT
100264,4283,701697,TB,14,PUNT,4,1,4,59,4,1,0,0,0,0,0,-4,4,1,0,5,-9,INT
100265,4284,701703,ATL,1,KOFF,1,4,21,25,9,6,2,0,1,24,4,16,5,2,5,5,40,PUNT
100266,4284,701715,OAK,1,PUNT,1,3,23,6,5,3,1,0,0,13,2,10,3,3,0,0,23,PUNT
100267,4284,701721,ATL,2,PUNT,1,2,58,4,6,2,0,1,0,6,3,11,3,1,0,0,17,PUNT
100268,4284,701728,OAK,2,PUNT,1,2,25,36,5,1,0,0,1,5,2,5,3,1,5,0,15,PUNT
100269,4284,701735,ATL,3,PUNT,1,4,55,9,11,7,1,4,0,29,5,59,5,5,0,0,88,FG
100270,4284,701747,OAK,3,KOFF,2,4,7,9,7,5,1,3,0,7,3,48,4,4,36,0,91,TD
100271,4284,701757,ATL,4,KOFF,2,3,5,25,10,6,1,4,0,12,3,63,7,4,0,0,75,TD
100272,4284,701769,OAK,4,KOFF,2,3,13,2,5,3,1,0,0,26,1,18,4,3,0,10,34,PUNT
100273,4284,701776,ATL,5,PUNT,2,0,55,91,4,0,0,0,0,6,2,1,1,1,0,0,7,FG
100274,4284,701781,OAK,5,KOFF,2,0,38,25,8,6,0,3,0,0,0,35,7,6,0,0,35,MFG
100275,4284,701790,OAK,6,KOFF,3,3,43,19,8,6,2,2,1,28,4,53,4,3,5,5,81,TD
100276,4284,701802,ATL,6,KOFF,3,1,49,25,4,2,1,1,0,20,2,44,2,1,0,0,64,INT
100277,4284,701806,OAK,7,INT,3,3,52,20,6,2,0,1,0,6,2,22,4,3,0,15,13,PUNT
100278,4284,701815,ATL,7,PUNT,3,1,54,15,6,6,1,3,0,4,1,81,4,4,0,0,85,TD
100279,4284,701822,OAK,8,KOFF,3,6,42,25,13,8,3,2,0,58,7,17,6,4,0,0,75,TD
100280,4284,701837,ATL,8,KOFF,4,2,31,25,6,4,1,2,0,14,2,66,4,4,0,5,75,TD
100281,4284,701845,OAK,9,KOFF,4,2,17,25,6,1,0,0,1,12,4,0,2,0,13,0,25,DWNS
100282,4284,701852,ATL,9,DWNS,4,2,37,50,5,4,1,2,0,20,3,25,2,2,5,0,50,TD
100283,4284,701860,OAK,10,KOFF,4,2,23,25,8,6,0,6,0,0,0,75,8,6,0,0,75,TD
100284,4284,701870,ATL,10,KOFF,4,2,10,13,6,2,0,1,0,4,4,23,2,2,0,0,27,PUNT
100285,4284,701877,OAK,11,PUNT,4,0,2,20,1,1,0,1,0,0,0,17,1,1,0,0,17,ENDQ
100286,4285,701879,DEN,1,KOFF,1,3,19,25,7,4,0,2,0,8,2,31,4,3,0,0,39,MFG
100287,4285,701886,IND,1,MFG,1,3,24,44,7,4,0,1,0,9,3,17,3,2,0,0,26,FG
100288,4285,701894,DEN,2,KOFF,1,2,47,25,7,3,0,2,0,7,2,63,4,2,0,0,70,FG
100289,4285,701902,IND,2,KOFF,1,1,6,25,3,0,0,0,0,3,1,0,2,0,0,0,3,PUNT
100290,4285,701906,DEN,3,PUNT,1,2,53,20,5,3,1,0,0,18,3,5,2,1,0,0,23,PUNT
100291,4285,701912,IND,3,PUNT,1,1,31,12,5,1,0,1,0,2,1,16,4,1,0,0,18,PUNT
100292,4285,701918,DEN,4,PUNT,2,3,19,31,6,6,3,1,1,24,4,29,2,2,16,0,69,TD
100293,4285,701927,IND,4,KOFF,2,1,47,25,3,1,0,0,0,8,1,-3,2,0,0,0,5,PUNT
100294,4285,701931,DEN,5,PUNT,2,3,35,31,8,3,0,3,0,5,2,44,6,4,0,0,49,INT
100295,4285,701939,IND,5,INT,2,3,36,45,9,3,1,1,0,8,2,13,6,2,0,0,21,FG
100296,4285,701949,DEN,6,KOFF,2,2,38,25,11,7,1,2,0,17,2,43,8,5,0,10,50,FG
100297,4285,701962,IND,6,KOFF,2,0,5,25,1,0,0,0,0,-1,1,0,0,0,0,0,-1,ENDQ
100298,4285,701964,IND,7,KOFF,3,6,54,21,13,6,2,2,1,42,8,33,5,2,14,10,79,TD
100299,4285,701983,DEN,7,KOFF,3,6,57,25,13,7,2,1,1,35,9,16,3,2,9,0,60,FG
100300,4285,701998,IND,8,KOFF,3,2,17,28,5,1,0,0,1,7,2,0,3,1,5,5,7,INT
100301,4285,702007,IND,9,KOFF,4,1,20,25,3,1,0,0,0,0,0,9,3,2,0,0,9,PUNT
100302,4285,702011,DEN,8,PUNT,4,3,2,16,5,1,0,0,1,7,3,6,2,1,18,0,31,PUNT
100303,4285,702018,IND,10,PUNT,4,5,28,20,12,8,1,4,0,5,2,65,10,7,15,5,80,TD
100304,4285,702033,DEN,9,KOFF,4,2,11,25,8,3,0,2,0,13,4,29,3,2,21,5,58,FG
100305,4285,702044,IND,11,KOFF,4,0,9,25,1,0,0,1,0,0,0,-10,1,0,0,0,-10,FUM
100306,4285,702047,IND,12,KOFF,4,1,42,25,6,3,0,2,0,0,0,30,6,4,5,10,25,ENDQ
100307,4286,702056,SD,1,KOFF,1,4,46,25,8,6,4,1,0,58,6,17,2,2,0,0,75,TD
100308,4286,702066,JAC,1,KOFF,1,2,10,19,3,0,0,0,0,-1,1,11,2,2,0,5,5,PUNT
100309,4286,702071,SD,2,PUNT,1,3,0,33,5,3,1,0,0,4,3,9,2,1,0,0,13,PUNT
100310,4286,702077,JAC,2,PUNT,1,1,36,14,3,1,0,0,0,6,2,0,1,0,0,0,6,INT
100311,4286,702080,SD,3,INT,1,3,34,66,7,4,0,3,0,5,3,29,4,4,0,0,34,TD
100312,4286,702089,JAC,3,KOFF,2,2,49,25,6,3,1,1,0,15,1,24,4,3,0,0,39,MFG
100313,4286,702095,SD,4,MFG,2,2,11,44,5,2,0,2,1,2,1,52,4,3,2,0,56,TD
100314,4286,702103,JAC,4,KOFF,2,1,5,25,3,0,0,1,0,0,0,3,3,1,0,10,-7,FUM
100315,4286,702107,SD,5,FUM,2,3,36,82,6,3,1,1,1,13,3,3,3,1,0,4,12,FUM
100316,4286,702116,JAC,5,FUM,2,2,27,6,5,4,1,1,1,5,1,36,4,3,14,0,55,INT
100317,4286,702122,SD,6,INT,2,1,55,31,3,0,0,0,0,1,1,-3,2,1,0,0,-2,PUNT
100318,4286,702126,JAC,6,PUNT,2,0,51,8,5,3,0,2,0,0,0,44,5,4,0,0,44,ENDQ
100319,4286,702132,JAC,7,KOFF,3,2,33,24,3,0,0,0,0,3,2,8,1,1,0,10,1,PUNT
100320,4286,702137,SD,7,PUNT,3,1,33,45,3,1,0,1,0,-2,2,44,1,1,13,0,55,TD
100321,4286,702143,JAC,8,KOFF,3,1,15,25,4,1,0,1,0,0,0,17,4,1,0,5,12,PUNT
100322,4286,702149,SD,8,PUNT,3,1,47,19,4,1,1,0,0,19,1,-5,3,1,0,0,14,PUNT
100323,4286,702154,JAC,9,PUNT,3,0,46,28,4,1,0,1,0,0,0,24,4,1,0,0,24,PUNT
100324,4286,702159,SD,9,PUNT,3,4,18,7,7,5,2,1,1,28,5,45,2,1,20,0,93,TD
100325,4286,702169,JAC,10,KOFF,3,4,56,25,12,7,2,3,0,27,2,48,10,7,0,0,75,TD
100326,4286,702183,SD,10,KOFF,4,5,52,57,11,5,1,2,0,15,6,16,4,2,5,0,36,FG
100327,4286,702196,JAC,11,KOFF,4,2,12,25,7,4,1,1,0,7,1,51,6,3,0,0,58,DWNS
100328,4286,702203,SD,11,DWNS,4,1,14,17,3,2,0,0,0,8,2,0,1,0,0,5,3,PUNT
100329,4286,702208,JAC,12,PUNT,4,2,31,40,9,5,1,3,0,7,1,53,8,5,0,0,60,TD
100330,4286,702219,SD,12,KOFF,4,1,3,57,2,0,0,0,0,-1,2,0,0,0,0,0,-1,ENDQ
100331,4287,702222,MIN,1,KOFF,1,2,49,25,6,1,0,1,0,2,2,15,4,2,0,0,17,PUNT
100332,4287,702229,GB,1,PUNT,1,1,7,10,4,1,0,1,0,5,1,3,3,1,0,0,5,PUNT
100333,4287,702234,MIN,2,PUNT,1,2,17,47,3,0,0,0,0,0,0,4,3,2,0,0,4,PUNT
100334,4287,702238,GB,2,PUNT,1,3,8,48,5,4,0,1,1,5,3,6,2,2,41,0,52,TD
100335,4287,702247,MIN,3,KOFF,1,3,8,23,5,1,0,1,0,-1,2,26,3,2,0,5,20,PUNT
100336,4287,702254,GB,3,PUNT,1,2,31,10,5,2,0,1,0,2,1,0,4,2,0,0,2,PUNT
100337,4287,702260,MIN,4,PUNT,2,4,46,46,10,5,0,4,0,-4,1,68,9,7,0,10,54,TD
100338,4287,702274,GB,4,KOFF,2,1,40,25,3,0,0,0,0,6,2,0,1,0,0,0,6,PUNT
100339,4287,702278,MIN,5,PUNT,2,1,36,34,3,1,0,0,0,4,1,-7,2,0,0,0,-3,PUNT
100340,4287,702282,GB,5,PUNT,2,2,17,24,6,2,0,1,0,1,1,28,5,2,0,0,29,PUNT
100341,4287,702289,MIN,6,PUNT,2,4,14,13,8,4,1,1,0,11,3,53,4,3,0,5,59,FG
100342,4287,702299,GB,6,KOFF,2,0,27,25,1,1,0,0,0,0,0,9,1,1,5,10,4,ENDQ
100343,4287,702303,GB,7,KOFF,3,1,58,24,3,1,0,0,0,9,1,10,2,1,0,10,9,PUNT
100344,4287,702308,MIN,7,PUNT,3,2,28,23,4,2,0,1,0,-2,1,13,3,2,15,0,26,PUNT
100345,4287,702313,GB,8,PUNT,3,5,37,14,10,4,2,1,0,19,5,26,5,3,18,0,73,DWNS
100346,4287,702325,MIN,8,DWNS,3,2,46,13,6,5,0,3,0,11,3,76,3,3,0,0,87,TD
100347,4287,702333,GB,9,KOFF,3,4,30,25,10,3,1,2,1,12,5,45,5,2,28,25,75,TD
100348,4287,702346,MIN,9,KOFF,4,2,9,44,3,0,0,0,0,-2,2,15,1,1,0,15,-2,PUNT
100349,4287,702350,GB,10,PUNT,4,3,39,15,8,4,1,3,0,14,3,27,5,3,0,0,41,FUM
100350,4287,702358,MIN,10,FUM,4,2,15,44,4,1,1,0,1,11,2,-9,2,0,0,5,2,PUNT
100351,4287,702364,GB,11,PUNT,4,2,48,9,9,3,1,2,0,10,1,26,8,3,0,0,36,INT
100352,4287,702373,MIN,11,INT,4,1,50,45,6,1,0,0,1,0,5,0,1,0,12,5,7,DWNS
100353,4288,702382,CHI,1,KOFF,1,1,23,24,3,0,0,0,0,0,1,-10,2,0,0,0,-10,PUNT
100354,4288,702386,PHI,1,PUNT,1,7,26,46,13,5,0,3,0,5,2,42,10,8,0,0,47,FG
100355,4288,702400,CHI,2,KOFF,1,4,10,25,8,3,0,3,0,2,1,70,6,5,0,10,62,MFG
100356,4288,702409,PHI,2,MFG,1,2,1,21,3,1,0,0,0,7,1,4,2,1,0,10,1,PUNT
100357,4288,702414,CHI,3,PUNT,2,3,44,35,6,4,2,1,0,4,4,57,2,2,4,0,65,TD
100358,4288,702423,PHI,3,KOFF,2,1,59,26,3,0,0,0,0,0,2,0,1,0,0,10,-10,PUNT
100359,4288,702428,CHI,4,PUNT,2,1,39,52,3,1,0,0,0,0,0,8,3,1,0,0,8,PUNT
100360,4288,702432,PHI,4,PUNT,2,5,11,12,11,4,0,3,0,9,5,54,5,3,14,0,77,FG
100361,4288,702444,CHI,5,KOFF,2,0,49,14,3,1,0,0,0,4,1,9,2,2,0,5,8,PUNT
100362,4288,702449,PHI,5,PUNT,2,1,38,27,8,3,0,2,0,0,0,38,7,3,0,0,38,FG
100363,4288,702459,PHI,6,KOFF,3,2,16,26,3,0,0,0,0,2,1,-7,2,0,0,5,-10,PUNT
100364,4288,702464,CHI,6,PUNT,3,1,58,29,4,3,1,2,0,16,1,8,3,2,0,0,24,FUM
100365,4288,702468,PHI,7,FUM,3,1,10,47,3,0,0,0,1,7,1,0,2,0,0,0,7,PUNT
100366,4288,702472,CHI,7,PUNT,3,4,12,11,8,6,2,0,0,35,7,0,1,0,0,0,35,PUNT
100367,4288,702481,PHI,8,PUNT,3,4,31,32,8,8,3,2,0,27,5,41,3,3,0,0,68,TD
100368,4288,702491,CHI,8,KOFF,3,0,17,24,1,0,0,0,0,0,0,0,1,0,0,0,0,INT
100369,4288,702492,PHI,9,INT,3,0,4,98,1,1,0,1,0,0,0,2,1,1,0,0,2,TD
100370,4288,702495,CHI,9,KOFF,3,1,51,25,5,3,1,2,0,-1,2,22,3,3,0,0,21,FUM
100371,4288,702500,PHI,10,FUM,4,3,5,54,6,3,3,0,1,45,5,0,1,0,1,0,46,TD
100372,4288,702509,CHI,10,KOFF,4,3,49,21,10,7,1,2,0,4,1,56,9,6,0,0,60,DWNS
100373,4288,702519,PHI,11,DWNS,4,1,39,19,3,0,0,0,0,-1,2,-1,1,1,0,5,-7,PUNT
100374,4288,702526,PHI,12,PUNT,4,5,8,49,9,3,2,1,1,-1,8,7,1,1,20,0,26,ENDQ
100375,4289,702537,HOU,1,KOFF,1,2,44,25,6,2,0,1,0,9,3,3,3,1,0,0,12,PUNT
100376,4289,702544,NE,1,PUNT,1,1,20,31,3,1,0,0,0,0,1,6,2,1,0,0,6,PUNT
100377,4289,702548,HOU,2,PUNT,1,3,57,11,7,3,1,1,0,18,5,18,2,1,0,0,36,PUNT
100378,4289,702556,NE,2,PUNT,1,4,58,20,10,7,1,1,1,25,5,37,4,3,12,0,74,FG
100379,4289,702568,NE,3,KOFF,1,0,7,78,1,1,1,0,0,27,1,0,0,0,0,5,22,TD
100380,4289,702572,HOU,3,KOFF,1,3,14,25,7,2,1,1,0,4,3,21,4,2,0,5,20,INT
100381,4289,702580,NE,4,INT,2,1,58,57,3,0,0,0,0,3,2,-6,1,0,0,0,-3,PUNT
100382,4289,702584,HOU,4,PUNT,2,3,27,10,7,3,1,1,0,7,3,21,4,2,0,0,28,PUNT
100383,4289,702592,NE,5,PUNT,2,3,22,18,6,2,0,1,0,9,4,16,2,1,0,5,20,PUNT
100384,4289,702600,HOU,5,PUNT,2,3,36,10,7,6,2,1,0,14,3,26,4,4,0,0,40,PUNT
100385,4289,702608,NE,6,PUNT,2,1,17,14,5,3,1,0,0,18,5,0,0,0,0,0,18,ENDQ
100386,4289,702614,NE,7,KOFF,3,6,48,22,13,8,2,2,0,38,8,33,4,3,0,0,71,FG
100387,4289,702628,NE,8,KOFF,3,2,31,79,6,3,2,0,0,8,4,6,2,1,7,0,21,TD
100388,4289,702638,HOU,6,KOFF,3,0,50,23,4,1,0,1,0,0,0,16,4,1,0,0,16,PUNT
100389,4289,702643,NE,9,PUNT,3,1,24,16,3,1,0,0,0,4,1,3,2,1,0,0,7,PUNT
100390,4289,702647,HOU,7,PUNT,3,4,15,20,9,6,1,2,0,3,2,41,7,6,0,0,44,DWNS
100391,4289,702656,NE,10,DWNS,4,0,45,36,3,0,0,0,0,1,1,0,2,0,0,0,1,PUNT
100392,4289,702660,HOU,8,PUNT,4,1,47,14,3,0,0,0,0,11,2,-10,1,0,0,4,-3,PUNT
100393,4289,702664,NE,11,PUNT,4,0,40,53,2,2,1,0,0,47,2,0,0,0,0,0,47,TD
100394,4289,702668,HOU,9,KOFF,4,2,41,25,7,4,1,0,0,15,2,15,5,3,0,0,30,DWNS
100395,4289,702675,NE,12,DWNS,4,1,38,46,3,0,0,0,0,0,2,2,1,1,0,0,2,PUNT
100396,4289,702679,HOU,10,PUNT,4,3,30,5,11,4,1,2,0,16,2,24,9,4,0,0,40,DWNS
100397,4289,702690,NE,13,DWNS,4,2,3,56,3,0,0,0,0,5,3,0,0,0,0,5,5,PUNT
100398,4289,702695,HOU,11,PUNT,4,1,8,4,2,1,0,0,0,12,2,0,0,0,0,0,12,ENDQ
